{
	"__comment": "Designed by Miranthir with Cubik Studio - https://cubik.studio",
	"textures": {
		"texture": "./bone_scythe"
	},
	"elements": [
		{
			"__comment": "Box1",
			"from": [ -3, 0, 20 ],
			"to": [ -2, 1, 21 ],
			"faces": {
				"down": { "uv": [ 4, 15, 3, 14 ], "texture": "#texture" },
				"up": { "uv": [ 4, 14, 3, 15 ], "texture": "#texture" },
				"south": { "uv": [ 3, 14, 4, 15 ], "texture": "#texture", "rotation": 270 },
				"west": { "uv": [ 3, 14, 4, 15 ], "texture": "#texture", "rotation": 270 },
				"east": { "uv": [ 4, 14, 3, 15 ], "texture": "#texture", "rotation": 90 }
			}
		},
		{
			"__comment": "Box2",
			"from": [ -5, 0, 18 ],
			"to": [ -1, 1, 20 ],
			"faces": {
				"down": { "uv": [ 1, 14, 5, 12 ], "texture": "#texture" },
				"up": { "uv": [ 1, 12, 5, 14 ], "texture": "#texture" },
				"north": { "uv": [ 5, 12, 1, 13 ], "texture": "#texture" },
				"south": { "uv": [ 1, 13, 5, 14 ], "texture": "#texture" },
				"west": { "uv": [ 1, 12, 2, 14 ], "texture": "#texture", "rotation": 270 },
				"east": { "uv": [ 4, 12, 5, 14 ], "texture": "#texture" }
			}
		},
		{
			"__comment": "Box3",
			"from": [ -4, 0, 17 ],
			"to": [ 0, 1, 18 ],
			"faces": {
				"down": { "uv": [ 2, 11, 6, 12 ], "texture": "#texture" },
				"up": { "uv": [ 2, 11, 6, 12 ], "texture": "#texture" },
				"north": { "uv": [ 6, 11, 2, 12 ], "texture": "#texture" },
				"south": { "uv": [ 2, 11, 6, 12 ], "texture": "#texture" },
				"west": { "uv": [ 2, 11, 3, 12 ], "texture": "#texture" },
				"east": { "uv": [ 5, 11, 6, 12 ], "texture": "#texture" }
			}
		},
		{
			"__comment": "Box4",
			"from": [ -2, 0, 16 ],
			"to": [ 1, 1, 17 ],
			"faces": {
				"down": { "uv": [ 4, 10, 7, 11 ], "texture": "#texture" },
				"up": { "uv": [ 4, 10, 7, 11 ], "texture": "#texture" },
				"north": { "uv": [ 7, 10, 4, 11 ], "texture": "#texture" },
				"south": { "uv": [ 4, 10, 7, 11 ], "texture": "#texture" },
				"west": { "uv": [ 4, 10, 5, 11 ], "texture": "#texture" },
				"east": { "uv": [ 6, 10, 7, 11 ], "texture": "#texture" }
			}
		},
		{
			"__comment": "Box5",
			"from": [ -1, 0, 15 ],
			"to": [ 2, 1, 16 ],
			"faces": {
				"down": { "uv": [ 5, 9, 8, 10 ], "texture": "#texture" },
				"up": { "uv": [ 5, 9, 8, 10 ], "texture": "#texture" },
				"north": { "uv": [ 8, 9, 5, 10 ], "texture": "#texture" },
				"south": { "uv": [ 5, 9, 8, 10 ], "texture": "#texture" },
				"west": { "uv": [ 5, 9, 6, 10 ], "texture": "#texture" },
				"east": { "uv": [ 7, 9, 8, 10 ], "texture": "#texture" }
			}
		},
		{
			"__comment": "Box10",
			"from": [ 9, 0, 4 ],
			"to": [ 14, 1, 5 ],
			"faces": {
				"down": { "uv": [ 9, 4, 14, 5 ], "texture": "#texture" },
				"up": { "uv": [ 9, 4, 14, 5 ], "texture": "#texture" },
				"north": { "uv": [ 14, 4, 9, 5 ], "texture": "#texture" },
				"south": { "uv": [ 9, 4, 14, 5 ], "texture": "#texture" },
				"west": { "uv": [ 9, 4, 10, 5 ], "texture": "#texture" },
				"east": { "uv": [ 13, 4, 14, 5 ], "texture": "#texture" }
			}
		},
		{
			"__comment": "Box11",
			"from": [ 10, 0, 3 ],
			"to": [ 15, 1, 4 ],
			"faces": {
				"down": { "uv": [ 10, 3, 15, 4 ], "texture": "#texture" },
				"up": { "uv": [ 10, 3, 15, 4 ], "texture": "#texture" },
				"north": { "uv": [ 15, 3, 10, 4 ], "texture": "#texture" },
				"south": { "uv": [ 10, 3, 15, 4 ], "texture": "#texture" },
				"west": { "uv": [ 10, 3, 11, 4 ], "texture": "#texture" },
				"east": { "uv": [ 14, 3, 15, 4 ], "texture": "#texture" }
			}
		},
		{
			"__comment": "Box12",
			"from": [ 9, 0, 2 ],
			"to": [ 14, 1, 3 ],
			"faces": {
				"down": { "uv": [ 9, 2, 14, 3 ], "texture": "#texture" },
				"up": { "uv": [ 9, 2, 14, 3 ], "texture": "#texture" },
				"north": { "uv": [ 14, 2, 9, 3 ], "texture": "#texture" },
				"south": { "uv": [ 9, 2, 14, 3 ], "texture": "#texture" },
				"west": { "uv": [ 9, 2, 10, 3 ], "texture": "#texture" },
				"east": { "uv": [ 13, 2, 14, 3 ], "texture": "#texture" }
			}
		},
		{
			"__comment": "Box13",
			"from": [ 4, 0, 1 ],
			"to": [ 14, 1, 2 ],
			"faces": {
				"down": { "uv": [ 4, 1, 14, 2 ], "texture": "#texture" },
				"up": { "uv": [ 4, 1, 14, 2 ], "texture": "#texture" },
				"north": { "uv": [ 14, 1, 4, 2 ], "texture": "#texture" },
				"south": { "uv": [ 4, 1, 14, 2 ], "texture": "#texture" },
				"west": { "uv": [ 4, 1, 5, 2 ], "texture": "#texture" },
				"east": { "uv": [ 13, 1, 14, 2 ], "texture": "#texture" }
			}
		},
		{
			"__comment": "Box14",
			"from": [ 5, 0, 0 ],
			"to": [ 12, 1, 1 ],
			"faces": {
				"down": { "uv": [ 5, 0, 12, 1 ], "texture": "#texture" },
				"up": { "uv": [ 5, 0, 12, 1 ], "texture": "#texture" },
				"north": { "uv": [ 12, 0, 5, 1 ], "texture": "#texture" },
				"west": { "uv": [ 5, 0, 6, 1 ], "texture": "#texture" },
				"east": { "uv": [ 11, 0, 12, 1 ], "texture": "#texture" }
			}
		},
		{
			"__comment": "Box15",
			"from": [ 3, 0, 2 ],
			"to": [ 6, 1, 3 ],
			"faces": {
				"down": { "uv": [ 3, 2, 6, 3 ], "texture": "#texture" },
				"up": { "uv": [ 3, 2, 6, 3 ], "texture": "#texture" },
				"north": { "uv": [ 6, 2, 3, 3 ], "texture": "#texture" },
				"south": { "uv": [ 3, 2, 6, 3 ], "texture": "#texture" },
				"west": { "uv": [ 3, 2, 4, 3 ], "texture": "#texture" },
				"east": { "uv": [ 5, 2, 6, 3 ], "texture": "#texture" }
			}
		},
		{
			"__comment": "Box5",
			"from": [ 2, 0, 12 ],
			"to": [ 5, 1, 13 ],
			"faces": {
				"down": { "uv": [ 5, 9, 8, 10 ], "texture": "#texture" },
				"up": { "uv": [ 5, 9, 8, 10 ], "texture": "#texture" },
				"north": { "uv": [ 8, 9, 5, 10 ], "texture": "#texture" },
				"south": { "uv": [ 5, 9, 8, 10 ], "texture": "#texture" },
				"west": { "uv": [ 5, 9, 6, 10 ], "texture": "#texture" },
				"east": { "uv": [ 7, 9, 8, 10 ], "texture": "#texture" }
			}
		},
		{
			"__comment": "Box5",
			"from": [ 3, 0, 11 ],
			"to": [ 6, 1, 12 ],
			"faces": {
				"down": { "uv": [ 5, 9, 8, 10 ], "texture": "#texture" },
				"up": { "uv": [ 5, 9, 8, 10 ], "texture": "#texture" },
				"north": { "uv": [ 8, 9, 5, 10 ], "texture": "#texture" },
				"south": { "uv": [ 5, 9, 8, 10 ], "texture": "#texture" },
				"west": { "uv": [ 5, 9, 6, 10 ], "texture": "#texture" },
				"east": { "uv": [ 7, 9, 8, 10 ], "texture": "#texture" }
			}
		},
		{
			"__comment": "Box5",
			"from": [ 4, 0, 10 ],
			"to": [ 7, 1, 11 ],
			"faces": {
				"down": { "uv": [ 5, 9, 8, 10 ], "texture": "#texture" },
				"up": { "uv": [ 5, 9, 8, 10 ], "texture": "#texture" },
				"north": { "uv": [ 8, 9, 5, 10 ], "texture": "#texture" },
				"south": { "uv": [ 5, 9, 8, 10 ], "texture": "#texture" },
				"west": { "uv": [ 5, 9, 6, 10 ], "texture": "#texture" },
				"east": { "uv": [ 7, 9, 8, 10 ], "texture": "#texture" }
			}
		},
		{
			"__comment": "Box5",
			"from": [ 0, 0, 14 ],
			"to": [ 3, 1, 15 ],
			"faces": {
				"down": { "uv": [ 5, 9, 8, 10 ], "texture": "#texture" },
				"up": { "uv": [ 5, 9, 8, 10 ], "texture": "#texture" },
				"north": { "uv": [ 8, 9, 5, 10 ], "texture": "#texture" },
				"south": { "uv": [ 5, 9, 8, 10 ], "texture": "#texture" },
				"west": { "uv": [ 5, 9, 6, 10 ], "texture": "#texture" },
				"east": { "uv": [ 7, 9, 8, 10 ], "texture": "#texture" }
			}
		},
		{
			"__comment": "Box5",
			"from": [ 1, 0, 13 ],
			"to": [ 4, 1, 14 ],
			"faces": {
				"down": { "uv": [ 5, 9, 8, 10 ], "texture": "#texture" },
				"up": { "uv": [ 5, 9, 8, 10 ], "texture": "#texture" },
				"north": { "uv": [ 8, 9, 5, 10 ], "texture": "#texture" },
				"south": { "uv": [ 5, 9, 8, 10 ], "texture": "#texture" },
				"west": { "uv": [ 5, 9, 6, 10 ], "texture": "#texture" },
				"east": { "uv": [ 7, 9, 8, 10 ], "texture": "#texture" }
			}
		},
		{
			"__comment": "Box5",
			"from": [ 5, 0, 9 ],
			"to": [ 8, 1, 10 ],
			"faces": {
				"down": { "uv": [ 5, 9, 8, 10 ], "texture": "#texture" },
				"up": { "uv": [ 5, 9, 8, 10 ], "texture": "#texture" },
				"north": { "uv": [ 8, 9, 5, 10 ], "texture": "#texture" },
				"south": { "uv": [ 5, 9, 8, 10 ], "texture": "#texture" },
				"west": { "uv": [ 5, 9, 6, 10 ], "texture": "#texture" },
				"east": { "uv": [ 7, 9, 8, 10 ], "texture": "#texture" }
			}
		},
		{
			"__comment": "Box5",
			"from": [ 6, 0, 8 ],
			"to": [ 9, 1, 9 ],
			"faces": {
				"down": { "uv": [ 5, 9, 8, 10 ], "texture": "#texture" },
				"up": { "uv": [ 5, 9, 8, 10 ], "texture": "#texture" },
				"north": { "uv": [ 8, 9, 5, 10 ], "texture": "#texture" },
				"south": { "uv": [ 5, 9, 8, 10 ], "texture": "#texture" },
				"west": { "uv": [ 5, 9, 6, 10 ], "texture": "#texture" },
				"east": { "uv": [ 7, 9, 8, 10 ], "texture": "#texture" }
			}
		},
		{
			"__comment": "Box5",
			"from": [ 7, 0, 7 ],
			"to": [ 10, 1, 8 ],
			"faces": {
				"down": { "uv": [ 5, 9, 8, 10 ], "texture": "#texture" },
				"up": { "uv": [ 5, 9, 8, 10 ], "texture": "#texture" },
				"north": { "uv": [ 8, 9, 5, 10 ], "texture": "#texture" },
				"south": { "uv": [ 5, 9, 8, 10 ], "texture": "#texture" },
				"west": { "uv": [ 5, 9, 6, 10 ], "texture": "#texture" },
				"east": { "uv": [ 7, 9, 8, 10 ], "texture": "#texture" }
			}
		},
		{
			"__comment": "Box5",
			"from": [ 8, 0, 6 ],
			"to": [ 11, 1, 7 ],
			"faces": {
				"down": { "uv": [ 5, 9, 8, 10 ], "texture": "#texture" },
				"up": { "uv": [ 5, 9, 8, 10 ], "texture": "#texture" },
				"north": { "uv": [ 8, 9, 5, 10 ], "texture": "#texture" },
				"south": { "uv": [ 5, 9, 8, 10 ], "texture": "#texture" },
				"west": { "uv": [ 5, 9, 6, 10 ], "texture": "#texture" },
				"east": { "uv": [ 7, 9, 8, 10 ], "texture": "#texture" }
			}
		},
		{
			"__comment": "Box5",
			"from": [ 9, 0, 5 ],
			"to": [ 12, 1, 6 ],
			"faces": {
				"down": { "uv": [ 5, 9, 8, 10 ], "texture": "#texture" },
				"up": { "uv": [ 5, 9, 8, 10 ], "texture": "#texture" },
				"north": { "uv": [ 8, 9, 5, 10 ], "texture": "#texture" },
				"south": { "uv": [ 5, 9, 8, 10 ], "texture": "#texture" },
				"west": { "uv": [ 5, 9, 6, 10 ], "texture": "#texture" },
				"east": { "uv": [ 7, 9, 8, 10 ], "texture": "#texture" }
			}
		}
	],
	"display": {
		"thirdperson_righthand": {
			"rotation":  [ 60, 0, 90 ],
			"translation":  [ -7.5, 7.6521, 4 ]
		},
		"thirdperson_lefthand": {
			"rotation":  [ 60, 0, -90 ],
			"translation":  [ 7.5, 7.6521, 4 ]
		},
		"firstperson_righthand": {
			"rotation":  [ 30, 0, 50 ],
			"translation":  [ 3, 11, -6 ]
		},
		"firstperson_lefthand": {
			"rotation":  [ 30, 0, -130 ],
			"translation":  [ 12.304, 1.3913, -9 ]
		},
		"gui": {
			"rotation":  [ 0, -90, 90 ],
			"translation":  [ 1.75, 2, -5.5 ],
			"scale":  [ 0.75, 0.75, 0.75 ]
		},
		"head": {
			"rotation":  [ -121, -1, 88 ],
			"translation":  [ 5.3, -3.5, 0 ],
			"scale":  [ 0.2, 0.2, 0.2 ]
		},
		"ground": {
			"rotation":  [ 0, 0, 90 ],
			"translation":  [ -5.5, 6.5, -2.086 ],
			"scale":  [ 0.75, 0.75, 0.75 ]
		},
		"fixed": {
			"rotation":  [ 90, 0, 0 ],
			"translation":  [ 3, 2, 8.5 ]
		}
	}
}