{
	"__comment": "Model generated by Tanou using MrCrayfish's Model Creator (http://mrcrayfish.com/modelcreator/)",
	"textures": {
		"0": "./hache_double_en_fer"
	},
	"elements": [
		{
			"from": [ -4, 0, 19 ],
			"to": [ -3, 1, 20 ],
			"faces": {
				"down": { "uv": [ 0, 15, 1, 16 ], "texture": "#0" },
				"up": { "uv": [ 0, 15, 1, 16 ], "texture": "#0" },
				"north": { "uv": [ 0, 15, 1, 16 ], "texture": "#0" },
				"south": { "uv": [ 0, 15, 1, 16 ], "texture": "#0" },
				"west": { "uv": [ 0, 15, 1, 16 ], "texture": "#0" },
				"east": { "uv": [ 0, 15, 1, 16 ], "texture": "#0" }
			}
		},
		{
			"from": [ -3, 0, 19 ],
			"to": [ -2, 1, 20 ],
			"faces": {
				"down": { "uv": [ 0, 15, 1, 16 ], "texture": "#0" },
				"up": { "uv": [ 0, 15, 1, 16 ], "texture": "#0" },
				"north": { "uv": [ 0, 15, 1, 16 ], "texture": "#0" },
				"south": { "uv": [ 0, 15, 1, 16 ], "texture": "#0" },
				"west": { "uv": [ 0, 15, 1, 16 ], "texture": "#0" },
				"east": { "uv": [ 0, 15, 1, 16 ], "texture": "#0" }
			}
		},
		{
			"from": [ -2, 0, 18 ],
			"to": [ -1, 1, 19 ],
			"faces": {
				"down": { "uv": [ 0, 15, 1, 16 ], "texture": "#0" },
				"up": { "uv": [ 0, 15, 1, 16 ], "texture": "#0" },
				"north": { "uv": [ 0, 15, 1, 16 ], "texture": "#0" },
				"south": { "uv": [ 0, 15, 1, 16 ], "texture": "#0" },
				"west": { "uv": [ 0, 15, 1, 16 ], "texture": "#0" },
				"east": { "uv": [ 0, 15, 1, 16 ], "texture": "#0" }
			}
		},
		{
			"from": [ -1, 0, 17 ],
			"to": [ 0, 1, 18 ],
			"faces": {
				"down": { "uv": [ 0, 15, 1, 16 ], "texture": "#0" },
				"up": { "uv": [ 0, 15, 1, 16 ], "texture": "#0" },
				"north": { "uv": [ 0, 15, 1, 16 ], "texture": "#0" },
				"south": { "uv": [ 0, 15, 1, 16 ], "texture": "#0" },
				"west": { "uv": [ 0, 15, 1, 16 ], "texture": "#0" },
				"east": { "uv": [ 0, 15, 1, 16 ], "texture": "#0" }
			}
		},
		{
			"from": [ 0, 0, 16 ],
			"to": [ 1, 1, 17 ],
			"faces": {
				"down": { "uv": [ 0, 15, 1, 16 ], "texture": "#0" },
				"up": { "uv": [ 0, 15, 1, 16 ], "texture": "#0" },
				"north": { "uv": [ 0, 15, 1, 16 ], "texture": "#0" },
				"south": { "uv": [ 0, 15, 1, 16 ], "texture": "#0" },
				"west": { "uv": [ 0, 15, 1, 16 ], "texture": "#0" },
				"east": { "uv": [ 0, 15, 1, 16 ], "texture": "#0" }
			}
		},
		{
			"from": [ 1, 0, 15 ],
			"to": [ 2, 1, 16 ],
			"faces": {
				"down": { "uv": [ 0, 15, 1, 16 ], "texture": "#0" },
				"up": { "uv": [ 0, 15, 1, 16 ], "texture": "#0" },
				"north": { "uv": [ 0, 15, 1, 16 ], "texture": "#0" },
				"south": { "uv": [ 0, 15, 1, 16 ], "texture": "#0" },
				"west": { "uv": [ 0, 15, 1, 16 ], "texture": "#0" },
				"east": { "uv": [ 0, 15, 1, 16 ], "texture": "#0" }
			}
		},
		{
			"from": [ 2, 0, 14 ],
			"to": [ 3, 1, 15 ],
			"faces": {
				"down": { "uv": [ 0, 15, 1, 16 ], "texture": "#0" },
				"up": { "uv": [ 0, 15, 1, 16 ], "texture": "#0" },
				"north": { "uv": [ 0, 15, 1, 16 ], "texture": "#0" },
				"south": { "uv": [ 0, 15, 1, 16 ], "texture": "#0" },
				"west": { "uv": [ 0, 15, 1, 16 ], "texture": "#0" },
				"east": { "uv": [ 0, 15, 1, 16 ], "texture": "#0" }
			}
		},
		{
			"from": [ 3, 0, 13 ],
			"to": [ 4, 1, 14 ],
			"faces": {
				"down": { "uv": [ 0, 15, 1, 16 ], "texture": "#0" },
				"up": { "uv": [ 0, 15, 1, 16 ], "texture": "#0" },
				"north": { "uv": [ 0, 15, 1, 16 ], "texture": "#0" },
				"south": { "uv": [ 0, 15, 1, 16 ], "texture": "#0" },
				"west": { "uv": [ 0, 15, 1, 16 ], "texture": "#0" },
				"east": { "uv": [ 0, 15, 1, 16 ], "texture": "#0" }
			}
		},
		{
			"from": [ 4, 0, 12 ],
			"to": [ 5, 1, 13 ],
			"faces": {
				"down": { "uv": [ 0, 15, 1, 16 ], "texture": "#0" },
				"up": { "uv": [ 0, 15, 1, 16 ], "texture": "#0" },
				"north": { "uv": [ 0, 15, 1, 16 ], "texture": "#0" },
				"south": { "uv": [ 0, 15, 1, 16 ], "texture": "#0" },
				"west": { "uv": [ 0, 15, 1, 16 ], "texture": "#0" },
				"east": { "uv": [ 0, 15, 1, 16 ], "texture": "#0" }
			}
		},
		{
			"from": [ 5, 0, 11 ],
			"to": [ 6, 1, 12 ],
			"faces": {
				"down": { "uv": [ 0, 15, 1, 16 ], "texture": "#0" },
				"up": { "uv": [ 0, 15, 1, 16 ], "texture": "#0" },
				"north": { "uv": [ 0, 15, 1, 16 ], "texture": "#0" },
				"south": { "uv": [ 0, 15, 1, 16 ], "texture": "#0" },
				"west": { "uv": [ 0, 15, 1, 16 ], "texture": "#0" },
				"east": { "uv": [ 0, 15, 1, 16 ], "texture": "#0" }
			}
		},
		{
			"from": [ 4, 0, 10 ],
			"to": [ 5, 1, 11 ],
			"faces": {
				"down": { "uv": [ 0, 14, 1, 15 ], "texture": "#0" },
				"up": { "uv": [ 0, 14, 1, 15 ], "texture": "#0" },
				"north": { "uv": [ 0, 14, 1, 15 ], "texture": "#0" },
				"south": { "uv": [ 0, 14, 1, 15 ], "texture": "#0" },
				"west": { "uv": [ 0, 14, 1, 15 ], "texture": "#0" },
				"east": { "uv": [ 0, 14, 1, 15 ], "texture": "#0" }
			}
		},
		{
			"from": [ 3, 0, 11 ],
			"to": [ 4, 1, 12 ],
			"faces": {
				"down": { "uv": [ 0, 14, 1, 15 ], "texture": "#0" },
				"up": { "uv": [ 0, 14, 1, 15 ], "texture": "#0" },
				"north": { "uv": [ 0, 14, 1, 15 ], "texture": "#0" },
				"south": { "uv": [ 0, 14, 1, 15 ], "texture": "#0" },
				"west": { "uv": [ 0, 14, 1, 15 ], "texture": "#0" },
				"east": { "uv": [ 0, 14, 1, 15 ], "texture": "#0" }
			}
		},
		{
			"from": [ 2, 0, 12 ],
			"to": [ 3, 1, 13 ],
			"faces": {
				"down": { "uv": [ 0, 14, 1, 15 ], "texture": "#0" },
				"up": { "uv": [ 0, 14, 1, 15 ], "texture": "#0" },
				"north": { "uv": [ 0, 14, 1, 15 ], "texture": "#0" },
				"south": { "uv": [ 0, 14, 1, 15 ], "texture": "#0" },
				"west": { "uv": [ 0, 14, 1, 15 ], "texture": "#0" },
				"east": { "uv": [ 0, 14, 1, 15 ], "texture": "#0" }
			}
		},
		{
			"from": [ 1, 0, 13 ],
			"to": [ 2, 1, 14 ],
			"faces": {
				"down": { "uv": [ 0, 14, 1, 15 ], "texture": "#0" },
				"up": { "uv": [ 0, 14, 1, 15 ], "texture": "#0" },
				"north": { "uv": [ 0, 14, 1, 15 ], "texture": "#0" },
				"south": { "uv": [ 0, 14, 1, 15 ], "texture": "#0" },
				"west": { "uv": [ 0, 14, 1, 15 ], "texture": "#0" },
				"east": { "uv": [ 0, 14, 1, 15 ], "texture": "#0" }
			}
		},
		{
			"from": [ 0, 0, 14 ],
			"to": [ 1, 1, 15 ],
			"faces": {
				"down": { "uv": [ 0, 14, 1, 15 ], "texture": "#0" },
				"up": { "uv": [ 0, 14, 1, 15 ], "texture": "#0" },
				"north": { "uv": [ 0, 14, 1, 15 ], "texture": "#0" },
				"south": { "uv": [ 0, 14, 1, 15 ], "texture": "#0" },
				"west": { "uv": [ 0, 14, 1, 15 ], "texture": "#0" },
				"east": { "uv": [ 0, 14, 1, 15 ], "texture": "#0" }
			}
		},
		{
			"from": [ -1, 0, 15 ],
			"to": [ 0, 1, 16 ],
			"faces": {
				"down": { "uv": [ 0, 14, 1, 15 ], "texture": "#0" },
				"up": { "uv": [ 0, 14, 1, 15 ], "texture": "#0" },
				"north": { "uv": [ 0, 14, 1, 15 ], "texture": "#0" },
				"south": { "uv": [ 0, 14, 1, 15 ], "texture": "#0" },
				"west": { "uv": [ 0, 14, 1, 15 ], "texture": "#0" },
				"east": { "uv": [ 0, 14, 1, 15 ], "texture": "#0" }
			}
		},
		{
			"from": [ -2, 0, 16 ],
			"to": [ -1, 1, 17 ],
			"faces": {
				"down": { "uv": [ 0, 14, 1, 15 ], "texture": "#0" },
				"up": { "uv": [ 0, 14, 1, 15 ], "texture": "#0" },
				"north": { "uv": [ 0, 14, 1, 15 ], "texture": "#0" },
				"south": { "uv": [ 0, 14, 1, 15 ], "texture": "#0" },
				"west": { "uv": [ 0, 14, 1, 15 ], "texture": "#0" },
				"east": { "uv": [ 0, 14, 1, 15 ], "texture": "#0" }
			}
		},
		{
			"from": [ -3, 0, 17 ],
			"to": [ -2, 1, 18 ],
			"faces": {
				"down": { "uv": [ 0, 14, 1, 15 ], "texture": "#0" },
				"up": { "uv": [ 0, 14, 1, 15 ], "texture": "#0" },
				"north": { "uv": [ 0, 14, 1, 15 ], "texture": "#0" },
				"south": { "uv": [ 0, 14, 1, 15 ], "texture": "#0" },
				"west": { "uv": [ 0, 14, 1, 15 ], "texture": "#0" },
				"east": { "uv": [ 0, 14, 1, 15 ], "texture": "#0" }
			}
		},
		{
			"from": [ -4, 0, 18 ],
			"to": [ -3, 1, 19 ],
			"faces": {
				"down": { "uv": [ 0, 14, 1, 15 ], "texture": "#0" },
				"up": { "uv": [ 0, 14, 1, 15 ], "texture": "#0" },
				"north": { "uv": [ 0, 14, 1, 15 ], "texture": "#0" },
				"south": { "uv": [ 0, 14, 1, 15 ], "texture": "#0" },
				"west": { "uv": [ 0, 14, 1, 15 ], "texture": "#0" },
				"east": { "uv": [ 0, 14, 1, 15 ], "texture": "#0" }
			}
		},
		{
			"from": [ -3, 0, 18 ],
			"to": [ -2, 1, 19 ],
			"faces": {
				"down": { "uv": [ 1, 14, 2, 15 ], "texture": "#0" },
				"up": { "uv": [ 1, 14, 2, 15 ], "texture": "#0" },
				"north": { "uv": [ 1, 14, 2, 15 ], "texture": "#0" },
				"south": { "uv": [ 1, 14, 2, 15 ], "texture": "#0" },
				"west": { "uv": [ 1, 14, 2, 15 ], "texture": "#0" },
				"east": { "uv": [ 1, 14, 2, 15 ], "texture": "#0" }
			}
		},
		{
			"from": [ -2, 0, 17 ],
			"to": [ -1, 1, 18 ],
			"faces": {
				"down": { "uv": [ 1, 14, 2, 15 ], "texture": "#0" },
				"up": { "uv": [ 1, 14, 2, 15 ], "texture": "#0" },
				"north": { "uv": [ 1, 14, 2, 15 ], "texture": "#0" },
				"south": { "uv": [ 1, 14, 2, 15 ], "texture": "#0" },
				"west": { "uv": [ 1, 14, 2, 15 ], "texture": "#0" },
				"east": { "uv": [ 1, 14, 2, 15 ], "texture": "#0" }
			}
		},
		{
			"from": [ 0, 0, 15 ],
			"to": [ 1, 1, 16 ],
			"faces": {
				"down": { "uv": [ 1, 14, 2, 15 ], "texture": "#0" },
				"up": { "uv": [ 1, 14, 2, 15 ], "texture": "#0" },
				"north": { "uv": [ 1, 14, 2, 15 ], "texture": "#0" },
				"south": { "uv": [ 1, 14, 2, 15 ], "texture": "#0" },
				"west": { "uv": [ 1, 14, 2, 15 ], "texture": "#0" },
				"east": { "uv": [ 1, 14, 2, 15 ], "texture": "#0" }
			}
		},
		{
			"from": [ 2, 0, 13 ],
			"to": [ 3, 1, 14 ],
			"faces": {
				"down": { "uv": [ 1, 14, 2, 15 ], "texture": "#0" },
				"up": { "uv": [ 1, 14, 2, 15 ], "texture": "#0" },
				"north": { "uv": [ 1, 14, 2, 15 ], "texture": "#0" },
				"south": { "uv": [ 1, 14, 2, 15 ], "texture": "#0" },
				"west": { "uv": [ 1, 14, 2, 15 ], "texture": "#0" },
				"east": { "uv": [ 1, 14, 2, 15 ], "texture": "#0" }
			}
		},
		{
			"from": [ 4, 0, 11 ],
			"to": [ 5, 1, 12 ],
			"faces": {
				"down": { "uv": [ 1, 14, 2, 15 ], "texture": "#0" },
				"up": { "uv": [ 1, 14, 2, 15 ], "texture": "#0" },
				"north": { "uv": [ 1, 14, 2, 15 ], "texture": "#0" },
				"south": { "uv": [ 1, 14, 2, 15 ], "texture": "#0" },
				"west": { "uv": [ 1, 14, 2, 15 ], "texture": "#0" },
				"east": { "uv": [ 1, 14, 2, 15 ], "texture": "#0" }
			}
		},
		{
			"from": [ 5, 0, 10 ],
			"to": [ 6, 1, 11 ],
			"faces": {
				"down": { "uv": [ 1, 14, 2, 15 ], "texture": "#0" },
				"up": { "uv": [ 1, 14, 2, 15 ], "texture": "#0" },
				"north": { "uv": [ 1, 14, 2, 15 ], "texture": "#0" },
				"south": { "uv": [ 1, 14, 2, 15 ], "texture": "#0" },
				"west": { "uv": [ 1, 14, 2, 15 ], "texture": "#0" },
				"east": { "uv": [ 1, 14, 2, 15 ], "texture": "#0" }
			}
		},
		{
			"from": [ 5, 0, 9 ],
			"to": [ 6, 1, 10 ],
			"faces": {
				"down": { "uv": [ 1, 13, 2, 14 ], "texture": "#0" },
				"up": { "uv": [ 1, 13, 2, 14 ], "texture": "#0" },
				"north": { "uv": [ 1, 13, 2, 14 ], "texture": "#0" },
				"south": { "uv": [ 1, 13, 2, 14 ], "texture": "#0" },
				"west": { "uv": [ 1, 13, 2, 14 ], "texture": "#0" },
				"east": { "uv": [ 1, 13, 2, 14 ], "texture": "#0" }
			}
		},
		{
			"from": [ 6, 0, 10 ],
			"to": [ 7, 1, 11 ],
			"faces": {
				"down": { "uv": [ 2, 14, 3, 15 ], "texture": "#0" },
				"up": { "uv": [ 2, 14, 3, 15 ], "texture": "#0" },
				"north": { "uv": [ 2, 14, 3, 15 ], "texture": "#0" },
				"south": { "uv": [ 2, 14, 3, 15 ], "texture": "#0" },
				"west": { "uv": [ 2, 14, 3, 15 ], "texture": "#0" },
				"east": { "uv": [ 2, 14, 3, 15 ], "texture": "#0" }
			}
		},
		{
			"from": [ 3, 0, 12 ],
			"to": [ 4, 1, 13 ],
			"faces": {
				"down": { "uv": [ 2, 13, 3, 14 ], "texture": "#0" },
				"up": { "uv": [ 2, 13, 3, 14 ], "texture": "#0" },
				"north": { "uv": [ 2, 13, 3, 14 ], "texture": "#0" },
				"south": { "uv": [ 2, 13, 3, 14 ], "texture": "#0" },
				"west": { "uv": [ 2, 13, 3, 14 ], "texture": "#0" },
				"east": { "uv": [ 2, 13, 3, 14 ], "texture": "#0" }
			}
		},
		{
			"from": [ 1, 0, 14 ],
			"to": [ 2, 1, 15 ],
			"faces": {
				"down": { "uv": [ 2, 13, 3, 14 ], "texture": "#0" },
				"up": { "uv": [ 2, 13, 3, 14 ], "texture": "#0" },
				"north": { "uv": [ 2, 13, 3, 14 ], "texture": "#0" },
				"south": { "uv": [ 2, 13, 3, 14 ], "texture": "#0" },
				"west": { "uv": [ 2, 13, 3, 14 ], "texture": "#0" },
				"east": { "uv": [ 2, 13, 3, 14 ], "texture": "#0" }
			}
		},
		{
			"from": [ -1, 0, 16 ],
			"to": [ 0, 1, 17 ],
			"faces": {
				"down": { "uv": [ 2, 13, 3, 14 ], "texture": "#0" },
				"up": { "uv": [ 2, 13, 3, 14 ], "texture": "#0" },
				"north": { "uv": [ 2, 13, 3, 14 ], "texture": "#0" },
				"south": { "uv": [ 2, 13, 3, 14 ], "texture": "#0" },
				"west": { "uv": [ 2, 13, 3, 14 ], "texture": "#0" },
				"east": { "uv": [ 2, 13, 3, 14 ], "texture": "#0" }
			}
		},
		{
			"from": [ 6, 0, 9 ],
			"to": [ 7, 1, 10 ],
			"faces": {
				"down": { "uv": [ 4, 11, 5, 12 ], "texture": "#0" },
				"up": { "uv": [ 4, 11, 5, 12 ], "texture": "#0" },
				"north": { "uv": [ 4, 11, 5, 12 ], "texture": "#0" },
				"south": { "uv": [ 4, 11, 5, 12 ], "texture": "#0" },
				"west": { "uv": [ 4, 11, 5, 12 ], "texture": "#0" },
				"east": { "uv": [ 4, 11, 5, 12 ], "texture": "#0" }
			}
		},
		{
			"from": [ 7, 0, 8 ],
			"to": [ 8, 1, 9 ],
			"faces": {
				"down": { "uv": [ 4, 11, 5, 12 ], "texture": "#0" },
				"up": { "uv": [ 4, 11, 5, 12 ], "texture": "#0" },
				"north": { "uv": [ 4, 11, 5, 12 ], "texture": "#0" },
				"south": { "uv": [ 4, 11, 5, 12 ], "texture": "#0" },
				"west": { "uv": [ 4, 11, 5, 12 ], "texture": "#0" },
				"east": { "uv": [ 4, 11, 5, 12 ], "texture": "#0" }
			}
		},
		{
			"from": [ 10, 0, 5 ],
			"to": [ 11, 1, 6 ],
			"faces": {
				"down": { "uv": [ 4, 11, 5, 12 ], "texture": "#0" },
				"up": { "uv": [ 4, 11, 5, 12 ], "texture": "#0" },
				"north": { "uv": [ 4, 11, 5, 12 ], "texture": "#0" },
				"south": { "uv": [ 4, 11, 5, 12 ], "texture": "#0" },
				"west": { "uv": [ 4, 11, 5, 12 ], "texture": "#0" },
				"east": { "uv": [ 4, 11, 5, 12 ], "texture": "#0" }
			}
		},
		{
			"from": [ 11, 0, 4 ],
			"to": [ 12, 1, 5 ],
			"faces": {
				"down": { "uv": [ 4, 11, 5, 12 ], "texture": "#0" },
				"up": { "uv": [ 4, 11, 5, 12 ], "texture": "#0" },
				"north": { "uv": [ 4, 11, 5, 12 ], "texture": "#0" },
				"south": { "uv": [ 4, 11, 5, 12 ], "texture": "#0" },
				"west": { "uv": [ 4, 11, 5, 12 ], "texture": "#0" },
				"east": { "uv": [ 4, 11, 5, 12 ], "texture": "#0" }
			}
		},
		{
			"from": [ 10, 0, 4 ],
			"to": [ 11, 1, 5 ],
			"faces": {
				"down": { "uv": [ 4, 10, 5, 11 ], "texture": "#0" },
				"up": { "uv": [ 4, 10, 5, 11 ], "texture": "#0" },
				"north": { "uv": [ 4, 10, 5, 11 ], "texture": "#0" },
				"south": { "uv": [ 4, 10, 5, 11 ], "texture": "#0" },
				"west": { "uv": [ 4, 10, 5, 11 ], "texture": "#0" },
				"east": { "uv": [ 4, 10, 5, 11 ], "texture": "#0" }
			}
		},
		{
			"from": [ 9, 0, 5 ],
			"to": [ 10, 1, 6 ],
			"faces": {
				"down": { "uv": [ 4, 10, 5, 11 ], "texture": "#0" },
				"up": { "uv": [ 4, 10, 5, 11 ], "texture": "#0" },
				"north": { "uv": [ 4, 10, 5, 11 ], "texture": "#0" },
				"south": { "uv": [ 4, 10, 5, 11 ], "texture": "#0" },
				"west": { "uv": [ 4, 10, 5, 11 ], "texture": "#0" },
				"east": { "uv": [ 4, 10, 5, 11 ], "texture": "#0" }
			}
		},
		{
			"from": [ 8, 0, 6 ],
			"to": [ 9, 1, 7 ],
			"faces": {
				"down": { "uv": [ 4, 10, 5, 11 ], "texture": "#0" },
				"up": { "uv": [ 4, 10, 5, 11 ], "texture": "#0" },
				"north": { "uv": [ 4, 10, 5, 11 ], "texture": "#0" },
				"south": { "uv": [ 4, 10, 5, 11 ], "texture": "#0" },
				"west": { "uv": [ 4, 10, 5, 11 ], "texture": "#0" },
				"east": { "uv": [ 4, 10, 5, 11 ], "texture": "#0" }
			}
		},
		{
			"from": [ 7, 0, 7 ],
			"to": [ 8, 1, 8 ],
			"faces": {
				"down": { "uv": [ 4, 10, 5, 11 ], "texture": "#0" },
				"up": { "uv": [ 4, 10, 5, 11 ], "texture": "#0" },
				"north": { "uv": [ 4, 10, 5, 11 ], "texture": "#0" },
				"south": { "uv": [ 4, 10, 5, 11 ], "texture": "#0" },
				"west": { "uv": [ 4, 10, 5, 11 ], "texture": "#0" },
				"east": { "uv": [ 4, 10, 5, 11 ], "texture": "#0" }
			}
		},
		{
			"from": [ 6, 0, 8 ],
			"to": [ 7, 1, 9 ],
			"faces": {
				"down": { "uv": [ 4, 10, 5, 11 ], "texture": "#0" },
				"up": { "uv": [ 4, 10, 5, 11 ], "texture": "#0" },
				"north": { "uv": [ 4, 10, 5, 11 ], "texture": "#0" },
				"south": { "uv": [ 4, 10, 5, 11 ], "texture": "#0" },
				"west": { "uv": [ 4, 10, 5, 11 ], "texture": "#0" },
				"east": { "uv": [ 4, 10, 5, 11 ], "texture": "#0" }
			}
		},
		{
			"from": [ 7, 0, 9 ],
			"to": [ 8, 1, 10 ],
			"faces": {
				"down": { "uv": [ 4, 10, 5, 11 ], "texture": "#0" },
				"up": { "uv": [ 4, 10, 5, 11 ], "texture": "#0" },
				"north": { "uv": [ 4, 10, 5, 11 ], "texture": "#0" },
				"south": { "uv": [ 4, 10, 5, 11 ], "texture": "#0" },
				"west": { "uv": [ 4, 10, 5, 11 ], "texture": "#0" },
				"east": { "uv": [ 4, 10, 5, 11 ], "texture": "#0" }
			}
		},
		{
			"from": [ 8, 0, 8 ],
			"to": [ 9, 1, 9 ],
			"faces": {
				"down": { "uv": [ 4, 10, 5, 11 ], "texture": "#0" },
				"up": { "uv": [ 4, 10, 5, 11 ], "texture": "#0" },
				"north": { "uv": [ 4, 10, 5, 11 ], "texture": "#0" },
				"south": { "uv": [ 4, 10, 5, 11 ], "texture": "#0" },
				"west": { "uv": [ 4, 10, 5, 11 ], "texture": "#0" },
				"east": { "uv": [ 4, 10, 5, 11 ], "texture": "#0" }
			}
		},
		{
			"from": [ 9, 0, 7 ],
			"to": [ 10, 1, 8 ],
			"faces": {
				"down": { "uv": [ 4, 10, 5, 11 ], "texture": "#0" },
				"up": { "uv": [ 4, 10, 5, 11 ], "texture": "#0" },
				"north": { "uv": [ 4, 10, 5, 11 ], "texture": "#0" },
				"south": { "uv": [ 4, 10, 5, 11 ], "texture": "#0" },
				"west": { "uv": [ 4, 10, 5, 11 ], "texture": "#0" },
				"east": { "uv": [ 4, 10, 5, 11 ], "texture": "#0" }
			}
		},
		{
			"from": [ 10, 0, 6 ],
			"to": [ 11, 1, 7 ],
			"faces": {
				"down": { "uv": [ 4, 10, 5, 11 ], "texture": "#0" },
				"up": { "uv": [ 4, 10, 5, 11 ], "texture": "#0" },
				"north": { "uv": [ 4, 10, 5, 11 ], "texture": "#0" },
				"south": { "uv": [ 4, 10, 5, 11 ], "texture": "#0" },
				"west": { "uv": [ 4, 10, 5, 11 ], "texture": "#0" },
				"east": { "uv": [ 4, 10, 5, 11 ], "texture": "#0" }
			}
		},
		{
			"from": [ 11, 0, 5 ],
			"to": [ 12, 1, 6 ],
			"faces": {
				"down": { "uv": [ 4, 10, 5, 11 ], "texture": "#0" },
				"up": { "uv": [ 4, 10, 5, 11 ], "texture": "#0" },
				"north": { "uv": [ 4, 10, 5, 11 ], "texture": "#0" },
				"south": { "uv": [ 4, 10, 5, 11 ], "texture": "#0" },
				"west": { "uv": [ 4, 10, 5, 11 ], "texture": "#0" },
				"east": { "uv": [ 4, 10, 5, 11 ], "texture": "#0" }
			}
		},
		{
			"from": [ 9, 0, 6 ],
			"to": [ 10, 1, 7 ],
			"faces": {
				"down": { "uv": [ 5, 10, 6, 11 ], "texture": "#0" },
				"up": { "uv": [ 5, 10, 6, 11 ], "texture": "#0" },
				"north": { "uv": [ 5, 10, 6, 11 ], "texture": "#0" },
				"south": { "uv": [ 5, 10, 6, 11 ], "texture": "#0" },
				"west": { "uv": [ 5, 10, 6, 11 ], "texture": "#0" },
				"east": { "uv": [ 5, 10, 6, 11 ], "texture": "#0" }
			}
		},
		{
			"from": [ 8, 0, 7 ],
			"to": [ 9, 1, 8 ],
			"faces": {
				"down": { "uv": [ 5, 10, 6, 11 ], "texture": "#0" },
				"up": { "uv": [ 5, 10, 6, 11 ], "texture": "#0" },
				"north": { "uv": [ 5, 10, 6, 11 ], "texture": "#0" },
				"south": { "uv": [ 5, 10, 6, 11 ], "texture": "#0" },
				"west": { "uv": [ 5, 10, 6, 11 ], "texture": "#0" },
				"east": { "uv": [ 5, 10, 6, 11 ], "texture": "#0" }
			}
		},
		{
			"from": [ 11, 0, 3 ],
			"to": [ 12, 1, 4 ],
			"faces": {
				"down": { "uv": [ 7, 7, 8, 8 ], "texture": "#0" },
				"up": { "uv": [ 7, 7, 8, 8 ], "texture": "#0" },
				"north": { "uv": [ 7, 7, 8, 8 ], "texture": "#0" },
				"south": { "uv": [ 7, 7, 8, 8 ], "texture": "#0" },
				"west": { "uv": [ 7, 7, 8, 8 ], "texture": "#0" },
				"east": { "uv": [ 7, 7, 8, 8 ], "texture": "#0" }
			}
		},
		{
			"from": [ 12, 0, 2 ],
			"to": [ 13, 1, 3 ],
			"faces": {
				"down": { "uv": [ 7, 7, 8, 8 ], "texture": "#0" },
				"up": { "uv": [ 7, 7, 8, 8 ], "texture": "#0" },
				"north": { "uv": [ 7, 7, 8, 8 ], "texture": "#0" },
				"south": { "uv": [ 7, 7, 8, 8 ], "texture": "#0" },
				"west": { "uv": [ 7, 7, 8, 8 ], "texture": "#0" },
				"east": { "uv": [ 7, 7, 8, 8 ], "texture": "#0" }
			}
		},
		{
			"from": [ 13, 0, 3 ],
			"to": [ 14, 1, 4 ],
			"faces": {
				"down": { "uv": [ 8, 8, 9, 9 ], "texture": "#0" },
				"up": { "uv": [ 8, 8, 9, 9 ], "texture": "#0" },
				"north": { "uv": [ 8, 8, 9, 9 ], "texture": "#0" },
				"south": { "uv": [ 8, 8, 9, 9 ], "texture": "#0" },
				"west": { "uv": [ 8, 8, 9, 9 ], "texture": "#0" },
				"east": { "uv": [ 8, 8, 9, 9 ], "texture": "#0" }
			}
		},
		{
			"from": [ 12, 0, 4 ],
			"to": [ 13, 1, 5 ],
			"faces": {
				"down": { "uv": [ 8, 8, 9, 9 ], "texture": "#0" },
				"up": { "uv": [ 8, 8, 9, 9 ], "texture": "#0" },
				"north": { "uv": [ 8, 8, 9, 9 ], "texture": "#0" },
				"south": { "uv": [ 8, 8, 9, 9 ], "texture": "#0" },
				"west": { "uv": [ 8, 8, 9, 9 ], "texture": "#0" },
				"east": { "uv": [ 8, 8, 9, 9 ], "texture": "#0" }
			}
		},
		{
			"from": [ 12, 0, 3 ],
			"to": [ 13, 1, 4 ],
			"faces": {
				"down": { "uv": [ 8, 7, 9, 8 ], "texture": "#0" },
				"up": { "uv": [ 8, 7, 9, 8 ], "texture": "#0" },
				"north": { "uv": [ 8, 7, 9, 8 ], "texture": "#0" },
				"south": { "uv": [ 8, 7, 9, 8 ], "texture": "#0" },
				"west": { "uv": [ 8, 7, 9, 8 ], "texture": "#0" },
				"east": { "uv": [ 8, 7, 9, 8 ], "texture": "#0" }
			}
		},
		{
			"from": [ 13, 0, 2 ],
			"to": [ 14, 1, 3 ],
			"faces": {
				"down": { "uv": [ 9, 6, 10, 7 ], "texture": "#0" },
				"up": { "uv": [ 9, 6, 10, 7 ], "texture": "#0" },
				"north": { "uv": [ 9, 6, 10, 7 ], "texture": "#0" },
				"south": { "uv": [ 9, 6, 10, 7 ], "texture": "#0" },
				"west": { "uv": [ 9, 6, 10, 7 ], "texture": "#0" },
				"east": { "uv": [ 9, 6, 10, 7 ], "texture": "#0" }
			}
		},
		{
			"from": [ 12, 0, 1 ],
			"to": [ 13, 1, 2 ],
			"faces": {
				"down": { "uv": [ 9, 6, 10, 7 ], "texture": "#0" },
				"up": { "uv": [ 9, 6, 10, 7 ], "texture": "#0" },
				"north": { "uv": [ 9, 6, 10, 7 ], "texture": "#0" },
				"south": { "uv": [ 9, 6, 10, 7 ], "texture": "#0" },
				"west": { "uv": [ 9, 6, 10, 7 ], "texture": "#0" },
				"east": { "uv": [ 9, 6, 10, 7 ], "texture": "#0" }
			}
		},
		{
			"from": [ 11, 0, 0 ],
			"to": [ 12, 1, 1 ],
			"faces": {
				"down": { "uv": [ 9, 6, 10, 7 ], "texture": "#0" },
				"up": { "uv": [ 9, 6, 10, 7 ], "texture": "#0" },
				"north": { "uv": [ 9, 6, 10, 7 ], "texture": "#0" },
				"south": { "uv": [ 9, 6, 10, 7 ], "texture": "#0" },
				"west": { "uv": [ 9, 6, 10, 7 ], "texture": "#0" },
				"east": { "uv": [ 9, 6, 10, 7 ], "texture": "#0" }
			}
		},
		{
			"from": [ 10, 0, 1 ],
			"to": [ 11, 1, 2 ],
			"faces": {
				"down": { "uv": [ 9, 6, 10, 7 ], "texture": "#0" },
				"up": { "uv": [ 9, 6, 10, 7 ], "texture": "#0" },
				"north": { "uv": [ 9, 6, 10, 7 ], "texture": "#0" },
				"south": { "uv": [ 9, 6, 10, 7 ], "texture": "#0" },
				"west": { "uv": [ 9, 6, 10, 7 ], "texture": "#0" },
				"east": { "uv": [ 9, 6, 10, 7 ], "texture": "#0" }
			}
		},
		{
			"from": [ 9, 0, 2 ],
			"to": [ 10, 1, 3 ],
			"faces": {
				"down": { "uv": [ 9, 6, 10, 7 ], "texture": "#0" },
				"up": { "uv": [ 9, 6, 10, 7 ], "texture": "#0" },
				"north": { "uv": [ 9, 6, 10, 7 ], "texture": "#0" },
				"south": { "uv": [ 9, 6, 10, 7 ], "texture": "#0" },
				"west": { "uv": [ 9, 6, 10, 7 ], "texture": "#0" },
				"east": { "uv": [ 9, 6, 10, 7 ], "texture": "#0" }
			}
		},
		{
			"from": [ 8, 0, 3 ],
			"to": [ 9, 1, 4 ],
			"faces": {
				"down": { "uv": [ 9, 6, 10, 7 ], "texture": "#0" },
				"up": { "uv": [ 9, 6, 10, 7 ], "texture": "#0" },
				"north": { "uv": [ 9, 6, 10, 7 ], "texture": "#0" },
				"south": { "uv": [ 9, 6, 10, 7 ], "texture": "#0" },
				"west": { "uv": [ 9, 6, 10, 7 ], "texture": "#0" },
				"east": { "uv": [ 9, 6, 10, 7 ], "texture": "#0" }
			}
		},
		{
			"from": [ 7, 0, 4 ],
			"to": [ 8, 1, 5 ],
			"faces": {
				"down": { "uv": [ 9, 6, 10, 7 ], "texture": "#0" },
				"up": { "uv": [ 9, 6, 10, 7 ], "texture": "#0" },
				"north": { "uv": [ 9, 6, 10, 7 ], "texture": "#0" },
				"south": { "uv": [ 9, 6, 10, 7 ], "texture": "#0" },
				"west": { "uv": [ 9, 6, 10, 7 ], "texture": "#0" },
				"east": { "uv": [ 9, 6, 10, 7 ], "texture": "#0" }
			}
		},
		{
			"from": [ 6, 0, 5 ],
			"to": [ 7, 1, 6 ],
			"faces": {
				"down": { "uv": [ 9, 6, 10, 7 ], "texture": "#0" },
				"up": { "uv": [ 9, 6, 10, 7 ], "texture": "#0" },
				"north": { "uv": [ 9, 6, 10, 7 ], "texture": "#0" },
				"south": { "uv": [ 9, 6, 10, 7 ], "texture": "#0" },
				"west": { "uv": [ 9, 6, 10, 7 ], "texture": "#0" },
				"east": { "uv": [ 9, 6, 10, 7 ], "texture": "#0" }
			}
		},
		{
			"from": [ 14, 0, 3 ],
			"to": [ 15, 1, 4 ],
			"faces": {
				"down": { "uv": [ 9, 6, 10, 7 ], "texture": "#0" },
				"up": { "uv": [ 9, 6, 10, 7 ], "texture": "#0" },
				"north": { "uv": [ 9, 6, 10, 7 ], "texture": "#0" },
				"south": { "uv": [ 9, 6, 10, 7 ], "texture": "#0" },
				"west": { "uv": [ 9, 6, 10, 7 ], "texture": "#0" },
				"east": { "uv": [ 9, 6, 10, 7 ], "texture": "#0" }
			}
		},
		{
			"from": [ 6, 0, 4 ],
			"to": [ 7, 1, 5 ],
			"faces": {
				"down": { "uv": [ 7, 13, 8, 12 ], "texture": "#0" },
				"up": { "uv": [ 7, 13, 8, 14 ], "texture": "#0" },
				"north": { "uv": [ 7, 13, 8, 14 ], "texture": "#0" },
				"south": { "uv": [ 7, 13, 8, 14 ], "texture": "#0" },
				"west": { "uv": [ 7, 13, 8, 14 ], "texture": "#0" },
				"east": { "uv": [ 7, 13, 8, 14 ], "texture": "#0" }
			}
		},
		{
			"from": [ 7, 0, 3 ],
			"to": [ 8, 1, 4 ],
			"faces": {
				"down": { "uv": [ 7, 13, 8, 12 ], "texture": "#0" },
				"up": { "uv": [ 7, 13, 8, 14 ], "texture": "#0" },
				"north": { "uv": [ 7, 13, 8, 14 ], "texture": "#0" },
				"south": { "uv": [ 7, 13, 8, 14 ], "texture": "#0" },
				"west": { "uv": [ 7, 13, 8, 14 ], "texture": "#0" },
				"east": { "uv": [ 7, 13, 8, 14 ], "texture": "#0" }
			}
		},
		{
			"from": [ 8, 0, 2 ],
			"to": [ 9, 1, 3 ],
			"faces": {
				"down": { "uv": [ 7, 13, 8, 12 ], "texture": "#0" },
				"up": { "uv": [ 7, 13, 8, 14 ], "texture": "#0" },
				"north": { "uv": [ 7, 13, 8, 14 ], "texture": "#0" },
				"south": { "uv": [ 7, 13, 8, 14 ], "texture": "#0" },
				"west": { "uv": [ 7, 13, 8, 14 ], "texture": "#0" },
				"east": { "uv": [ 7, 13, 8, 14 ], "texture": "#0" }
			}
		},
		{
			"from": [ 9, 0, 1 ],
			"to": [ 10, 1, 2 ],
			"faces": {
				"down": { "uv": [ 7, 13, 8, 12 ], "texture": "#0" },
				"up": { "uv": [ 7, 13, 8, 14 ], "texture": "#0" },
				"north": { "uv": [ 7, 13, 8, 14 ], "texture": "#0" },
				"south": { "uv": [ 7, 13, 8, 14 ], "texture": "#0" },
				"west": { "uv": [ 7, 13, 8, 14 ], "texture": "#0" },
				"east": { "uv": [ 7, 13, 8, 14 ], "texture": "#0" }
			}
		},
		{
			"from": [ 10, 0, 0 ],
			"to": [ 11, 1, 1 ],
			"faces": {
				"down": { "uv": [ 7, 13, 8, 12 ], "texture": "#0" },
				"up": { "uv": [ 7, 13, 8, 14 ], "texture": "#0" },
				"north": { "uv": [ 7, 13, 8, 14 ], "texture": "#0" },
				"south": { "uv": [ 7, 13, 8, 14 ], "texture": "#0" },
				"west": { "uv": [ 7, 13, 8, 14 ], "texture": "#0" },
				"east": { "uv": [ 7, 13, 8, 14 ], "texture": "#0" }
			}
		},
		{
			"from": [ 5, 0, 4 ],
			"to": [ 6, 1, 5 ],
			"faces": {
				"down": { "uv": [ 1, 8, 2, 7 ], "texture": "#0" },
				"up": { "uv": [ 1, 7, 2, 8 ], "texture": "#0" },
				"north": { "uv": [ 1, 7, 2, 8 ], "texture": "#0" },
				"south": { "uv": [ 1, 7, 2, 8 ], "texture": "#0" },
				"west": { "uv": [ 1, 7, 2, 8 ], "texture": "#0" },
				"east": { "uv": [ 1, 7, 2, 8 ], "texture": "#0" }
			}
		},
		{
			"from": [ 6, 0, 3 ],
			"to": [ 7, 1, 4 ],
			"faces": {
				"down": { "uv": [ 6, 4, 7, 3 ], "texture": "#0" },
				"up": { "uv": [ 6, 3, 7, 4 ], "texture": "#0" },
				"north": { "uv": [ 6, 3, 7, 4 ], "texture": "#0" },
				"south": { "uv": [ 6, 3, 7, 4 ], "texture": "#0" },
				"west": { "uv": [ 6, 3, 7, 4 ], "texture": "#0" },
				"east": { "uv": [ 6, 3, 7, 4 ], "texture": "#0" }
			}
		},
		{
			"from": [ 7, 0, 2 ],
			"to": [ 8, 1, 3 ],
			"faces": {
				"down": { "uv": [ 6, 4, 7, 3 ], "texture": "#0" },
				"up": { "uv": [ 6, 3, 7, 4 ], "texture": "#0" },
				"north": { "uv": [ 6, 3, 7, 4 ], "texture": "#0" },
				"south": { "uv": [ 6, 3, 7, 4 ], "texture": "#0" },
				"west": { "uv": [ 6, 3, 7, 4 ], "texture": "#0" },
				"east": { "uv": [ 6, 3, 7, 4 ], "texture": "#0" }
			}
		},
		{
			"from": [ 8, 0, 1 ],
			"to": [ 9, 1, 2 ],
			"faces": {
				"down": { "uv": [ 6, 4, 7, 3 ], "texture": "#0" },
				"up": { "uv": [ 6, 3, 7, 4 ], "texture": "#0" },
				"north": { "uv": [ 6, 3, 7, 4 ], "texture": "#0" },
				"south": { "uv": [ 6, 3, 7, 4 ], "texture": "#0" },
				"west": { "uv": [ 6, 3, 7, 4 ], "texture": "#0" },
				"east": { "uv": [ 6, 3, 7, 4 ], "texture": "#0" }
			}
		},
		{
			"from": [ 9, 0, 0 ],
			"to": [ 10, 1, 1 ],
			"faces": {
				"down": { "uv": [ 6, 4, 7, 3 ], "texture": "#0" },
				"up": { "uv": [ 6, 3, 7, 4 ], "texture": "#0" },
				"north": { "uv": [ 6, 3, 7, 4 ], "texture": "#0" },
				"south": { "uv": [ 6, 3, 7, 4 ], "texture": "#0" },
				"west": { "uv": [ 6, 3, 7, 4 ], "texture": "#0" },
				"east": { "uv": [ 6, 3, 7, 4 ], "texture": "#0" }
			}
		},
		{
			"from": [ 10, 0, -1 ],
			"to": [ 11, 1, 0 ],
			"faces": {
				"down": { "uv": [ 6, 4, 7, 3 ], "texture": "#0" },
				"up": { "uv": [ 6, 3, 7, 4 ], "texture": "#0" },
				"north": { "uv": [ 6, 3, 7, 4 ], "texture": "#0" },
				"south": { "uv": [ 6, 3, 7, 4 ], "texture": "#0" },
				"west": { "uv": [ 6, 3, 7, 4 ], "texture": "#0" },
				"east": { "uv": [ 6, 3, 7, 4 ], "texture": "#0" }
			}
		},
		{
			"from": [ 11, 0, -1 ],
			"to": [ 12, 1, 0 ],
			"faces": {
				"down": { "uv": [ 6, 4, 7, 3 ], "texture": "#0" },
				"up": { "uv": [ 6, 3, 7, 4 ], "texture": "#0" },
				"north": { "uv": [ 6, 3, 7, 4 ], "texture": "#0" },
				"south": { "uv": [ 6, 3, 7, 4 ], "texture": "#0" },
				"west": { "uv": [ 6, 3, 7, 4 ], "texture": "#0" },
				"east": { "uv": [ 6, 3, 7, 4 ], "texture": "#0" }
			}
		},
		{
			"from": [ 12, 0, 0 ],
			"to": [ 13, 1, 1 ],
			"faces": {
				"down": { "uv": [ 6, 4, 7, 3 ], "texture": "#0" },
				"up": { "uv": [ 6, 3, 7, 4 ], "texture": "#0" },
				"north": { "uv": [ 6, 3, 7, 4 ], "texture": "#0" },
				"south": { "uv": [ 6, 3, 7, 4 ], "texture": "#0" },
				"west": { "uv": [ 6, 3, 7, 4 ], "texture": "#0" },
				"east": { "uv": [ 6, 3, 7, 4 ], "texture": "#0" }
			}
		},
		{
			"from": [ 13, 0, 1 ],
			"to": [ 14, 1, 2 ],
			"faces": {
				"down": { "uv": [ 6, 4, 7, 3 ], "texture": "#0" },
				"up": { "uv": [ 6, 3, 7, 4 ], "texture": "#0" },
				"north": { "uv": [ 6, 3, 7, 4 ], "texture": "#0" },
				"south": { "uv": [ 6, 3, 7, 4 ], "texture": "#0" },
				"west": { "uv": [ 6, 3, 7, 4 ], "texture": "#0" },
				"east": { "uv": [ 6, 3, 7, 4 ], "texture": "#0" }
			}
		},
		{
			"from": [ 14, 0, 2 ],
			"to": [ 15, 1, 3 ],
			"faces": {
				"down": { "uv": [ 6, 4, 7, 3 ], "texture": "#0" },
				"up": { "uv": [ 6, 3, 7, 4 ], "texture": "#0" },
				"north": { "uv": [ 6, 3, 7, 4 ], "texture": "#0" },
				"south": { "uv": [ 6, 3, 7, 4 ], "texture": "#0" },
				"west": { "uv": [ 6, 3, 7, 4 ], "texture": "#0" },
				"east": { "uv": [ 6, 3, 7, 4 ], "texture": "#0" }
			}
		},
		{
			"from": [ 15, 0, 3 ],
			"to": [ 16, 1, 4 ],
			"faces": {
				"down": { "uv": [ 11, 9, 12, 8 ], "texture": "#0" },
				"up": { "uv": [ 11, 8, 12, 9 ], "texture": "#0" },
				"north": { "uv": [ 12, 9, 11, 8 ], "texture": "#0" },
				"south": { "uv": [ 11, 8, 12, 9 ], "texture": "#0" },
				"west": { "uv": [ 11, 8, 12, 9 ], "texture": "#0", "rotation": 270 },
				"east": { "uv": [ 12, 8, 11, 9 ], "texture": "#0", "rotation": 90 }
			}
		},
		{
			"from": [ 5, 0, 3 ],
			"to": [ 6, 1, 4 ],
			"faces": {
				"down": { "uv": [ 1, 8, 2, 7 ], "texture": "#0" },
				"up": { "uv": [ 1, 7, 2, 8 ], "texture": "#0" },
				"north": { "uv": [ 1, 7, 2, 8 ], "texture": "#0" },
				"south": { "uv": [ 1, 7, 2, 8 ], "texture": "#0" },
				"west": { "uv": [ 1, 7, 2, 8 ], "texture": "#0" },
				"east": { "uv": [ 1, 7, 2, 8 ], "texture": "#0" }
			}
		},
		{
			"from": [ 5, 0, 2 ],
			"to": [ 6, 1, 3 ],
			"faces": {
				"down": { "uv": [ 1, 8, 2, 7 ], "texture": "#0" },
				"up": { "uv": [ 1, 7, 2, 8 ], "texture": "#0" },
				"north": { "uv": [ 1, 7, 2, 8 ], "texture": "#0" },
				"south": { "uv": [ 1, 7, 2, 8 ], "texture": "#0" },
				"west": { "uv": [ 1, 7, 2, 8 ], "texture": "#0" },
				"east": { "uv": [ 1, 7, 2, 8 ], "texture": "#0" }
			}
		},
		{
			"from": [ 6, 0, 1 ],
			"to": [ 7, 1, 2 ],
			"faces": {
				"down": { "uv": [ 1, 8, 2, 7 ], "texture": "#0" },
				"up": { "uv": [ 1, 7, 2, 8 ], "texture": "#0" },
				"north": { "uv": [ 1, 7, 2, 8 ], "texture": "#0" },
				"south": { "uv": [ 1, 7, 2, 8 ], "texture": "#0" },
				"west": { "uv": [ 1, 7, 2, 8 ], "texture": "#0" },
				"east": { "uv": [ 1, 7, 2, 8 ], "texture": "#0" }
			}
		},
		{
			"from": [ 7, 0, 0 ],
			"to": [ 8, 1, 1 ],
			"faces": {
				"down": { "uv": [ 1, 8, 2, 7 ], "texture": "#0" },
				"up": { "uv": [ 1, 7, 2, 8 ], "texture": "#0" },
				"north": { "uv": [ 1, 7, 2, 8 ], "texture": "#0" },
				"south": { "uv": [ 1, 7, 2, 8 ], "texture": "#0" },
				"west": { "uv": [ 1, 7, 2, 8 ], "texture": "#0" },
				"east": { "uv": [ 1, 7, 2, 8 ], "texture": "#0" }
			}
		},
		{
			"from": [ 8, 0, -1 ],
			"to": [ 9, 1, 0 ],
			"faces": {
				"down": { "uv": [ 1, 8, 2, 7 ], "texture": "#0" },
				"up": { "uv": [ 1, 7, 2, 8 ], "texture": "#0" },
				"north": { "uv": [ 1, 7, 2, 8 ], "texture": "#0" },
				"south": { "uv": [ 1, 7, 2, 8 ], "texture": "#0" },
				"west": { "uv": [ 1, 7, 2, 8 ], "texture": "#0" },
				"east": { "uv": [ 1, 7, 2, 8 ], "texture": "#0" }
			}
		},
		{
			"from": [ 9, 0, -2 ],
			"to": [ 10, 1, -1 ],
			"faces": {
				"down": { "uv": [ 1, 8, 2, 7 ], "texture": "#0" },
				"up": { "uv": [ 1, 7, 2, 8 ], "texture": "#0" },
				"north": { "uv": [ 1, 7, 2, 8 ], "texture": "#0" },
				"south": { "uv": [ 1, 7, 2, 8 ], "texture": "#0" },
				"west": { "uv": [ 1, 7, 2, 8 ], "texture": "#0" },
				"east": { "uv": [ 1, 7, 2, 8 ], "texture": "#0" }
			}
		},
		{
			"from": [ 10, 0, -3 ],
			"to": [ 11, 1, -2 ],
			"faces": {
				"down": { "uv": [ 1, 8, 2, 7 ], "texture": "#0" },
				"up": { "uv": [ 1, 7, 2, 8 ], "texture": "#0" },
				"north": { "uv": [ 1, 7, 2, 8 ], "texture": "#0" },
				"south": { "uv": [ 1, 7, 2, 8 ], "texture": "#0" },
				"west": { "uv": [ 1, 7, 2, 8 ], "texture": "#0" },
				"east": { "uv": [ 1, 7, 2, 8 ], "texture": "#0" }
			}
		},
		{
			"from": [ 11, 0, -3 ],
			"to": [ 12, 1, -2 ],
			"faces": {
				"down": { "uv": [ 1, 8, 2, 7 ], "texture": "#0" },
				"up": { "uv": [ 1, 7, 2, 8 ], "texture": "#0" },
				"north": { "uv": [ 1, 7, 2, 8 ], "texture": "#0" },
				"south": { "uv": [ 1, 7, 2, 8 ], "texture": "#0" },
				"west": { "uv": [ 1, 7, 2, 8 ], "texture": "#0" },
				"east": { "uv": [ 1, 7, 2, 8 ], "texture": "#0" }
			}
		},
		{
			"from": [ 12, 0, -2 ],
			"to": [ 13, 1, -1 ],
			"faces": {
				"down": { "uv": [ 1, 8, 2, 7 ], "texture": "#0" },
				"up": { "uv": [ 1, 7, 2, 8 ], "texture": "#0" },
				"north": { "uv": [ 1, 7, 2, 8 ], "texture": "#0" },
				"south": { "uv": [ 1, 7, 2, 8 ], "texture": "#0" },
				"west": { "uv": [ 1, 7, 2, 8 ], "texture": "#0" },
				"east": { "uv": [ 1, 7, 2, 8 ], "texture": "#0" }
			}
		},
		{
			"from": [ 16, 0, 2 ],
			"to": [ 17, 1, 3 ],
			"faces": {
				"down": { "uv": [ 9, 4, 10, 3 ], "texture": "#0" },
				"up": { "uv": [ 9, 3, 10, 4 ], "texture": "#0" },
				"north": { "uv": [ 9, 3, 10, 4 ], "texture": "#0" },
				"south": { "uv": [ 9, 3, 10, 4 ], "texture": "#0" },
				"west": { "uv": [ 9, 3, 10, 4 ], "texture": "#0" },
				"east": { "uv": [ 9, 3, 10, 4 ], "texture": "#0" }
			}
		},
		{
			"from": [ 15, 0, 1 ],
			"to": [ 16, 1, 2 ],
			"faces": {
				"down": { "uv": [ 9, 4, 10, 3 ], "texture": "#0" },
				"up": { "uv": [ 9, 3, 10, 4 ], "texture": "#0" },
				"north": { "uv": [ 9, 3, 10, 4 ], "texture": "#0" },
				"south": { "uv": [ 9, 3, 10, 4 ], "texture": "#0" },
				"west": { "uv": [ 9, 3, 10, 4 ], "texture": "#0" },
				"east": { "uv": [ 9, 3, 10, 4 ], "texture": "#0" }
			}
		},
		{
			"from": [ 14, 0, 0 ],
			"to": [ 15, 1, 1 ],
			"faces": {
				"down": { "uv": [ 9, 4, 10, 3 ], "texture": "#0" },
				"up": { "uv": [ 9, 3, 10, 4 ], "texture": "#0" },
				"north": { "uv": [ 9, 3, 10, 4 ], "texture": "#0" },
				"south": { "uv": [ 9, 3, 10, 4 ], "texture": "#0" },
				"west": { "uv": [ 9, 3, 10, 4 ], "texture": "#0" },
				"east": { "uv": [ 9, 3, 10, 4 ], "texture": "#0" }
			}
		},
		{
			"from": [ 13, 0, -1 ],
			"to": [ 14, 1, 0 ],
			"faces": {
				"down": { "uv": [ 9, 4, 10, 3 ], "texture": "#0" },
				"up": { "uv": [ 9, 3, 10, 4 ], "texture": "#0" },
				"north": { "uv": [ 9, 3, 10, 4 ], "texture": "#0" },
				"south": { "uv": [ 9, 3, 10, 4 ], "texture": "#0" },
				"west": { "uv": [ 9, 3, 10, 4 ], "texture": "#0" },
				"east": { "uv": [ 9, 3, 10, 4 ], "texture": "#0" }
			}
		},
		{
			"from": [ 6, 0, 2 ],
			"to": [ 7, 1, 3 ],
			"faces": {
				"down": { "uv": [ 2, 7, 3, 6 ], "texture": "#0" },
				"up": { "uv": [ 2, 6, 3, 7 ], "texture": "#0" },
				"north": { "uv": [ 2, 6, 3, 7 ], "texture": "#0" },
				"south": { "uv": [ 2, 6, 3, 7 ], "texture": "#0" },
				"west": { "uv": [ 2, 6, 3, 7 ], "texture": "#0" },
				"east": { "uv": [ 2, 6, 3, 7 ], "texture": "#0" }
			}
		},
		{
			"from": [ 7, 0, 1 ],
			"to": [ 8, 1, 2 ],
			"faces": {
				"down": { "uv": [ 2, 7, 3, 6 ], "texture": "#0" },
				"up": { "uv": [ 2, 6, 3, 7 ], "texture": "#0" },
				"north": { "uv": [ 2, 6, 3, 7 ], "texture": "#0" },
				"south": { "uv": [ 2, 6, 3, 7 ], "texture": "#0" },
				"west": { "uv": [ 2, 6, 3, 7 ], "texture": "#0" },
				"east": { "uv": [ 2, 6, 3, 7 ], "texture": "#0" }
			}
		},
		{
			"from": [ 8, 0, 0 ],
			"to": [ 9, 1, 1 ],
			"faces": {
				"down": { "uv": [ 2, 7, 3, 6 ], "texture": "#0" },
				"up": { "uv": [ 2, 6, 3, 7 ], "texture": "#0" },
				"north": { "uv": [ 2, 6, 3, 7 ], "texture": "#0" },
				"south": { "uv": [ 2, 6, 3, 7 ], "texture": "#0" },
				"west": { "uv": [ 2, 6, 3, 7 ], "texture": "#0" },
				"east": { "uv": [ 2, 6, 3, 7 ], "texture": "#0" }
			}
		},
		{
			"from": [ 9, 0, -1 ],
			"to": [ 10, 1, 0 ],
			"faces": {
				"down": { "uv": [ 2, 7, 3, 6 ], "texture": "#0" },
				"up": { "uv": [ 2, 6, 3, 7 ], "texture": "#0" },
				"north": { "uv": [ 2, 6, 3, 7 ], "texture": "#0" },
				"south": { "uv": [ 2, 6, 3, 7 ], "texture": "#0" },
				"west": { "uv": [ 2, 6, 3, 7 ], "texture": "#0" },
				"east": { "uv": [ 2, 6, 3, 7 ], "texture": "#0" }
			}
		},
		{
			"from": [ 10, 0, -2 ],
			"to": [ 11, 1, -1 ],
			"faces": {
				"down": { "uv": [ 2, 7, 3, 6 ], "texture": "#0" },
				"up": { "uv": [ 2, 6, 3, 7 ], "texture": "#0" },
				"north": { "uv": [ 2, 6, 3, 7 ], "texture": "#0" },
				"south": { "uv": [ 2, 6, 3, 7 ], "texture": "#0" },
				"west": { "uv": [ 2, 6, 3, 7 ], "texture": "#0" },
				"east": { "uv": [ 2, 6, 3, 7 ], "texture": "#0" }
			}
		},
		{
			"from": [ 11, 0, -2 ],
			"to": [ 12, 1, -1 ],
			"faces": {
				"down": { "uv": [ 2, 7, 3, 6 ], "texture": "#0" },
				"up": { "uv": [ 2, 6, 3, 7 ], "texture": "#0" },
				"north": { "uv": [ 2, 6, 3, 7 ], "texture": "#0" },
				"south": { "uv": [ 2, 6, 3, 7 ], "texture": "#0" },
				"west": { "uv": [ 2, 6, 3, 7 ], "texture": "#0" },
				"east": { "uv": [ 2, 6, 3, 7 ], "texture": "#0" }
			}
		},
		{
			"from": [ 12, 0, -1 ],
			"to": [ 13, 1, 0 ],
			"faces": {
				"down": { "uv": [ 2, 7, 3, 6 ], "texture": "#0" },
				"up": { "uv": [ 2, 6, 3, 7 ], "texture": "#0" },
				"north": { "uv": [ 2, 6, 3, 7 ], "texture": "#0" },
				"south": { "uv": [ 2, 6, 3, 7 ], "texture": "#0" },
				"west": { "uv": [ 2, 6, 3, 7 ], "texture": "#0" },
				"east": { "uv": [ 2, 6, 3, 7 ], "texture": "#0" }
			}
		},
		{
			"from": [ 13, 0, 0 ],
			"to": [ 14, 1, 1 ],
			"faces": {
				"down": { "uv": [ 9, 5, 10, 4 ], "texture": "#0" },
				"up": { "uv": [ 9, 4, 10, 5 ], "texture": "#0" },
				"north": { "uv": [ 9, 4, 10, 5 ], "texture": "#0" },
				"south": { "uv": [ 9, 4, 10, 5 ], "texture": "#0" },
				"west": { "uv": [ 9, 4, 10, 5 ], "texture": "#0" },
				"east": { "uv": [ 9, 4, 10, 5 ], "texture": "#0" }
			}
		},
		{
			"from": [ 14, 0, 1 ],
			"to": [ 15, 1, 2 ],
			"faces": {
				"down": { "uv": [ 9, 5, 10, 4 ], "texture": "#0" },
				"up": { "uv": [ 9, 4, 10, 5 ], "texture": "#0" },
				"north": { "uv": [ 9, 4, 10, 5 ], "texture": "#0" },
				"south": { "uv": [ 9, 4, 10, 5 ], "texture": "#0" },
				"west": { "uv": [ 9, 4, 10, 5 ], "texture": "#0" },
				"east": { "uv": [ 9, 4, 10, 5 ], "texture": "#0" }
			}
		},
		{
			"from": [ 15, 0, 2 ],
			"to": [ 16, 1, 3 ],
			"faces": {
				"down": { "uv": [ 9, 5, 10, 4 ], "texture": "#0" },
				"up": { "uv": [ 9, 4, 10, 5 ], "texture": "#0" },
				"north": { "uv": [ 9, 4, 10, 5 ], "texture": "#0" },
				"south": { "uv": [ 9, 4, 10, 5 ], "texture": "#0" },
				"west": { "uv": [ 9, 4, 10, 5 ], "texture": "#0" },
				"east": { "uv": [ 9, 4, 10, 5 ], "texture": "#0" }
			}
		}
	],
	"display": {
		"thirdperson_righthand": {
			"rotation":  [ 60, 0, 90 ],
			"translation":  [ -7.5, 7.6521, 4 ]
		},
		"thirdperson_lefthand": {
			"rotation":  [ 60, 0, -90 ],
			"translation":  [ 7.5, 7.6521, 4 ]
		},
		"firstperson_righthand": {
			"rotation":  [ 30, 0, 50 ],
			"translation":  [ 3, 11, -6 ]
		},
		"firstperson_lefthand": {
			"rotation":  [ 30, 0, -130 ],
			"translation":  [ 12.304, 1.3913, -9 ]
		},
		"gui": {
			"rotation":  [ 0, -90, 90 ],
			"translation":  [ 0.3586, 0.6086, -5.5 ],
			"scale":  [ 0.6, 0.6, 0.6 ]
		},
		"head": {
			"rotation":  [ -121, -1, 88 ],
			"translation":  [ 5.3, -3.5, 0 ],
			"scale":  [ 0.2, 0.2, 0.2 ]
		},
		"ground": {
			"rotation":  [ 0, 0, 90 ],
			"translation":  [ -5.5, 6.5, -2.086 ],
			"scale":  [ 0.75, 0.75, 0.75 ]
		},
		"fixed": {
			"rotation":  [ 90, 0, 0 ],
			"translation":  [ 3, 2, 8.5 ]
		}
	}
}