{
    "__comment": "Model generated by using MrCrayfish's Model Creator (http://mrcrayfish.com/modelcreator/)",
    "textures": {
        "particle": "./epieux",
        "0": "./epieux"
    },
    "elements": [
        {
            "name": "Cube",
            "from": [ -4.0, 0.0, 19.0 ], 
            "to": [ -3.0, 1.0, 20.0 ], 
            "faces": {
                "north": { "texture": "#0", "uv": [ 0.0, 15.0, 1.0, 16.0 ] },
                "east": { "texture": "#0", "uv": [ 0.0, 15.0, 1.0, 16.0 ] },
                "south": { "texture": "#0", "uv": [ 0.0, 15.0, 1.0, 16.0 ] },
                "west": { "texture": "#0", "uv": [ 0.0, 15.0, 1.0, 16.0 ] },
                "up": { "texture": "#0", "uv": [ 0.0, 15.0, 1.0, 16.0 ] },
                "down": { "texture": "#0", "uv": [ 0.0, 15.0, 1.0, 16.0 ] }
            }
        },
        {
            "name": "Cube",
            "from": [ -3.0, 0.0, 19.0 ], 
            "to": [ -2.0, 1.0, 20.0 ], 
            "faces": {
                "north": { "texture": "#0", "uv": [ 0.0, 15.0, 1.0, 16.0 ] },
                "east": { "texture": "#0", "uv": [ 0.0, 15.0, 1.0, 16.0 ] },
                "south": { "texture": "#0", "uv": [ 0.0, 15.0, 1.0, 16.0 ] },
                "west": { "texture": "#0", "uv": [ 0.0, 15.0, 1.0, 16.0 ] },
                "up": { "texture": "#0", "uv": [ 0.0, 15.0, 1.0, 16.0 ] },
                "down": { "texture": "#0", "uv": [ 0.0, 15.0, 1.0, 16.0 ] }
            }
        },
        {
            "name": "Cube",
            "from": [ -2.0, 0.0, 18.0 ], 
            "to": [ -1.0, 1.0, 19.0 ], 
            "faces": {
                "north": { "texture": "#0", "uv": [ 0.0, 15.0, 1.0, 16.0 ] },
                "east": { "texture": "#0", "uv": [ 0.0, 15.0, 1.0, 16.0 ] },
                "south": { "texture": "#0", "uv": [ 0.0, 15.0, 1.0, 16.0 ] },
                "west": { "texture": "#0", "uv": [ 0.0, 15.0, 1.0, 16.0 ] },
                "up": { "texture": "#0", "uv": [ 0.0, 15.0, 1.0, 16.0 ] },
                "down": { "texture": "#0", "uv": [ 0.0, 15.0, 1.0, 16.0 ] }
            }
        },
        {
            "name": "Cube",
            "from": [ -1.0, 0.0, 17.0 ], 
            "to": [ 0.0, 1.0, 18.0 ], 
            "faces": {
                "north": { "texture": "#0", "uv": [ 0.0, 15.0, 1.0, 16.0 ] },
                "east": { "texture": "#0", "uv": [ 0.0, 15.0, 1.0, 16.0 ] },
                "south": { "texture": "#0", "uv": [ 0.0, 15.0, 1.0, 16.0 ] },
                "west": { "texture": "#0", "uv": [ 0.0, 15.0, 1.0, 16.0 ] },
                "up": { "texture": "#0", "uv": [ 0.0, 15.0, 1.0, 16.0 ] },
                "down": { "texture": "#0", "uv": [ 0.0, 15.0, 1.0, 16.0 ] }
            }
        },
        {
            "name": "Cube",
            "from": [ 0.0, 0.0, 16.0 ], 
            "to": [ 1.0, 1.0, 17.0 ], 
            "faces": {
                "north": { "texture": "#0", "uv": [ 0.0, 15.0, 1.0, 16.0 ] },
                "east": { "texture": "#0", "uv": [ 0.0, 15.0, 1.0, 16.0 ] },
                "south": { "texture": "#0", "uv": [ 0.0, 15.0, 1.0, 16.0 ] },
                "west": { "texture": "#0", "uv": [ 0.0, 15.0, 1.0, 16.0 ] },
                "up": { "texture": "#0", "uv": [ 0.0, 15.0, 1.0, 16.0 ] },
                "down": { "texture": "#0", "uv": [ 0.0, 15.0, 1.0, 16.0 ] }
            }
        },
        {
            "name": "Cube",
            "from": [ 1.0, 0.0, 15.0 ], 
            "to": [ 2.0, 1.0, 16.0 ], 
            "faces": {
                "north": { "texture": "#0", "uv": [ 0.0, 15.0, 1.0, 16.0 ] },
                "east": { "texture": "#0", "uv": [ 0.0, 15.0, 1.0, 16.0 ] },
                "south": { "texture": "#0", "uv": [ 0.0, 15.0, 1.0, 16.0 ] },
                "west": { "texture": "#0", "uv": [ 0.0, 15.0, 1.0, 16.0 ] },
                "up": { "texture": "#0", "uv": [ 0.0, 15.0, 1.0, 16.0 ] },
                "down": { "texture": "#0", "uv": [ 0.0, 15.0, 1.0, 16.0 ] }
            }
        },
        {
            "name": "Cube",
            "from": [ 2.0, 0.0, 14.0 ], 
            "to": [ 3.0, 1.0, 15.0 ], 
            "faces": {
                "north": { "texture": "#0", "uv": [ 0.0, 15.0, 1.0, 16.0 ] },
                "east": { "texture": "#0", "uv": [ 0.0, 15.0, 1.0, 16.0 ] },
                "south": { "texture": "#0", "uv": [ 0.0, 15.0, 1.0, 16.0 ] },
                "west": { "texture": "#0", "uv": [ 0.0, 15.0, 1.0, 16.0 ] },
                "up": { "texture": "#0", "uv": [ 0.0, 15.0, 1.0, 16.0 ] },
                "down": { "texture": "#0", "uv": [ 0.0, 15.0, 1.0, 16.0 ] }
            }
        },
        {
            "name": "Cube",
            "from": [ 3.0, 0.0, 13.0 ], 
            "to": [ 4.0, 1.0, 14.0 ], 
            "faces": {
                "north": { "texture": "#0", "uv": [ 0.0, 15.0, 1.0, 16.0 ] },
                "east": { "texture": "#0", "uv": [ 0.0, 15.0, 1.0, 16.0 ] },
                "south": { "texture": "#0", "uv": [ 0.0, 15.0, 1.0, 16.0 ] },
                "west": { "texture": "#0", "uv": [ 0.0, 15.0, 1.0, 16.0 ] },
                "up": { "texture": "#0", "uv": [ 0.0, 15.0, 1.0, 16.0 ] },
                "down": { "texture": "#0", "uv": [ 0.0, 15.0, 1.0, 16.0 ] }
            }
        },
        {
            "name": "Cube",
            "from": [ 4.0, 0.0, 12.0 ], 
            "to": [ 5.0, 1.0, 13.0 ], 
            "faces": {
                "north": { "texture": "#0", "uv": [ 0.0, 15.0, 1.0, 16.0 ] },
                "east": { "texture": "#0", "uv": [ 0.0, 15.0, 1.0, 16.0 ] },
                "south": { "texture": "#0", "uv": [ 0.0, 15.0, 1.0, 16.0 ] },
                "west": { "texture": "#0", "uv": [ 0.0, 15.0, 1.0, 16.0 ] },
                "up": { "texture": "#0", "uv": [ 0.0, 15.0, 1.0, 16.0 ] },
                "down": { "texture": "#0", "uv": [ 0.0, 15.0, 1.0, 16.0 ] }
            }
        },
        {
            "name": "Cube",
            "from": [ 5.0, 0.0, 11.0 ], 
            "to": [ 6.0, 1.0, 12.0 ], 
            "faces": {
                "north": { "texture": "#0", "uv": [ 0.0, 15.0, 1.0, 16.0 ] },
                "east": { "texture": "#0", "uv": [ 0.0, 15.0, 1.0, 16.0 ] },
                "south": { "texture": "#0", "uv": [ 0.0, 15.0, 1.0, 16.0 ] },
                "west": { "texture": "#0", "uv": [ 0.0, 15.0, 1.0, 16.0 ] },
                "up": { "texture": "#0", "uv": [ 0.0, 15.0, 1.0, 16.0 ] },
                "down": { "texture": "#0", "uv": [ 0.0, 15.0, 1.0, 16.0 ] }
            }
        },
        {
            "name": "Cube",
            "from": [ 6.0, 0.0, 10.0 ], 
            "to": [ 7.0, 1.0, 11.0 ], 
            "faces": {
                "north": { "texture": "#0", "uv": [ 0.0, 15.0, 1.0, 16.0 ] },
                "east": { "texture": "#0", "uv": [ 0.0, 15.0, 1.0, 16.0 ] },
                "south": { "texture": "#0", "uv": [ 0.0, 15.0, 1.0, 16.0 ] },
                "west": { "texture": "#0", "uv": [ 0.0, 15.0, 1.0, 16.0 ] },
                "up": { "texture": "#0", "uv": [ 0.0, 15.0, 1.0, 16.0 ] },
                "down": { "texture": "#0", "uv": [ 0.0, 15.0, 1.0, 16.0 ] }
            }
        },
        {
            "name": "Cube",
            "from": [ 7.0, 0.0, 9.0 ], 
            "to": [ 8.0, 1.0, 10.0 ], 
            "faces": {
                "north": { "texture": "#0", "uv": [ 0.0, 15.0, 1.0, 16.0 ] },
                "east": { "texture": "#0", "uv": [ 0.0, 15.0, 1.0, 16.0 ] },
                "south": { "texture": "#0", "uv": [ 0.0, 15.0, 1.0, 16.0 ] },
                "west": { "texture": "#0", "uv": [ 0.0, 15.0, 1.0, 16.0 ] },
                "up": { "texture": "#0", "uv": [ 0.0, 15.0, 1.0, 16.0 ] },
                "down": { "texture": "#0", "uv": [ 0.0, 15.0, 1.0, 16.0 ] }
            }
        },
        {
            "name": "Cube",
            "from": [ 8.0, 0.0, 8.0 ], 
            "to": [ 9.0, 1.0, 9.0 ], 
            "faces": {
                "north": { "texture": "#0", "uv": [ 0.0, 15.0, 1.0, 16.0 ] },
                "east": { "texture": "#0", "uv": [ 0.0, 15.0, 1.0, 16.0 ] },
                "south": { "texture": "#0", "uv": [ 0.0, 15.0, 1.0, 16.0 ] },
                "west": { "texture": "#0", "uv": [ 0.0, 15.0, 1.0, 16.0 ] },
                "up": { "texture": "#0", "uv": [ 0.0, 15.0, 1.0, 16.0 ] },
                "down": { "texture": "#0", "uv": [ 0.0, 15.0, 1.0, 16.0 ] }
            }
        },
        {
            "name": "Cube",
            "from": [ 9.0, 0.0, 7.0 ], 
            "to": [ 10.0, 1.0, 8.0 ], 
            "faces": {
                "north": { "texture": "#0", "uv": [ 0.0, 15.0, 1.0, 16.0 ] },
                "east": { "texture": "#0", "uv": [ 0.0, 15.0, 1.0, 16.0 ] },
                "south": { "texture": "#0", "uv": [ 0.0, 15.0, 1.0, 16.0 ] },
                "west": { "texture": "#0", "uv": [ 0.0, 15.0, 1.0, 16.0 ] },
                "up": { "texture": "#0", "uv": [ 0.0, 15.0, 1.0, 16.0 ] },
                "down": { "texture": "#0", "uv": [ 0.0, 15.0, 1.0, 16.0 ] }
            }
        },
        {
            "name": "Cube",
            "from": [ 10.0, 0.0, 6.0 ], 
            "to": [ 11.0, 1.0, 7.0 ], 
            "faces": {
                "north": { "texture": "#0", "uv": [ 0.0, 15.0, 1.0, 16.0 ] },
                "east": { "texture": "#0", "uv": [ 0.0, 15.0, 1.0, 16.0 ] },
                "south": { "texture": "#0", "uv": [ 0.0, 15.0, 1.0, 16.0 ] },
                "west": { "texture": "#0", "uv": [ 0.0, 15.0, 1.0, 16.0 ] },
                "up": { "texture": "#0", "uv": [ 0.0, 15.0, 1.0, 16.0 ] },
                "down": { "texture": "#0", "uv": [ 0.0, 15.0, 1.0, 16.0 ] }
            }
        },
        {
            "name": "Cube",
            "from": [ 11.0, 0.0, 5.0 ], 
            "to": [ 12.0, 1.0, 6.0 ], 
            "faces": {
                "north": { "texture": "#0", "uv": [ 0.0, 15.0, 1.0, 16.0 ] },
                "east": { "texture": "#0", "uv": [ 0.0, 15.0, 1.0, 16.0 ] },
                "south": { "texture": "#0", "uv": [ 0.0, 15.0, 1.0, 16.0 ] },
                "west": { "texture": "#0", "uv": [ 0.0, 15.0, 1.0, 16.0 ] },
                "up": { "texture": "#0", "uv": [ 0.0, 15.0, 1.0, 16.0 ] },
                "down": { "texture": "#0", "uv": [ 0.0, 15.0, 1.0, 16.0 ] }
            }
        },
        {
            "name": "Cube",
            "from": [ 12.0, 0.0, 4.0 ], 
            "to": [ 13.0, 1.0, 5.0 ], 
            "faces": {
                "north": { "texture": "#0", "uv": [ 0.0, 15.0, 1.0, 16.0 ] },
                "east": { "texture": "#0", "uv": [ 0.0, 15.0, 1.0, 16.0 ] },
                "south": { "texture": "#0", "uv": [ 0.0, 15.0, 1.0, 16.0 ] },
                "west": { "texture": "#0", "uv": [ 0.0, 15.0, 1.0, 16.0 ] },
                "up": { "texture": "#0", "uv": [ 0.0, 15.0, 1.0, 16.0 ] },
                "down": { "texture": "#0", "uv": [ 0.0, 15.0, 1.0, 16.0 ] }
            }
        },
        {
            "name": "Cube",
            "from": [ 13.0, 0.0, 3.0 ], 
            "to": [ 14.0, 1.0, 4.0 ], 
            "faces": {
                "north": { "texture": "#0", "uv": [ 0.0, 15.0, 1.0, 16.0 ] },
                "east": { "texture": "#0", "uv": [ 0.0, 15.0, 1.0, 16.0 ] },
                "south": { "texture": "#0", "uv": [ 0.0, 15.0, 1.0, 16.0 ] },
                "west": { "texture": "#0", "uv": [ 0.0, 15.0, 1.0, 16.0 ] },
                "up": { "texture": "#0", "uv": [ 0.0, 15.0, 1.0, 16.0 ] },
                "down": { "texture": "#0", "uv": [ 0.0, 15.0, 1.0, 16.0 ] }
            }
        },
        {
            "name": "Cube",
            "from": [ 14.0, 0.0, 2.0 ], 
            "to": [ 15.0, 1.0, 3.0 ], 
            "faces": {
                "north": { "texture": "#0", "uv": [ 0.0, 15.0, 1.0, 16.0 ] },
                "east": { "texture": "#0", "uv": [ 0.0, 15.0, 1.0, 16.0 ] },
                "south": { "texture": "#0", "uv": [ 0.0, 15.0, 1.0, 16.0 ] },
                "west": { "texture": "#0", "uv": [ 0.0, 15.0, 1.0, 16.0 ] },
                "up": { "texture": "#0", "uv": [ 0.0, 15.0, 1.0, 16.0 ] },
                "down": { "texture": "#0", "uv": [ 0.0, 15.0, 1.0, 16.0 ] }
            }
        },
        {
            "name": "Cube",
            "from": [ 15.0, 0.0, 1.0 ], 
            "to": [ 16.0, 1.0, 2.0 ], 
            "faces": {
                "north": { "texture": "#0", "uv": [ 0.0, 15.0, 1.0, 16.0 ] },
                "east": { "texture": "#0", "uv": [ 0.0, 15.0, 1.0, 16.0 ] },
                "south": { "texture": "#0", "uv": [ 0.0, 15.0, 1.0, 16.0 ] },
                "west": { "texture": "#0", "uv": [ 0.0, 15.0, 1.0, 16.0 ] },
                "up": { "texture": "#0", "uv": [ 0.0, 15.0, 1.0, 16.0 ] },
                "down": { "texture": "#0", "uv": [ 0.0, 15.0, 1.0, 16.0 ] }
            }
        },
        {
            "name": "Cube",
            "from": [ 16.0, 0.0, 0.0 ], 
            "to": [ 17.0, 1.0, 1.0 ], 
            "faces": {
                "north": { "texture": "#0", "uv": [ 0.0, 15.0, 1.0, 16.0 ] },
                "east": { "texture": "#0", "uv": [ 0.0, 15.0, 1.0, 16.0 ] },
                "south": { "texture": "#0", "uv": [ 0.0, 15.0, 1.0, 16.0 ] },
                "west": { "texture": "#0", "uv": [ 0.0, 15.0, 1.0, 16.0 ] },
                "up": { "texture": "#0", "uv": [ 0.0, 15.0, 1.0, 16.0 ] },
                "down": { "texture": "#0", "uv": [ 0.0, 15.0, 1.0, 16.0 ] }
            }
        },
        {
            "name": "Cube",
            "from": [ 17.0, 0.0, -1.0 ], 
            "to": [ 18.0, 1.0, 0.0 ], 
            "faces": {
                "north": { "texture": "#0", "uv": [ 0.0, 15.0, 1.0, 16.0 ] },
                "east": { "texture": "#0", "uv": [ 0.0, 15.0, 1.0, 16.0 ] },
                "south": { "texture": "#0", "uv": [ 0.0, 15.0, 1.0, 16.0 ] },
                "west": { "texture": "#0", "uv": [ 0.0, 15.0, 1.0, 16.0 ] },
                "up": { "texture": "#0", "uv": [ 0.0, 15.0, 1.0, 16.0 ] },
                "down": { "texture": "#0", "uv": [ 0.0, 15.0, 1.0, 16.0 ] }
            }
        },
        {
            "name": "Cube",
            "from": [ 18.0, 0.0, -2.0 ], 
            "to": [ 19.0, 1.0, -1.0 ], 
            "faces": {
                "north": { "texture": "#0", "uv": [ 0.0, 15.0, 1.0, 16.0 ] },
                "east": { "texture": "#0", "uv": [ 0.0, 15.0, 1.0, 16.0 ] },
                "south": { "texture": "#0", "uv": [ 0.0, 15.0, 1.0, 16.0 ] },
                "west": { "texture": "#0", "uv": [ 0.0, 15.0, 1.0, 16.0 ] },
                "up": { "texture": "#0", "uv": [ 0.0, 15.0, 1.0, 16.0 ] },
                "down": { "texture": "#0", "uv": [ 0.0, 15.0, 1.0, 16.0 ] }
            }
        },
        {
            "name": "Cube",
            "from": [ 19.0, 0.0, -3.0 ], 
            "to": [ 20.0, 1.0, -2.0 ], 
            "faces": {
                "north": { "texture": "#0", "uv": [ 0.0, 15.0, 1.0, 16.0 ] },
                "east": { "texture": "#0", "uv": [ 0.0, 15.0, 1.0, 16.0 ] },
                "south": { "texture": "#0", "uv": [ 0.0, 15.0, 1.0, 16.0 ] },
                "west": { "texture": "#0", "uv": [ 0.0, 15.0, 1.0, 16.0 ] },
                "up": { "texture": "#0", "uv": [ 0.0, 15.0, 1.0, 16.0 ] },
                "down": { "texture": "#0", "uv": [ 0.0, 15.0, 1.0, 16.0 ] }
            }
        },
        {
            "name": "Cube",
            "from": [ 20.0, 0.0, -4.0 ], 
            "to": [ 21.0, 1.0, -3.0 ], 
            "faces": {
                "north": { "texture": "#0", "uv": [ 0.0, 15.0, 1.0, 16.0 ] },
                "east": { "texture": "#0", "uv": [ 0.0, 15.0, 1.0, 16.0 ] },
                "south": { "texture": "#0", "uv": [ 0.0, 15.0, 1.0, 16.0 ] },
                "west": { "texture": "#0", "uv": [ 0.0, 15.0, 1.0, 16.0 ] },
                "up": { "texture": "#0", "uv": [ 0.0, 15.0, 1.0, 16.0 ] },
                "down": { "texture": "#0", "uv": [ 0.0, 15.0, 1.0, 16.0 ] }
            }
        },
        {
            "name": "Cube",
            "from": [ 21.0, 0.0, -5.0 ], 
            "to": [ 22.0, 1.0, -4.0 ], 
            "faces": {
                "north": { "texture": "#0", "uv": [ 0.0, 15.0, 1.0, 16.0 ] },
                "east": { "texture": "#0", "uv": [ 0.0, 15.0, 1.0, 16.0 ] },
                "south": { "texture": "#0", "uv": [ 0.0, 15.0, 1.0, 16.0 ] },
                "west": { "texture": "#0", "uv": [ 0.0, 15.0, 1.0, 16.0 ] },
                "up": { "texture": "#0", "uv": [ 0.0, 15.0, 1.0, 16.0 ] },
                "down": { "texture": "#0", "uv": [ 0.0, 15.0, 1.0, 16.0 ] }
            }
        },
        {
            "name": "Cube",
            "from": [ 22.0, 0.0, -6.0 ], 
            "to": [ 23.0, 1.0, -5.0 ], 
            "faces": {
                "north": { "texture": "#0", "uv": [ 0.0, 15.0, 1.0, 16.0 ] },
                "east": { "texture": "#0", "uv": [ 0.0, 15.0, 1.0, 16.0 ] },
                "south": { "texture": "#0", "uv": [ 0.0, 15.0, 1.0, 16.0 ] },
                "west": { "texture": "#0", "uv": [ 0.0, 15.0, 1.0, 16.0 ] },
                "up": { "texture": "#0", "uv": [ 0.0, 15.0, 1.0, 16.0 ] },
                "down": { "texture": "#0", "uv": [ 0.0, 15.0, 1.0, 16.0 ] }
            }
        },
        {
            "name": "Cube",
            "from": [ 23.0, 0.0, -7.0 ], 
            "to": [ 24.0, 1.0, -6.0 ], 
            "faces": {
                "north": { "texture": "#0", "uv": [ 0.0, 15.0, 1.0, 16.0 ] },
                "east": { "texture": "#0", "uv": [ 0.0, 15.0, 1.0, 16.0 ] },
                "south": { "texture": "#0", "uv": [ 0.0, 15.0, 1.0, 16.0 ] },
                "west": { "texture": "#0", "uv": [ 0.0, 15.0, 1.0, 16.0 ] },
                "up": { "texture": "#0", "uv": [ 0.0, 15.0, 1.0, 16.0 ] },
                "down": { "texture": "#0", "uv": [ 0.0, 15.0, 1.0, 16.0 ] }
            }
        },
        {
            "name": "Cube",
            "from": [ 22.0, 0.0, -8.0 ], 
            "to": [ 23.0, 1.0, -7.0 ], 
            "faces": {
                "north": { "texture": "#0", "uv": [ 0.0, 14.0, 1.0, 15.0 ] },
                "east": { "texture": "#0", "uv": [ 0.0, 14.0, 1.0, 15.0 ] },
                "south": { "texture": "#0", "uv": [ 0.0, 14.0, 1.0, 15.0 ] },
                "west": { "texture": "#0", "uv": [ 0.0, 14.0, 1.0, 15.0 ] },
                "up": { "texture": "#0", "uv": [ 0.0, 14.0, 1.0, 15.0 ] },
                "down": { "texture": "#0", "uv": [ 0.0, 14.0, 1.0, 15.0 ] }
            }
        },
        {
            "name": "Cube",
            "from": [ 21.0, 0.0, -7.0 ], 
            "to": [ 22.0, 1.0, -6.0 ], 
            "faces": {
                "north": { "texture": "#0", "uv": [ 0.0, 14.0, 1.0, 15.0 ] },
                "east": { "texture": "#0", "uv": [ 0.0, 14.0, 1.0, 15.0 ] },
                "south": { "texture": "#0", "uv": [ 0.0, 14.0, 1.0, 15.0 ] },
                "west": { "texture": "#0", "uv": [ 0.0, 14.0, 1.0, 15.0 ] },
                "up": { "texture": "#0", "uv": [ 0.0, 14.0, 1.0, 15.0 ] },
                "down": { "texture": "#0", "uv": [ 0.0, 14.0, 1.0, 15.0 ] }
            }
        },
        {
            "name": "Cube",
            "from": [ 20.0, 0.0, -6.0 ], 
            "to": [ 21.0, 1.0, -5.0 ], 
            "faces": {
                "north": { "texture": "#0", "uv": [ 0.0, 14.0, 1.0, 15.0 ] },
                "east": { "texture": "#0", "uv": [ 0.0, 14.0, 1.0, 15.0 ] },
                "south": { "texture": "#0", "uv": [ 0.0, 14.0, 1.0, 15.0 ] },
                "west": { "texture": "#0", "uv": [ 0.0, 14.0, 1.0, 15.0 ] },
                "up": { "texture": "#0", "uv": [ 0.0, 14.0, 1.0, 15.0 ] },
                "down": { "texture": "#0", "uv": [ 0.0, 14.0, 1.0, 15.0 ] }
            }
        },
        {
            "name": "Cube",
            "from": [ 19.0, 0.0, -5.0 ], 
            "to": [ 20.0, 1.0, -4.0 ], 
            "faces": {
                "north": { "texture": "#0", "uv": [ 0.0, 14.0, 1.0, 15.0 ] },
                "east": { "texture": "#0", "uv": [ 0.0, 14.0, 1.0, 15.0 ] },
                "south": { "texture": "#0", "uv": [ 0.0, 14.0, 1.0, 15.0 ] },
                "west": { "texture": "#0", "uv": [ 0.0, 14.0, 1.0, 15.0 ] },
                "up": { "texture": "#0", "uv": [ 0.0, 14.0, 1.0, 15.0 ] },
                "down": { "texture": "#0", "uv": [ 0.0, 14.0, 1.0, 15.0 ] }
            }
        },
        {
            "name": "Cube",
            "from": [ 18.0, 0.0, -4.0 ], 
            "to": [ 19.0, 1.0, -3.0 ], 
            "faces": {
                "north": { "texture": "#0", "uv": [ 0.0, 14.0, 1.0, 15.0 ] },
                "east": { "texture": "#0", "uv": [ 0.0, 14.0, 1.0, 15.0 ] },
                "south": { "texture": "#0", "uv": [ 0.0, 14.0, 1.0, 15.0 ] },
                "west": { "texture": "#0", "uv": [ 0.0, 14.0, 1.0, 15.0 ] },
                "up": { "texture": "#0", "uv": [ 0.0, 14.0, 1.0, 15.0 ] },
                "down": { "texture": "#0", "uv": [ 0.0, 14.0, 1.0, 15.0 ] }
            }
        },
        {
            "name": "Cube",
            "from": [ 17.0, 0.0, -3.0 ], 
            "to": [ 18.0, 1.0, -2.0 ], 
            "faces": {
                "north": { "texture": "#0", "uv": [ 0.0, 14.0, 1.0, 15.0 ] },
                "east": { "texture": "#0", "uv": [ 0.0, 14.0, 1.0, 15.0 ] },
                "south": { "texture": "#0", "uv": [ 0.0, 14.0, 1.0, 15.0 ] },
                "west": { "texture": "#0", "uv": [ 0.0, 14.0, 1.0, 15.0 ] },
                "up": { "texture": "#0", "uv": [ 0.0, 14.0, 1.0, 15.0 ] },
                "down": { "texture": "#0", "uv": [ 0.0, 14.0, 1.0, 15.0 ] }
            }
        },
        {
            "name": "Cube",
            "from": [ 16.0, 0.0, -2.0 ], 
            "to": [ 17.0, 1.0, -1.0 ], 
            "faces": {
                "north": { "texture": "#0", "uv": [ 0.0, 14.0, 1.0, 15.0 ] },
                "east": { "texture": "#0", "uv": [ 0.0, 14.0, 1.0, 15.0 ] },
                "south": { "texture": "#0", "uv": [ 0.0, 14.0, 1.0, 15.0 ] },
                "west": { "texture": "#0", "uv": [ 0.0, 14.0, 1.0, 15.0 ] },
                "up": { "texture": "#0", "uv": [ 0.0, 14.0, 1.0, 15.0 ] },
                "down": { "texture": "#0", "uv": [ 0.0, 14.0, 1.0, 15.0 ] }
            }
        },
        {
            "name": "Cube",
            "from": [ 15.0, 0.0, -1.0 ], 
            "to": [ 16.0, 1.0, 0.0 ], 
            "faces": {
                "north": { "texture": "#0", "uv": [ 0.0, 14.0, 1.0, 15.0 ] },
                "east": { "texture": "#0", "uv": [ 0.0, 14.0, 1.0, 15.0 ] },
                "south": { "texture": "#0", "uv": [ 0.0, 14.0, 1.0, 15.0 ] },
                "west": { "texture": "#0", "uv": [ 0.0, 14.0, 1.0, 15.0 ] },
                "up": { "texture": "#0", "uv": [ 0.0, 14.0, 1.0, 15.0 ] },
                "down": { "texture": "#0", "uv": [ 0.0, 14.0, 1.0, 15.0 ] }
            }
        },
        {
            "name": "Cube",
            "from": [ 14.0, 0.0, 0.0 ], 
            "to": [ 15.0, 1.0, 1.0 ], 
            "faces": {
                "north": { "texture": "#0", "uv": [ 0.0, 14.0, 1.0, 15.0 ] },
                "east": { "texture": "#0", "uv": [ 0.0, 14.0, 1.0, 15.0 ] },
                "south": { "texture": "#0", "uv": [ 0.0, 14.0, 1.0, 15.0 ] },
                "west": { "texture": "#0", "uv": [ 0.0, 14.0, 1.0, 15.0 ] },
                "up": { "texture": "#0", "uv": [ 0.0, 14.0, 1.0, 15.0 ] },
                "down": { "texture": "#0", "uv": [ 0.0, 14.0, 1.0, 15.0 ] }
            }
        },
        {
            "name": "Cube",
            "from": [ 13.0, 0.0, 1.0 ], 
            "to": [ 14.0, 1.0, 2.0 ], 
            "faces": {
                "north": { "texture": "#0", "uv": [ 0.0, 14.0, 1.0, 15.0 ] },
                "east": { "texture": "#0", "uv": [ 0.0, 14.0, 1.0, 15.0 ] },
                "south": { "texture": "#0", "uv": [ 0.0, 14.0, 1.0, 15.0 ] },
                "west": { "texture": "#0", "uv": [ 0.0, 14.0, 1.0, 15.0 ] },
                "up": { "texture": "#0", "uv": [ 0.0, 14.0, 1.0, 15.0 ] },
                "down": { "texture": "#0", "uv": [ 0.0, 14.0, 1.0, 15.0 ] }
            }
        },
        {
            "name": "Cube",
            "from": [ 12.0, 0.0, 2.0 ], 
            "to": [ 13.0, 1.0, 3.0 ], 
            "faces": {
                "north": { "texture": "#0", "uv": [ 0.0, 14.0, 1.0, 15.0 ] },
                "east": { "texture": "#0", "uv": [ 0.0, 14.0, 1.0, 15.0 ] },
                "south": { "texture": "#0", "uv": [ 0.0, 14.0, 1.0, 15.0 ] },
                "west": { "texture": "#0", "uv": [ 0.0, 14.0, 1.0, 15.0 ] },
                "up": { "texture": "#0", "uv": [ 0.0, 14.0, 1.0, 15.0 ] },
                "down": { "texture": "#0", "uv": [ 0.0, 14.0, 1.0, 15.0 ] }
            }
        },
        {
            "name": "Cube",
            "from": [ 11.0, 0.0, 3.0 ], 
            "to": [ 12.0, 1.0, 4.0 ], 
            "faces": {
                "north": { "texture": "#0", "uv": [ 0.0, 14.0, 1.0, 15.0 ] },
                "east": { "texture": "#0", "uv": [ 0.0, 14.0, 1.0, 15.0 ] },
                "south": { "texture": "#0", "uv": [ 0.0, 14.0, 1.0, 15.0 ] },
                "west": { "texture": "#0", "uv": [ 0.0, 14.0, 1.0, 15.0 ] },
                "up": { "texture": "#0", "uv": [ 0.0, 14.0, 1.0, 15.0 ] },
                "down": { "texture": "#0", "uv": [ 0.0, 14.0, 1.0, 15.0 ] }
            }
        },
        {
            "name": "Cube",
            "from": [ 10.0, 0.0, 4.0 ], 
            "to": [ 11.0, 1.0, 5.0 ], 
            "faces": {
                "north": { "texture": "#0", "uv": [ 0.0, 14.0, 1.0, 15.0 ] },
                "east": { "texture": "#0", "uv": [ 0.0, 14.0, 1.0, 15.0 ] },
                "south": { "texture": "#0", "uv": [ 0.0, 14.0, 1.0, 15.0 ] },
                "west": { "texture": "#0", "uv": [ 0.0, 14.0, 1.0, 15.0 ] },
                "up": { "texture": "#0", "uv": [ 0.0, 14.0, 1.0, 15.0 ] },
                "down": { "texture": "#0", "uv": [ 0.0, 14.0, 1.0, 15.0 ] }
            }
        },
        {
            "name": "Cube",
            "from": [ 9.0, 0.0, 5.0 ], 
            "to": [ 10.0, 1.0, 6.0 ], 
            "faces": {
                "north": { "texture": "#0", "uv": [ 0.0, 14.0, 1.0, 15.0 ] },
                "east": { "texture": "#0", "uv": [ 0.0, 14.0, 1.0, 15.0 ] },
                "south": { "texture": "#0", "uv": [ 0.0, 14.0, 1.0, 15.0 ] },
                "west": { "texture": "#0", "uv": [ 0.0, 14.0, 1.0, 15.0 ] },
                "up": { "texture": "#0", "uv": [ 0.0, 14.0, 1.0, 15.0 ] },
                "down": { "texture": "#0", "uv": [ 0.0, 14.0, 1.0, 15.0 ] }
            }
        },
        {
            "name": "Cube",
            "from": [ 8.0, 0.0, 6.0 ], 
            "to": [ 9.0, 1.0, 7.0 ], 
            "faces": {
                "north": { "texture": "#0", "uv": [ 0.0, 14.0, 1.0, 15.0 ] },
                "east": { "texture": "#0", "uv": [ 0.0, 14.0, 1.0, 15.0 ] },
                "south": { "texture": "#0", "uv": [ 0.0, 14.0, 1.0, 15.0 ] },
                "west": { "texture": "#0", "uv": [ 0.0, 14.0, 1.0, 15.0 ] },
                "up": { "texture": "#0", "uv": [ 0.0, 14.0, 1.0, 15.0 ] },
                "down": { "texture": "#0", "uv": [ 0.0, 14.0, 1.0, 15.0 ] }
            }
        },
        {
            "name": "Cube",
            "from": [ 7.0, 0.0, 7.0 ], 
            "to": [ 8.0, 1.0, 8.0 ], 
            "faces": {
                "north": { "texture": "#0", "uv": [ 0.0, 14.0, 1.0, 15.0 ] },
                "east": { "texture": "#0", "uv": [ 0.0, 14.0, 1.0, 15.0 ] },
                "south": { "texture": "#0", "uv": [ 0.0, 14.0, 1.0, 15.0 ] },
                "west": { "texture": "#0", "uv": [ 0.0, 14.0, 1.0, 15.0 ] },
                "up": { "texture": "#0", "uv": [ 0.0, 14.0, 1.0, 15.0 ] },
                "down": { "texture": "#0", "uv": [ 0.0, 14.0, 1.0, 15.0 ] }
            }
        },
        {
            "name": "Cube",
            "from": [ 6.0, 0.0, 8.0 ], 
            "to": [ 7.0, 1.0, 9.0 ], 
            "faces": {
                "north": { "texture": "#0", "uv": [ 0.0, 14.0, 1.0, 15.0 ] },
                "east": { "texture": "#0", "uv": [ 0.0, 14.0, 1.0, 15.0 ] },
                "south": { "texture": "#0", "uv": [ 0.0, 14.0, 1.0, 15.0 ] },
                "west": { "texture": "#0", "uv": [ 0.0, 14.0, 1.0, 15.0 ] },
                "up": { "texture": "#0", "uv": [ 0.0, 14.0, 1.0, 15.0 ] },
                "down": { "texture": "#0", "uv": [ 0.0, 14.0, 1.0, 15.0 ] }
            }
        },
        {
            "name": "Cube",
            "from": [ 5.0, 0.0, 9.0 ], 
            "to": [ 6.0, 1.0, 10.0 ], 
            "faces": {
                "north": { "texture": "#0", "uv": [ 0.0, 14.0, 1.0, 15.0 ] },
                "east": { "texture": "#0", "uv": [ 0.0, 14.0, 1.0, 15.0 ] },
                "south": { "texture": "#0", "uv": [ 0.0, 14.0, 1.0, 15.0 ] },
                "west": { "texture": "#0", "uv": [ 0.0, 14.0, 1.0, 15.0 ] },
                "up": { "texture": "#0", "uv": [ 0.0, 14.0, 1.0, 15.0 ] },
                "down": { "texture": "#0", "uv": [ 0.0, 14.0, 1.0, 15.0 ] }
            }
        },
        {
            "name": "Cube",
            "from": [ 4.0, 0.0, 10.0 ], 
            "to": [ 5.0, 1.0, 11.0 ], 
            "faces": {
                "north": { "texture": "#0", "uv": [ 0.0, 14.0, 1.0, 15.0 ] },
                "east": { "texture": "#0", "uv": [ 0.0, 14.0, 1.0, 15.0 ] },
                "south": { "texture": "#0", "uv": [ 0.0, 14.0, 1.0, 15.0 ] },
                "west": { "texture": "#0", "uv": [ 0.0, 14.0, 1.0, 15.0 ] },
                "up": { "texture": "#0", "uv": [ 0.0, 14.0, 1.0, 15.0 ] },
                "down": { "texture": "#0", "uv": [ 0.0, 14.0, 1.0, 15.0 ] }
            }
        },
        {
            "name": "Cube",
            "from": [ 3.0, 0.0, 11.0 ], 
            "to": [ 4.0, 1.0, 12.0 ], 
            "faces": {
                "north": { "texture": "#0", "uv": [ 0.0, 14.0, 1.0, 15.0 ] },
                "east": { "texture": "#0", "uv": [ 0.0, 14.0, 1.0, 15.0 ] },
                "south": { "texture": "#0", "uv": [ 0.0, 14.0, 1.0, 15.0 ] },
                "west": { "texture": "#0", "uv": [ 0.0, 14.0, 1.0, 15.0 ] },
                "up": { "texture": "#0", "uv": [ 0.0, 14.0, 1.0, 15.0 ] },
                "down": { "texture": "#0", "uv": [ 0.0, 14.0, 1.0, 15.0 ] }
            }
        },
        {
            "name": "Cube",
            "from": [ 2.0, 0.0, 12.0 ], 
            "to": [ 3.0, 1.0, 13.0 ], 
            "faces": {
                "north": { "texture": "#0", "uv": [ 0.0, 14.0, 1.0, 15.0 ] },
                "east": { "texture": "#0", "uv": [ 0.0, 14.0, 1.0, 15.0 ] },
                "south": { "texture": "#0", "uv": [ 0.0, 14.0, 1.0, 15.0 ] },
                "west": { "texture": "#0", "uv": [ 0.0, 14.0, 1.0, 15.0 ] },
                "up": { "texture": "#0", "uv": [ 0.0, 14.0, 1.0, 15.0 ] },
                "down": { "texture": "#0", "uv": [ 0.0, 14.0, 1.0, 15.0 ] }
            }
        },
        {
            "name": "Cube",
            "from": [ 1.0, 0.0, 13.0 ], 
            "to": [ 2.0, 1.0, 14.0 ], 
            "faces": {
                "north": { "texture": "#0", "uv": [ 0.0, 14.0, 1.0, 15.0 ] },
                "east": { "texture": "#0", "uv": [ 0.0, 14.0, 1.0, 15.0 ] },
                "south": { "texture": "#0", "uv": [ 0.0, 14.0, 1.0, 15.0 ] },
                "west": { "texture": "#0", "uv": [ 0.0, 14.0, 1.0, 15.0 ] },
                "up": { "texture": "#0", "uv": [ 0.0, 14.0, 1.0, 15.0 ] },
                "down": { "texture": "#0", "uv": [ 0.0, 14.0, 1.0, 15.0 ] }
            }
        },
        {
            "name": "Cube",
            "from": [ 0.0, 0.0, 14.0 ], 
            "to": [ 1.0, 1.0, 15.0 ], 
            "faces": {
                "north": { "texture": "#0", "uv": [ 0.0, 14.0, 1.0, 15.0 ] },
                "east": { "texture": "#0", "uv": [ 0.0, 14.0, 1.0, 15.0 ] },
                "south": { "texture": "#0", "uv": [ 0.0, 14.0, 1.0, 15.0 ] },
                "west": { "texture": "#0", "uv": [ 0.0, 14.0, 1.0, 15.0 ] },
                "up": { "texture": "#0", "uv": [ 0.0, 14.0, 1.0, 15.0 ] },
                "down": { "texture": "#0", "uv": [ 0.0, 14.0, 1.0, 15.0 ] }
            }
        },
        {
            "name": "Cube",
            "from": [ -1.0, 0.0, 15.0 ], 
            "to": [ 0.0, 1.0, 16.0 ], 
            "faces": {
                "north": { "texture": "#0", "uv": [ 0.0, 14.0, 1.0, 15.0 ] },
                "east": { "texture": "#0", "uv": [ 0.0, 14.0, 1.0, 15.0 ] },
                "south": { "texture": "#0", "uv": [ 0.0, 14.0, 1.0, 15.0 ] },
                "west": { "texture": "#0", "uv": [ 0.0, 14.0, 1.0, 15.0 ] },
                "up": { "texture": "#0", "uv": [ 0.0, 14.0, 1.0, 15.0 ] },
                "down": { "texture": "#0", "uv": [ 0.0, 14.0, 1.0, 15.0 ] }
            }
        },
        {
            "name": "Cube",
            "from": [ -2.0, 0.0, 16.0 ], 
            "to": [ -1.0, 1.0, 17.0 ], 
            "faces": {
                "north": { "texture": "#0", "uv": [ 0.0, 14.0, 1.0, 15.0 ] },
                "east": { "texture": "#0", "uv": [ 0.0, 14.0, 1.0, 15.0 ] },
                "south": { "texture": "#0", "uv": [ 0.0, 14.0, 1.0, 15.0 ] },
                "west": { "texture": "#0", "uv": [ 0.0, 14.0, 1.0, 15.0 ] },
                "up": { "texture": "#0", "uv": [ 0.0, 14.0, 1.0, 15.0 ] },
                "down": { "texture": "#0", "uv": [ 0.0, 14.0, 1.0, 15.0 ] }
            }
        },
        {
            "name": "Cube",
            "from": [ -3.0, 0.0, 17.0 ], 
            "to": [ -2.0, 1.0, 18.0 ], 
            "faces": {
                "north": { "texture": "#0", "uv": [ 0.0, 14.0, 1.0, 15.0 ] },
                "east": { "texture": "#0", "uv": [ 0.0, 14.0, 1.0, 15.0 ] },
                "south": { "texture": "#0", "uv": [ 0.0, 14.0, 1.0, 15.0 ] },
                "west": { "texture": "#0", "uv": [ 0.0, 14.0, 1.0, 15.0 ] },
                "up": { "texture": "#0", "uv": [ 0.0, 14.0, 1.0, 15.0 ] },
                "down": { "texture": "#0", "uv": [ 0.0, 14.0, 1.0, 15.0 ] }
            }
        },
        {
            "name": "Cube",
            "from": [ -4.0, 0.0, 18.0 ], 
            "to": [ -3.0, 1.0, 19.0 ], 
            "faces": {
                "north": { "texture": "#0", "uv": [ 0.0, 14.0, 1.0, 15.0 ] },
                "east": { "texture": "#0", "uv": [ 0.0, 14.0, 1.0, 15.0 ] },
                "south": { "texture": "#0", "uv": [ 0.0, 14.0, 1.0, 15.0 ] },
                "west": { "texture": "#0", "uv": [ 0.0, 14.0, 1.0, 15.0 ] },
                "up": { "texture": "#0", "uv": [ 0.0, 14.0, 1.0, 15.0 ] },
                "down": { "texture": "#0", "uv": [ 0.0, 14.0, 1.0, 15.0 ] }
            }
        },
        {
            "name": "Cube",
            "from": [ -3.0, 0.0, 18.0 ], 
            "to": [ -2.0, 1.0, 19.0 ], 
            "faces": {
                "north": { "texture": "#0", "uv": [ 1.0, 14.0, 2.0, 15.0 ] },
                "east": { "texture": "#0", "uv": [ 1.0, 14.0, 2.0, 15.0 ] },
                "south": { "texture": "#0", "uv": [ 1.0, 14.0, 2.0, 15.0 ] },
                "west": { "texture": "#0", "uv": [ 1.0, 14.0, 2.0, 15.0 ] },
                "up": { "texture": "#0", "uv": [ 1.0, 14.0, 2.0, 15.0 ] },
                "down": { "texture": "#0", "uv": [ 1.0, 14.0, 2.0, 15.0 ] }
            }
        },
        {
            "name": "Cube",
            "from": [ -2.0, 0.0, 17.0 ], 
            "to": [ -1.0, 1.0, 18.0 ], 
            "faces": {
                "north": { "texture": "#0", "uv": [ 1.0, 14.0, 2.0, 15.0 ] },
                "east": { "texture": "#0", "uv": [ 1.0, 14.0, 2.0, 15.0 ] },
                "south": { "texture": "#0", "uv": [ 1.0, 14.0, 2.0, 15.0 ] },
                "west": { "texture": "#0", "uv": [ 1.0, 14.0, 2.0, 15.0 ] },
                "up": { "texture": "#0", "uv": [ 1.0, 14.0, 2.0, 15.0 ] },
                "down": { "texture": "#0", "uv": [ 1.0, 14.0, 2.0, 15.0 ] }
            }
        },
        {
            "name": "Cube",
            "from": [ 0.0, 0.0, 15.0 ], 
            "to": [ 1.0, 1.0, 16.0 ], 
            "faces": {
                "north": { "texture": "#0", "uv": [ 1.0, 14.0, 2.0, 15.0 ] },
                "east": { "texture": "#0", "uv": [ 1.0, 14.0, 2.0, 15.0 ] },
                "south": { "texture": "#0", "uv": [ 1.0, 14.0, 2.0, 15.0 ] },
                "west": { "texture": "#0", "uv": [ 1.0, 14.0, 2.0, 15.0 ] },
                "up": { "texture": "#0", "uv": [ 1.0, 14.0, 2.0, 15.0 ] },
                "down": { "texture": "#0", "uv": [ 1.0, 14.0, 2.0, 15.0 ] }
            }
        },
        {
            "name": "Cube",
            "from": [ 2.0, 0.0, 13.0 ], 
            "to": [ 3.0, 1.0, 14.0 ], 
            "faces": {
                "north": { "texture": "#0", "uv": [ 1.0, 14.0, 2.0, 15.0 ] },
                "east": { "texture": "#0", "uv": [ 1.0, 14.0, 2.0, 15.0 ] },
                "south": { "texture": "#0", "uv": [ 1.0, 14.0, 2.0, 15.0 ] },
                "west": { "texture": "#0", "uv": [ 1.0, 14.0, 2.0, 15.0 ] },
                "up": { "texture": "#0", "uv": [ 1.0, 14.0, 2.0, 15.0 ] },
                "down": { "texture": "#0", "uv": [ 1.0, 14.0, 2.0, 15.0 ] }
            }
        },
        {
            "name": "Cube",
            "from": [ 3.0, 0.0, 12.0 ], 
            "to": [ 4.0, 1.0, 13.0 ], 
            "faces": {
                "north": { "texture": "#0", "uv": [ 1.0, 14.0, 2.0, 15.0 ] },
                "east": { "texture": "#0", "uv": [ 1.0, 14.0, 2.0, 15.0 ] },
                "south": { "texture": "#0", "uv": [ 1.0, 14.0, 2.0, 15.0 ] },
                "west": { "texture": "#0", "uv": [ 1.0, 14.0, 2.0, 15.0 ] },
                "up": { "texture": "#0", "uv": [ 1.0, 14.0, 2.0, 15.0 ] },
                "down": { "texture": "#0", "uv": [ 1.0, 14.0, 2.0, 15.0 ] }
            }
        },
        {
            "name": "Cube",
            "from": [ 6.0, 0.0, 9.0 ], 
            "to": [ 7.0, 1.0, 10.0 ], 
            "faces": {
                "north": { "texture": "#0", "uv": [ 1.0, 14.0, 2.0, 15.0 ] },
                "east": { "texture": "#0", "uv": [ 1.0, 14.0, 2.0, 15.0 ] },
                "south": { "texture": "#0", "uv": [ 1.0, 14.0, 2.0, 15.0 ] },
                "west": { "texture": "#0", "uv": [ 1.0, 14.0, 2.0, 15.0 ] },
                "up": { "texture": "#0", "uv": [ 1.0, 14.0, 2.0, 15.0 ] },
                "down": { "texture": "#0", "uv": [ 1.0, 14.0, 2.0, 15.0 ] }
            }
        },
        {
            "name": "Cube",
            "from": [ 7.0, 0.0, 8.0 ], 
            "to": [ 8.0, 1.0, 9.0 ], 
            "faces": {
                "north": { "texture": "#0", "uv": [ 1.0, 14.0, 2.0, 15.0 ] },
                "east": { "texture": "#0", "uv": [ 1.0, 14.0, 2.0, 15.0 ] },
                "south": { "texture": "#0", "uv": [ 1.0, 14.0, 2.0, 15.0 ] },
                "west": { "texture": "#0", "uv": [ 1.0, 14.0, 2.0, 15.0 ] },
                "up": { "texture": "#0", "uv": [ 1.0, 14.0, 2.0, 15.0 ] },
                "down": { "texture": "#0", "uv": [ 1.0, 14.0, 2.0, 15.0 ] }
            }
        },
        {
            "name": "Cube",
            "from": [ 9.0, 0.0, 6.0 ], 
            "to": [ 10.0, 1.0, 7.0 ], 
            "faces": {
                "north": { "texture": "#0", "uv": [ 1.0, 14.0, 2.0, 15.0 ] },
                "east": { "texture": "#0", "uv": [ 1.0, 14.0, 2.0, 15.0 ] },
                "south": { "texture": "#0", "uv": [ 1.0, 14.0, 2.0, 15.0 ] },
                "west": { "texture": "#0", "uv": [ 1.0, 14.0, 2.0, 15.0 ] },
                "up": { "texture": "#0", "uv": [ 1.0, 14.0, 2.0, 15.0 ] },
                "down": { "texture": "#0", "uv": [ 1.0, 14.0, 2.0, 15.0 ] }
            }
        },
        {
            "name": "Cube",
            "from": [ 11.0, 0.0, 4.0 ], 
            "to": [ 12.0, 1.0, 5.0 ], 
            "faces": {
                "north": { "texture": "#0", "uv": [ 1.0, 14.0, 2.0, 15.0 ] },
                "east": { "texture": "#0", "uv": [ 1.0, 14.0, 2.0, 15.0 ] },
                "south": { "texture": "#0", "uv": [ 1.0, 14.0, 2.0, 15.0 ] },
                "west": { "texture": "#0", "uv": [ 1.0, 14.0, 2.0, 15.0 ] },
                "up": { "texture": "#0", "uv": [ 1.0, 14.0, 2.0, 15.0 ] },
                "down": { "texture": "#0", "uv": [ 1.0, 14.0, 2.0, 15.0 ] }
            }
        },
        {
            "name": "Cube",
            "from": [ 12.0, 0.0, 3.0 ], 
            "to": [ 13.0, 1.0, 4.0 ], 
            "faces": {
                "north": { "texture": "#0", "uv": [ 1.0, 14.0, 2.0, 15.0 ] },
                "east": { "texture": "#0", "uv": [ 1.0, 14.0, 2.0, 15.0 ] },
                "south": { "texture": "#0", "uv": [ 1.0, 14.0, 2.0, 15.0 ] },
                "west": { "texture": "#0", "uv": [ 1.0, 14.0, 2.0, 15.0 ] },
                "up": { "texture": "#0", "uv": [ 1.0, 14.0, 2.0, 15.0 ] },
                "down": { "texture": "#0", "uv": [ 1.0, 14.0, 2.0, 15.0 ] }
            }
        },
        {
            "name": "Cube",
            "from": [ 15.0, 0.0, 0.0 ], 
            "to": [ 16.0, 1.0, 1.0 ], 
            "faces": {
                "north": { "texture": "#0", "uv": [ 1.0, 14.0, 2.0, 15.0 ] },
                "east": { "texture": "#0", "uv": [ 1.0, 14.0, 2.0, 15.0 ] },
                "south": { "texture": "#0", "uv": [ 1.0, 14.0, 2.0, 15.0 ] },
                "west": { "texture": "#0", "uv": [ 1.0, 14.0, 2.0, 15.0 ] },
                "up": { "texture": "#0", "uv": [ 1.0, 14.0, 2.0, 15.0 ] },
                "down": { "texture": "#0", "uv": [ 1.0, 14.0, 2.0, 15.0 ] }
            }
        },
        {
            "name": "Cube",
            "from": [ 17.0, 0.0, -2.0 ], 
            "to": [ 18.0, 1.0, -1.0 ], 
            "faces": {
                "north": { "texture": "#0", "uv": [ 1.0, 14.0, 2.0, 15.0 ] },
                "east": { "texture": "#0", "uv": [ 1.0, 14.0, 2.0, 15.0 ] },
                "south": { "texture": "#0", "uv": [ 1.0, 14.0, 2.0, 15.0 ] },
                "west": { "texture": "#0", "uv": [ 1.0, 14.0, 2.0, 15.0 ] },
                "up": { "texture": "#0", "uv": [ 1.0, 14.0, 2.0, 15.0 ] },
                "down": { "texture": "#0", "uv": [ 1.0, 14.0, 2.0, 15.0 ] }
            }
        },
        {
            "name": "Cube",
            "from": [ 18.0, 0.0, -3.0 ], 
            "to": [ 19.0, 1.0, -2.0 ], 
            "faces": {
                "north": { "texture": "#0", "uv": [ 1.0, 14.0, 2.0, 15.0 ] },
                "east": { "texture": "#0", "uv": [ 1.0, 14.0, 2.0, 15.0 ] },
                "south": { "texture": "#0", "uv": [ 1.0, 14.0, 2.0, 15.0 ] },
                "west": { "texture": "#0", "uv": [ 1.0, 14.0, 2.0, 15.0 ] },
                "up": { "texture": "#0", "uv": [ 1.0, 14.0, 2.0, 15.0 ] },
                "down": { "texture": "#0", "uv": [ 1.0, 14.0, 2.0, 15.0 ] }
            }
        },
        {
            "name": "Cube",
            "from": [ 21.0, 0.0, -6.0 ], 
            "to": [ 22.0, 1.0, -5.0 ], 
            "faces": {
                "north": { "texture": "#0", "uv": [ 1.0, 14.0, 2.0, 15.0 ] },
                "east": { "texture": "#0", "uv": [ 1.0, 14.0, 2.0, 15.0 ] },
                "south": { "texture": "#0", "uv": [ 1.0, 14.0, 2.0, 15.0 ] },
                "west": { "texture": "#0", "uv": [ 1.0, 14.0, 2.0, 15.0 ] },
                "up": { "texture": "#0", "uv": [ 1.0, 14.0, 2.0, 15.0 ] },
                "down": { "texture": "#0", "uv": [ 1.0, 14.0, 2.0, 15.0 ] }
            }
        },
        {
            "name": "Cube",
            "from": [ 22.0, 0.0, -7.0 ], 
            "to": [ 23.0, 1.0, -6.0 ], 
            "faces": {
                "north": { "texture": "#0", "uv": [ 1.0, 14.0, 2.0, 15.0 ] },
                "east": { "texture": "#0", "uv": [ 1.0, 14.0, 2.0, 15.0 ] },
                "south": { "texture": "#0", "uv": [ 1.0, 14.0, 2.0, 15.0 ] },
                "west": { "texture": "#0", "uv": [ 1.0, 14.0, 2.0, 15.0 ] },
                "up": { "texture": "#0", "uv": [ 1.0, 14.0, 2.0, 15.0 ] },
                "down": { "texture": "#0", "uv": [ 1.0, 14.0, 2.0, 15.0 ] }
            }
        },
        {
            "name": "Cube",
            "from": [ 23.0, 0.0, -8.0 ], 
            "to": [ 24.0, 1.0, -7.0 ], 
            "faces": {
                "north": { "texture": "#0", "uv": [ 3.0, 12.0, 4.0, 13.0 ] },
                "east": { "texture": "#0", "uv": [ 3.0, 12.0, 4.0, 13.0 ] },
                "south": { "texture": "#0", "uv": [ 3.0, 13.0, 4.0, 14.0 ] },
                "west": { "texture": "#0", "uv": [ 3.0, 12.0, 4.0, 13.0 ] },
                "up": { "texture": "#0", "uv": [ 3.0, 12.0, 4.0, 13.0 ] },
                "down": { "texture": "#0", "uv": [ 3.0, 12.0, 4.0, 13.0 ] }
            }
        },
        {
            "name": "Cube",
            "from": [ 20.0, 0.0, -5.0 ], 
            "to": [ 21.0, 1.0, -4.0 ], 
            "faces": {
                "north": { "texture": "#0", "uv": [ 3.0, 12.0, 4.0, 13.0 ] },
                "east": { "texture": "#0", "uv": [ 3.0, 12.0, 4.0, 13.0 ] },
                "south": { "texture": "#0", "uv": [ 3.0, 13.0, 4.0, 14.0 ] },
                "west": { "texture": "#0", "uv": [ 3.0, 12.0, 4.0, 13.0 ] },
                "up": { "texture": "#0", "uv": [ 3.0, 12.0, 4.0, 13.0 ] },
                "down": { "texture": "#0", "uv": [ 3.0, 12.0, 4.0, 13.0 ] }
            }
        },
        {
            "name": "Cube",
            "from": [ 19.0, 0.0, -4.0 ], 
            "to": [ 20.0, 1.0, -3.0 ], 
            "faces": {
                "north": { "texture": "#0", "uv": [ 3.0, 12.0, 4.0, 13.0 ] },
                "east": { "texture": "#0", "uv": [ 3.0, 12.0, 4.0, 13.0 ] },
                "south": { "texture": "#0", "uv": [ 3.0, 13.0, 4.0, 14.0 ] },
                "west": { "texture": "#0", "uv": [ 3.0, 12.0, 4.0, 13.0 ] },
                "up": { "texture": "#0", "uv": [ 3.0, 12.0, 4.0, 13.0 ] },
                "down": { "texture": "#0", "uv": [ 3.0, 12.0, 4.0, 13.0 ] }
            }
        },
        {
            "name": "Cube",
            "from": [ 16.0, 0.0, -1.0 ], 
            "to": [ 17.0, 1.0, 0.0 ], 
            "faces": {
                "north": { "texture": "#0", "uv": [ 3.0, 12.0, 4.0, 13.0 ] },
                "east": { "texture": "#0", "uv": [ 3.0, 12.0, 4.0, 13.0 ] },
                "south": { "texture": "#0", "uv": [ 3.0, 13.0, 4.0, 14.0 ] },
                "west": { "texture": "#0", "uv": [ 3.0, 12.0, 4.0, 13.0 ] },
                "up": { "texture": "#0", "uv": [ 3.0, 12.0, 4.0, 13.0 ] },
                "down": { "texture": "#0", "uv": [ 3.0, 12.0, 4.0, 13.0 ] }
            }
        },
        {
            "name": "Cube",
            "from": [ 14.0, 0.0, 1.0 ], 
            "to": [ 15.0, 1.0, 2.0 ], 
            "faces": {
                "north": { "texture": "#0", "uv": [ 3.0, 12.0, 4.0, 13.0 ] },
                "east": { "texture": "#0", "uv": [ 3.0, 12.0, 4.0, 13.0 ] },
                "south": { "texture": "#0", "uv": [ 3.0, 13.0, 4.0, 14.0 ] },
                "west": { "texture": "#0", "uv": [ 3.0, 12.0, 4.0, 13.0 ] },
                "up": { "texture": "#0", "uv": [ 3.0, 12.0, 4.0, 13.0 ] },
                "down": { "texture": "#0", "uv": [ 3.0, 12.0, 4.0, 13.0 ] }
            }
        },
        {
            "name": "Cube",
            "from": [ 13.0, 0.0, 2.0 ], 
            "to": [ 14.0, 1.0, 3.0 ], 
            "faces": {
                "north": { "texture": "#0", "uv": [ 3.0, 12.0, 4.0, 13.0 ] },
                "east": { "texture": "#0", "uv": [ 3.0, 12.0, 4.0, 13.0 ] },
                "south": { "texture": "#0", "uv": [ 3.0, 13.0, 4.0, 14.0 ] },
                "west": { "texture": "#0", "uv": [ 3.0, 12.0, 4.0, 13.0 ] },
                "up": { "texture": "#0", "uv": [ 3.0, 12.0, 4.0, 13.0 ] },
                "down": { "texture": "#0", "uv": [ 3.0, 12.0, 4.0, 13.0 ] }
            }
        },
        {
            "name": "Cube",
            "from": [ 10.0, 0.0, 5.0 ], 
            "to": [ 11.0, 1.0, 6.0 ], 
            "faces": {
                "north": { "texture": "#0", "uv": [ 3.0, 12.0, 4.0, 13.0 ] },
                "east": { "texture": "#0", "uv": [ 3.0, 12.0, 4.0, 13.0 ] },
                "south": { "texture": "#0", "uv": [ 3.0, 13.0, 4.0, 14.0 ] },
                "west": { "texture": "#0", "uv": [ 3.0, 12.0, 4.0, 13.0 ] },
                "up": { "texture": "#0", "uv": [ 3.0, 12.0, 4.0, 13.0 ] },
                "down": { "texture": "#0", "uv": [ 3.0, 12.0, 4.0, 13.0 ] }
            }
        },
        {
            "name": "Cube",
            "from": [ 8.0, 0.0, 7.0 ], 
            "to": [ 9.0, 1.0, 8.0 ], 
            "faces": {
                "north": { "texture": "#0", "uv": [ 3.0, 12.0, 4.0, 13.0 ] },
                "east": { "texture": "#0", "uv": [ 3.0, 12.0, 4.0, 13.0 ] },
                "south": { "texture": "#0", "uv": [ 3.0, 13.0, 4.0, 14.0 ] },
                "west": { "texture": "#0", "uv": [ 3.0, 12.0, 4.0, 13.0 ] },
                "up": { "texture": "#0", "uv": [ 3.0, 12.0, 4.0, 13.0 ] },
                "down": { "texture": "#0", "uv": [ 3.0, 12.0, 4.0, 13.0 ] }
            }
        },
        {
            "name": "Cube",
            "from": [ 5.0, 0.0, 10.0 ], 
            "to": [ 6.0, 1.0, 11.0 ], 
            "faces": {
                "north": { "texture": "#0", "uv": [ 3.0, 12.0, 4.0, 13.0 ] },
                "east": { "texture": "#0", "uv": [ 3.0, 12.0, 4.0, 13.0 ] },
                "south": { "texture": "#0", "uv": [ 3.0, 13.0, 4.0, 14.0 ] },
                "west": { "texture": "#0", "uv": [ 3.0, 12.0, 4.0, 13.0 ] },
                "up": { "texture": "#0", "uv": [ 3.0, 12.0, 4.0, 13.0 ] },
                "down": { "texture": "#0", "uv": [ 3.0, 12.0, 4.0, 13.0 ] }
            }
        },
        {
            "name": "Cube",
            "from": [ 4.0, 0.0, 11.0 ], 
            "to": [ 5.0, 1.0, 12.0 ], 
            "faces": {
                "north": { "texture": "#0", "uv": [ 3.0, 12.0, 4.0, 13.0 ] },
                "east": { "texture": "#0", "uv": [ 3.0, 12.0, 4.0, 13.0 ] },
                "south": { "texture": "#0", "uv": [ 3.0, 13.0, 4.0, 14.0 ] },
                "west": { "texture": "#0", "uv": [ 3.0, 12.0, 4.0, 13.0 ] },
                "up": { "texture": "#0", "uv": [ 3.0, 12.0, 4.0, 13.0 ] },
                "down": { "texture": "#0", "uv": [ 3.0, 12.0, 4.0, 13.0 ] }
            }
        },
        {
            "name": "Cube",
            "from": [ 1.0, 0.0, 14.0 ], 
            "to": [ 2.0, 1.0, 15.0 ], 
            "faces": {
                "north": { "texture": "#0", "uv": [ 3.0, 12.0, 4.0, 13.0 ] },
                "east": { "texture": "#0", "uv": [ 3.0, 12.0, 4.0, 13.0 ] },
                "south": { "texture": "#0", "uv": [ 3.0, 13.0, 4.0, 14.0 ] },
                "west": { "texture": "#0", "uv": [ 3.0, 12.0, 4.0, 13.0 ] },
                "up": { "texture": "#0", "uv": [ 3.0, 12.0, 4.0, 13.0 ] },
                "down": { "texture": "#0", "uv": [ 3.0, 12.0, 4.0, 13.0 ] }
            }
        },
        {
            "name": "Cube",
            "from": [ -1.0, 0.0, 16.0 ], 
            "to": [ 0.0, 1.0, 17.0 ], 
            "faces": {
                "north": { "texture": "#0", "uv": [ 3.0, 12.0, 4.0, 13.0 ] },
                "east": { "texture": "#0", "uv": [ 3.0, 12.0, 4.0, 13.0 ] },
                "south": { "texture": "#0", "uv": [ 3.0, 13.0, 4.0, 14.0 ] },
                "west": { "texture": "#0", "uv": [ 3.0, 12.0, 4.0, 13.0 ] },
                "up": { "texture": "#0", "uv": [ 3.0, 12.0, 4.0, 13.0 ] },
                "down": { "texture": "#0", "uv": [ 3.0, 12.0, 4.0, 13.0 ] }
            }
        },
        {
            "name": "Cube",
            "from": [ 23.0, 0.0, -9.0 ], 
            "to": [ 24.0, 1.0, -8.0 ], 
            "faces": {
                "north": { "texture": "#0", "uv": [ 6.0, 8.0, 7.0, 9.0 ] },
                "east": { "texture": "#0", "uv": [ 6.0, 8.0, 7.0, 9.0 ] },
                "south": { "texture": "#0", "uv": [ 6.0, 8.0, 7.0, 9.0 ] },
                "west": { "texture": "#0", "uv": [ 6.0, 8.0, 7.0, 9.0 ] },
                "up": { "texture": "#0", "uv": [ 6.0, 8.0, 7.0, 9.0 ] },
                "down": { "texture": "#0", "uv": [ 6.0, 8.0, 7.0, 9.0 ] }
            }
        },
        {
            "name": "Cube",
            "from": [ 24.0, 0.0, -10.0 ], 
            "to": [ 25.0, 1.0, -9.0 ], 
            "faces": {
                "north": { "texture": "#0", "uv": [ 6.0, 8.0, 7.0, 9.0 ] },
                "east": { "texture": "#0", "uv": [ 6.0, 8.0, 7.0, 9.0 ] },
                "south": { "texture": "#0", "uv": [ 6.0, 8.0, 7.0, 9.0 ] },
                "west": { "texture": "#0", "uv": [ 6.0, 8.0, 7.0, 9.0 ] },
                "up": { "texture": "#0", "uv": [ 6.0, 8.0, 7.0, 9.0 ] },
                "down": { "texture": "#0", "uv": [ 6.0, 8.0, 7.0, 9.0 ] }
            }
        },
        {
            "name": "Cube",
            "from": [ 25.0, 0.0, -11.0 ], 
            "to": [ 26.0, 1.0, -10.0 ], 
            "faces": {
                "north": { "texture": "#0", "uv": [ 6.0, 8.0, 7.0, 9.0 ] },
                "east": { "texture": "#0", "uv": [ 6.0, 8.0, 7.0, 9.0 ] },
                "south": { "texture": "#0", "uv": [ 6.0, 8.0, 7.0, 9.0 ] },
                "west": { "texture": "#0", "uv": [ 6.0, 8.0, 7.0, 9.0 ] },
                "up": { "texture": "#0", "uv": [ 6.0, 8.0, 7.0, 9.0 ] },
                "down": { "texture": "#0", "uv": [ 6.0, 8.0, 7.0, 9.0 ] }
            }
        },
        {
            "name": "Cube",
            "from": [ 26.0, 0.0, -12.0 ], 
            "to": [ 27.0, 1.0, -11.0 ], 
            "faces": {
                "north": { "texture": "#0", "uv": [ 6.0, 8.0, 7.0, 9.0 ] },
                "east": { "texture": "#0", "uv": [ 6.0, 8.0, 7.0, 9.0 ] },
                "south": { "texture": "#0", "uv": [ 6.0, 8.0, 7.0, 9.0 ] },
                "west": { "texture": "#0", "uv": [ 6.0, 8.0, 7.0, 9.0 ] },
                "up": { "texture": "#0", "uv": [ 6.0, 8.0, 7.0, 9.0 ] },
                "down": { "texture": "#0", "uv": [ 6.0, 8.0, 7.0, 9.0 ] }
            }
        },
        {
            "name": "Cube",
            "from": [ 27.0, 0.0, -12.0 ], 
            "to": [ 28.0, 1.0, -11.0 ], 
            "faces": {
                "north": { "texture": "#0", "uv": [ 6.0, 8.0, 7.0, 9.0 ] },
                "east": { "texture": "#0", "uv": [ 6.0, 8.0, 7.0, 9.0 ] },
                "south": { "texture": "#0", "uv": [ 6.0, 8.0, 7.0, 9.0 ] },
                "west": { "texture": "#0", "uv": [ 6.0, 8.0, 7.0, 9.0 ] },
                "up": { "texture": "#0", "uv": [ 6.0, 8.0, 7.0, 9.0 ] },
                "down": { "texture": "#0", "uv": [ 6.0, 8.0, 7.0, 9.0 ] }
            }
        },
        {
            "name": "Cube",
            "from": [ 27.0, 0.0, -11.0 ], 
            "to": [ 28.0, 1.0, -10.0 ], 
            "faces": {
                "north": { "texture": "#0", "uv": [ 6.0, 8.0, 7.0, 9.0 ] },
                "east": { "texture": "#0", "uv": [ 6.0, 8.0, 7.0, 9.0 ] },
                "south": { "texture": "#0", "uv": [ 6.0, 8.0, 7.0, 9.0 ] },
                "west": { "texture": "#0", "uv": [ 6.0, 8.0, 7.0, 9.0 ] },
                "up": { "texture": "#0", "uv": [ 6.0, 8.0, 7.0, 9.0 ] },
                "down": { "texture": "#0", "uv": [ 6.0, 8.0, 7.0, 9.0 ] }
            }
        },
        {
            "name": "Cube",
            "from": [ 26.0, 0.0, -10.0 ], 
            "to": [ 27.0, 1.0, -9.0 ], 
            "faces": {
                "north": { "texture": "#0", "uv": [ 6.0, 8.0, 7.0, 9.0 ] },
                "east": { "texture": "#0", "uv": [ 6.0, 8.0, 7.0, 9.0 ] },
                "south": { "texture": "#0", "uv": [ 6.0, 8.0, 7.0, 9.0 ] },
                "west": { "texture": "#0", "uv": [ 6.0, 8.0, 7.0, 9.0 ] },
                "up": { "texture": "#0", "uv": [ 6.0, 8.0, 7.0, 9.0 ] },
                "down": { "texture": "#0", "uv": [ 6.0, 8.0, 7.0, 9.0 ] }
            }
        },
        {
            "name": "Cube",
            "from": [ 25.0, 0.0, -9.0 ], 
            "to": [ 26.0, 1.0, -8.0 ], 
            "faces": {
                "north": { "texture": "#0", "uv": [ 6.0, 8.0, 7.0, 9.0 ] },
                "east": { "texture": "#0", "uv": [ 6.0, 8.0, 7.0, 9.0 ] },
                "south": { "texture": "#0", "uv": [ 6.0, 8.0, 7.0, 9.0 ] },
                "west": { "texture": "#0", "uv": [ 6.0, 8.0, 7.0, 9.0 ] },
                "up": { "texture": "#0", "uv": [ 6.0, 8.0, 7.0, 9.0 ] },
                "down": { "texture": "#0", "uv": [ 6.0, 8.0, 7.0, 9.0 ] }
            }
        },
        {
            "name": "Cube",
            "from": [ 24.0, 0.0, -8.0 ], 
            "to": [ 25.0, 1.0, -7.0 ], 
            "faces": {
                "north": { "texture": "#0", "uv": [ 6.0, 8.0, 7.0, 9.0 ] },
                "east": { "texture": "#0", "uv": [ 6.0, 8.0, 7.0, 9.0 ] },
                "south": { "texture": "#0", "uv": [ 6.0, 8.0, 7.0, 9.0 ] },
                "west": { "texture": "#0", "uv": [ 6.0, 8.0, 7.0, 9.0 ] },
                "up": { "texture": "#0", "uv": [ 6.0, 8.0, 7.0, 9.0 ] },
                "down": { "texture": "#0", "uv": [ 6.0, 8.0, 7.0, 9.0 ] }
            }
        },
        {
            "name": "Cube",
            "from": [ 24.0, 0.0, -7.0 ], 
            "to": [ 25.0, 1.0, -6.0 ], 
            "faces": {
                "north": { "texture": "#0", "uv": [ 7.0, 10.0, 8.0, 11.0 ] },
                "east": { "texture": "#0", "uv": [ 7.0, 10.0, 8.0, 11.0 ] },
                "south": { "texture": "#0", "uv": [ 7.0, 10.0, 8.0, 11.0 ] },
                "west": { "texture": "#0", "uv": [ 7.0, 10.0, 8.0, 11.0 ] },
                "up": { "texture": "#0", "uv": [ 7.0, 10.0, 8.0, 11.0 ] },
                "down": { "texture": "#0", "uv": [ 7.0, 10.0, 8.0, 11.0 ] }
            }
        },
        {
            "name": "Cube",
            "from": [ 22.0, 0.0, -9.0 ], 
            "to": [ 23.0, 1.0, -8.0 ], 
            "faces": {
                "north": { "texture": "#0", "uv": [ 7.0, 10.0, 8.0, 11.0 ] },
                "east": { "texture": "#0", "uv": [ 7.0, 10.0, 8.0, 11.0 ] },
                "south": { "texture": "#0", "uv": [ 7.0, 10.0, 8.0, 11.0 ] },
                "west": { "texture": "#0", "uv": [ 7.0, 10.0, 8.0, 11.0 ] },
                "up": { "texture": "#0", "uv": [ 7.0, 10.0, 8.0, 11.0 ] },
                "down": { "texture": "#0", "uv": [ 7.0, 10.0, 8.0, 11.0 ] }
            }
        },
        {
            "name": "Cube",
            "from": [ 24.0, 0.0, -9.0 ], 
            "to": [ 25.0, 1.0, -8.0 ], 
            "faces": {
                "north": { "texture": "#0", "uv": [ 7.0, 8.0, 8.0, 9.0 ] },
                "east": { "texture": "#0", "uv": [ 7.0, 8.0, 8.0, 9.0 ] },
                "south": { "texture": "#0", "uv": [ 7.0, 8.0, 8.0, 9.0 ] },
                "west": { "texture": "#0", "uv": [ 7.0, 8.0, 8.0, 9.0 ] },
                "up": { "texture": "#0", "uv": [ 7.0, 8.0, 8.0, 9.0 ] },
                "down": { "texture": "#0", "uv": [ 7.0, 8.0, 8.0, 9.0 ] }
            }
        },
        {
            "name": "Cube",
            "from": [ 25.0, 0.0, -10.0 ], 
            "to": [ 26.0, 1.0, -9.0 ], 
            "faces": {
                "north": { "texture": "#0", "uv": [ 7.0, 8.0, 8.0, 9.0 ] },
                "east": { "texture": "#0", "uv": [ 7.0, 8.0, 8.0, 9.0 ] },
                "south": { "texture": "#0", "uv": [ 7.0, 8.0, 8.0, 9.0 ] },
                "west": { "texture": "#0", "uv": [ 7.0, 8.0, 8.0, 9.0 ] },
                "up": { "texture": "#0", "uv": [ 7.0, 8.0, 8.0, 9.0 ] },
                "down": { "texture": "#0", "uv": [ 7.0, 8.0, 8.0, 9.0 ] }
            }
        },
        {
            "name": "Cube",
            "from": [ 26.0, 0.0, -11.0 ], 
            "to": [ 27.0, 1.0, -10.0 ], 
            "faces": {
                "north": { "texture": "#0", "uv": [ 7.0, 8.0, 8.0, 9.0 ] },
                "east": { "texture": "#0", "uv": [ 7.0, 8.0, 8.0, 9.0 ] },
                "south": { "texture": "#0", "uv": [ 7.0, 8.0, 8.0, 9.0 ] },
                "west": { "texture": "#0", "uv": [ 7.0, 8.0, 8.0, 9.0 ] },
                "up": { "texture": "#0", "uv": [ 7.0, 8.0, 8.0, 9.0 ] },
                "down": { "texture": "#0", "uv": [ 7.0, 8.0, 8.0, 9.0 ] }
            }
        }
    ],
	"display": {
		"thirdperson_righthand": {
			"rotation":  [ 60, 0, 90 ],
			"translation":  [ -7.5, 7.6521, 4 ]
		},
		"thirdperson_lefthand": {
			"rotation":  [ 60, 0, -90 ],
			"translation":  [ 7.5, 7.6521, 4 ]
		},
		"firstperson_righthand": {
			"rotation":  [ 30, 0, 50 ],
			"translation":  [ 3, 11, -6 ]
		},
		"firstperson_lefthand": {
			"rotation":  [ 30, 0, -130 ],
			"translation":  [ 12.304, 1.3913, -9 ]
		},
		"gui": {
			"rotation":  [ 0, -90, 90 ],
			"translation":  [ 1.75, 2, -5.5 ],
			"scale":  [ 0.75, 0.75, 0.75 ]
		},
		"head": {
			"rotation":  [ -121, -1, 88 ],
			"translation":  [ 5.3, -3.5, 0 ],
			"scale":  [ 0.2, 0.2, 0.2 ]
		},
		"ground": {
			"rotation":  [ 0, 0, 90 ],
			"translation":  [ -5.5, 6.5, -2.086 ],
			"scale":  [ 0.75, 0.75, 0.75 ]
		},
		"fixed": {
			"rotation":  [ 90, 0, 0 ],
			"translation":  [ 3, 2, 8.5 ]
		}
	}
}