{
	"__comment": "Designed by Cm@BlackSpigotMC with Cubik Studio - https://cubik.studio",
	"textures": {
		"texture": "./stick"
	},
	"elements": [
		{
			"__comment": "Cube1",
			"from": [ 7, 0, 2 ],
			"to": [ 8, 1, 3 ],
			"rotation": { "origin": [ 7, 0, 2 ], "axis": "y", "angle": 45 },
			"faces": {
				"down": { "uv": [ 11, 5, 12, 4 ], "texture": "#texture" },
				"up": { "uv": [ 11, 4, 12, 5 ], "texture": "#texture" },
				"north": { "uv": [ 12, 5, 11, 4 ], "texture": "#texture" },
				"south": { "uv": [ 11, 4, 12, 5 ], "texture": "#texture" },
				"west": { "uv": [ 11, 4, 12, 5 ], "texture": "#texture", "rotation": 270 },
				"east": { "uv": [ 12, 4, 11, 5 ], "texture": "#texture", "rotation": 90 }
			}
		},
		{
			"__comment": "Cube5",
			"from": [ 8, 0, 3 ],
			"to": [ 9, 1, 4 ],
			"rotation": { "origin": [ 7, 0, 2 ], "axis": "y", "angle": 45 },
			"faces": {
				"down": { "uv": [ 12, 6, 13, 5 ], "texture": "#texture" },
				"up": { "uv": [ 12, 5, 13, 6 ], "texture": "#texture" },
				"north": { "uv": [ 13, 6, 12, 5 ], "texture": "#texture" },
				"south": { "uv": [ 12, 5, 13, 6 ], "texture": "#texture" },
				"west": { "uv": [ 12, 5, 13, 6 ], "texture": "#texture", "rotation": 270 },
				"east": { "uv": [ 13, 5, 12, 6 ], "texture": "#texture", "rotation": 90 }
			}
		},
		{
			"__comment": "Cube5",
			"from": [ 6, 0, 5 ],
			"to": [ 7, 1, 6 ],
			"rotation": { "origin": [ 7, 0, 2 ], "axis": "y", "angle": 45 },
			"faces": {
				"down": { "uv": [ 10, 8, 11, 7 ], "texture": "#texture" },
				"up": { "uv": [ 10, 7, 11, 8 ], "texture": "#texture" },
				"north": { "uv": [ 11, 8, 10, 7 ], "texture": "#texture" },
				"south": { "uv": [ 10, 7, 11, 8 ], "texture": "#texture" },
				"west": { "uv": [ 10, 7, 11, 8 ], "texture": "#texture", "rotation": 270 },
				"east": { "uv": [ 11, 7, 10, 8 ], "texture": "#texture", "rotation": 90 }
			}
		},
		{
			"__comment": "Cube1",
			"from": [ 5, 0, 4 ],
			"to": [ 6, 1, 5 ],
			"rotation": { "origin": [ 7, 0, 2 ], "axis": "y", "angle": 45 },
			"faces": {
				"down": { "uv": [ 9, 7, 10, 6 ], "texture": "#texture" },
				"up": { "uv": [ 9, 6, 10, 7 ], "texture": "#texture" },
				"north": { "uv": [ 10, 7, 9, 6 ], "texture": "#texture" },
				"south": { "uv": [ 9, 6, 10, 7 ], "texture": "#texture" },
				"west": { "uv": [ 9, 6, 10, 7 ], "texture": "#texture", "rotation": 270 },
				"east": { "uv": [ 10, 6, 9, 7 ], "texture": "#texture", "rotation": 90 }
			}
		},
		{
			"__comment": "Cube1",
			"from": [ 3, 0, 6 ],
			"to": [ 4, 1, 7 ],
			"rotation": { "origin": [ 7, 0, 2 ], "axis": "y", "angle": 45 },
			"faces": {
				"down": { "uv": [ 7, 9, 8, 8 ], "texture": "#texture" },
				"up": { "uv": [ 7, 8, 8, 9 ], "texture": "#texture" },
				"north": { "uv": [ 8, 9, 7, 8 ], "texture": "#texture" },
				"south": { "uv": [ 7, 8, 8, 9 ], "texture": "#texture" },
				"west": { "uv": [ 7, 8, 8, 9 ], "texture": "#texture", "rotation": 270 },
				"east": { "uv": [ 8, 8, 7, 9 ], "texture": "#texture", "rotation": 90 }
			}
		},
		{
			"__comment": "Cube5",
			"from": [ 2, 0, 9 ],
			"to": [ 3, 1, 10 ],
			"rotation": { "origin": [ 7, 0, 2 ], "axis": "y", "angle": 45 },
			"faces": {
				"down": { "uv": [ 6, 12, 7, 11 ], "texture": "#texture" },
				"up": { "uv": [ 6, 11, 7, 12 ], "texture": "#texture" },
				"north": { "uv": [ 7, 12, 6, 11 ], "texture": "#texture" },
				"south": { "uv": [ 6, 11, 7, 12 ], "texture": "#texture" },
				"west": { "uv": [ 6, 11, 7, 12 ], "texture": "#texture", "rotation": 270 },
				"east": { "uv": [ 7, 11, 6, 12 ], "texture": "#texture", "rotation": 90 }
			}
		},
		{
			"__comment": "Cube5",
			"from": [ 4, 0, 7 ],
			"to": [ 5, 1, 8 ],
			"rotation": { "origin": [ 7, 0, 2 ], "axis": "y", "angle": 45 },
			"faces": {
				"down": { "uv": [ 8, 10, 9, 9 ], "texture": "#texture" },
				"up": { "uv": [ 8, 9, 9, 10 ], "texture": "#texture" },
				"north": { "uv": [ 9, 10, 8, 9 ], "texture": "#texture" },
				"south": { "uv": [ 8, 9, 9, 10 ], "texture": "#texture" },
				"west": { "uv": [ 8, 9, 9, 10 ], "texture": "#texture", "rotation": 270 },
				"east": { "uv": [ 9, 9, 8, 10 ], "texture": "#texture", "rotation": 90 }
			}
		},
		{
			"__comment": "Cube1",
			"from": [ 1, 0, 8 ],
			"to": [ 2, 1, 9 ],
			"rotation": { "origin": [ 7, 0, 2 ], "axis": "y", "angle": 45 },
			"faces": {
				"down": { "uv": [ 6, 10, 7, 9 ], "texture": "#texture" },
				"up": { "uv": [ 6, 9, 7, 10 ], "texture": "#texture" },
				"north": { "uv": [ 7, 10, 6, 9 ], "texture": "#texture" },
				"south": { "uv": [ 6, 9, 7, 10 ], "texture": "#texture" },
				"west": { "uv": [ 6, 9, 7, 10 ], "texture": "#texture", "rotation": 270 },
				"east": { "uv": [ 7, 9, 6, 10 ], "texture": "#texture", "rotation": 90 }
			}
		},
		{
			"__comment": "Cube37",
			"from": [ -2, 0, 10 ],
			"to": [ -1, 1, 11 ],
			"rotation": { "origin": [ 7, 0, 2 ], "axis": "y", "angle": 45 },
			"faces": {
				"down": { "uv": [ 2, 13, 3, 12 ], "texture": "#texture" },
				"up": { "uv": [ 2, 12, 3, 13 ], "texture": "#texture" },
				"north": { "uv": [ 3, 13, 2, 12 ], "texture": "#texture" },
				"south": { "uv": [ 2, 12, 3, 13 ], "texture": "#texture" },
				"west": { "uv": [ 2, 12, 3, 13 ], "texture": "#texture", "rotation": 270 },
				"east": { "uv": [ 3, 12, 2, 13 ], "texture": "#texture", "rotation": 90 }
			}
		},
		{
			"__comment": "Cube38",
			"from": [ 0, 0, 12 ],
			"to": [ 1, 1, 13 ],
			"rotation": { "origin": [ 7, 0, 2 ], "axis": "y", "angle": 45 },
			"faces": {
				"down": { "uv": [ 4, 15, 5, 14 ], "texture": "#texture" },
				"up": { "uv": [ 4, 14, 5, 15 ], "texture": "#texture" },
				"north": { "uv": [ 5, 15, 4, 14 ], "texture": "#texture" },
				"south": { "uv": [ 4, 14, 5, 15 ], "texture": "#texture" },
				"west": { "uv": [ 4, 14, 5, 15 ], "texture": "#texture", "rotation": 270 },
				"east": { "uv": [ 5, 14, 4, 15 ], "texture": "#texture", "rotation": 90 }
			}
		},
		{
			"__comment": "Cube44",
			"from": [ 9, 0, 1 ],
			"to": [ 10, 1, 2 ],
			"rotation": { "origin": [ 7, 0, 2 ], "axis": "y", "angle": 45 },
			"faces": {
				"down": { "uv": [ 13, 4, 14, 3 ], "texture": "#texture" },
				"up": { "uv": [ 13, 3, 14, 4 ], "texture": "#texture" },
				"north": { "uv": [ 14, 4, 13, 3 ], "texture": "#texture" },
				"south": { "uv": [ 13, 3, 14, 4 ], "texture": "#texture" },
				"west": { "uv": [ 13, 3, 14, 4 ], "texture": "#texture", "rotation": 270 },
				"east": { "uv": [ 14, 3, 13, 4 ], "texture": "#texture", "rotation": 90 }
			}
		},
		{
			"__comment": "Cube45",
			"from": [ 10, 0, 0 ],
			"to": [ 11, 1, 1 ],
			"rotation": { "origin": [ 7, 0, 2 ], "axis": "y", "angle": 45 },
			"faces": {
				"down": { "uv": [ 14, 3, 15, 2 ], "texture": "#texture" },
				"up": { "uv": [ 14, 2, 15, 3 ], "texture": "#texture" },
				"north": { "uv": [ 15, 3, 14, 2 ], "texture": "#texture" },
				"south": { "uv": [ 14, 2, 15, 3 ], "texture": "#texture" },
				"west": { "uv": [ 14, 2, 15, 3 ], "texture": "#texture", "rotation": 270 },
				"east": { "uv": [ 15, 2, 14, 3 ], "texture": "#texture", "rotation": 90 }
			}
		},
		{
			"__comment": "Cube35",
			"from": [ 8, 0, 2 ],
			"to": [ 9, 1, 3 ],
			"rotation": { "origin": [ 7, 0, 2 ], "axis": "y", "angle": 45 },
			"faces": {
				"down": { "uv": [ 12, 5, 13, 4 ], "texture": "#texture" },
				"up": { "uv": [ 12, 4, 13, 5 ], "texture": "#texture" },
				"north": { "uv": [ 13, 5, 12, 4 ], "texture": "#texture" },
				"south": { "uv": [ 12, 4, 13, 5 ], "texture": "#texture" },
				"west": { "uv": [ 12, 4, 13, 5 ], "texture": "#texture", "rotation": 270 },
				"east": { "uv": [ 13, 4, 12, 5 ], "texture": "#texture", "rotation": 90 }
			}
		},
		{
			"__comment": "Cube37",
			"from": [ 2, 0, 7 ],
			"to": [ 4, 1, 9 ],
			"rotation": { "origin": [ 7, 0, 2 ], "axis": "y", "angle": 45 },
			"faces": {
				"down": { "uv": [ 6, 11, 8, 9 ], "texture": "#texture" },
				"up": { "uv": [ 6, 9, 8, 11 ], "texture": "#texture" },
				"north": { "uv": [ 8, 10, 6, 9 ], "texture": "#texture" },
				"south": { "uv": [ 6, 10, 8, 11 ], "texture": "#texture" },
				"west": { "uv": [ 6, 9, 7, 11 ], "texture": "#texture", "rotation": 270 },
				"east": { "uv": [ 8, 9, 7, 11 ], "texture": "#texture", "rotation": 90 }
			}
		},
		{
			"__comment": "Cube38",
			"from": [ -1, 0, 9 ],
			"to": [ 2, 1, 12 ],
			"rotation": { "origin": [ 7, 0, 2 ], "axis": "y", "angle": 45 },
			"faces": {
				"down": { "uv": [ 3, 14, 6, 11 ], "texture": "#texture" },
				"up": { "uv": [ 3, 11, 6, 14 ], "texture": "#texture" },
				"north": { "uv": [ 6, 12, 3, 11 ], "texture": "#texture" },
				"south": { "uv": [ 3, 13, 6, 14 ], "texture": "#texture" },
				"west": { "uv": [ 3, 11, 4, 14 ], "texture": "#texture", "rotation": 270 },
				"east": { "uv": [ 6, 11, 5, 14 ], "texture": "#texture", "rotation": 90 }
			}
		},
		{
			"__comment": "Cube39",
			"from": [ 4, 0, 5 ],
			"to": [ 6, 1, 7 ],
			"rotation": { "origin": [ 7, 0, 2 ], "axis": "y", "angle": 45 },
			"faces": {
				"down": { "uv": [ 8, 9, 10, 7 ], "texture": "#texture" },
				"up": { "uv": [ 8, 7, 10, 9 ], "texture": "#texture" },
				"north": { "uv": [ 10, 8, 8, 7 ], "texture": "#texture" },
				"south": { "uv": [ 8, 8, 10, 9 ], "texture": "#texture" },
				"west": { "uv": [ 8, 7, 9, 9 ], "texture": "#texture", "rotation": 270 },
				"east": { "uv": [ 10, 7, 9, 9 ], "texture": "#texture", "rotation": 90 }
			}
		},
		{
			"__comment": "Cube25",
			"from": [ 6, 0, 3 ],
			"to": [ 8, 1, 5 ],
			"rotation": { "origin": [ 7, 0, 2 ], "axis": "y", "angle": 45 },
			"faces": {
				"down": { "uv": [ 10, 7, 12, 5 ], "texture": "#texture" },
				"up": { "uv": [ 10, 5, 12, 7 ], "texture": "#texture" },
				"north": { "uv": [ 12, 6, 10, 5 ], "texture": "#texture" },
				"south": { "uv": [ 10, 6, 12, 7 ], "texture": "#texture" },
				"west": { "uv": [ 10, 5, 11, 7 ], "texture": "#texture", "rotation": 270 },
				"east": { "uv": [ 12, 5, 11, 7 ], "texture": "#texture", "rotation": 90 }
			}
		}
	],
	"display": {
		"thirdperson_righthand": {
			"rotation":  [ 95, 0, 92 ],
			"translation":  [ -4.8, 3.4, 1.4 ],
			"scale":  [ 0.5, 0.5, 0.5 ]
		},
		"thirdperson_lefthand": {
			"rotation":  [ 95, 0, 92 ],
			"translation":  [ -4.8, 3.4, 1.4 ],
			"scale":  [ 0.5, 0.5, 0.5 ]
		},
		"firstperson_righthand": {
			"rotation":  [ 85, 0, 90 ],
			"translation":  [ -3.478, 3.7391, -1.391 ],
			"scale":  [ 0.9, 0.9, 0.9 ]
		},
		"firstperson_lefthand": {
			"rotation":  [ 85, 0, 90 ],
			"translation":  [ -3.478, 3.7391, -1.391 ],
			"scale":  [ 0.9, 0.9, 0.9 ]
		},
		"gui": {
			"rotation":  [ 90, 45, 0 ],
			"translation":  [ 0.7, -1.4, 10.478 ]
		},
		"head": {
			"rotation":  [ 90, -52, 0 ],
			"translation":  [ 0, 15, 5 ]
		},
		"ground": {
			"rotation":  [ 90, 47, 0 ],
			"translation":  [ 0, 1, 4 ],
			"scale":  [ 0.5, 0.5, 0.5 ]
		},
		"fixed": {
			"rotation":  [ 92, 0, 0 ],
			"translation":  [ 0, -1.7, 7 ],
			"scale":  [ 0.9, 0.9, 0.9 ]
		}
	}
}