{
	"__comment": "Model generated by Tanou using MrCrayfish's Model Creator (http://mrcrayfish.com/modelcreator/)",
	"textures": {
		"0": "./marteau_a_deux_mains"
	},
	"elements": [
		{
			"from": [ 0, 0, 23 ],
			"to": [ 1, 1, 24 ],
			"rotation": { "origin": [ 0, 0, 23 ], "axis": "y", "angle": 45 },
			"faces": {
				"down": { "uv": [ 0, 14, 1, 15 ], "texture": "#0" },
				"up": { "uv": [ 0, 14, 1, 15 ], "texture": "#0" },
				"north": { "uv": [ 0, 14, 1, 15 ], "texture": "#0" },
				"south": { "uv": [ 0, 14, 1, 15 ], "texture": "#0" },
				"west": { "uv": [ 0, 14, 1, 15 ], "texture": "#0" },
				"east": { "uv": [ 0, 14, 1, 15 ], "texture": "#0" }
			}
		},
		{
			"from": [ 1, 0, 24 ],
			"to": [ 2, 1, 25 ],
			"rotation": { "origin": [ 0, 0, 23 ], "axis": "y", "angle": 45 },
			"faces": {
				"down": { "uv": [ 0, 14, 1, 15 ], "texture": "#0" },
				"up": { "uv": [ 0, 14, 1, 15 ], "texture": "#0" },
				"north": { "uv": [ 0, 14, 1, 15 ], "texture": "#0" },
				"south": { "uv": [ 0, 14, 1, 15 ], "texture": "#0" },
				"west": { "uv": [ 0, 14, 1, 15 ], "texture": "#0" },
				"east": { "uv": [ 0, 14, 1, 15 ], "texture": "#0" }
			}
		},
		{
			"from": [ 0, 0, 24 ],
			"to": [ 1, 1, 25 ],
			"rotation": { "origin": [ 0, 0, 23 ], "axis": "y", "angle": 45 },
			"faces": {
				"down": { "uv": [ 0, 15, 1, 16 ], "texture": "#0" },
				"up": { "uv": [ 0, 15, 1, 16 ], "texture": "#0" },
				"north": { "uv": [ 0, 15, 1, 16 ], "texture": "#0" },
				"south": { "uv": [ 0, 15, 1, 16 ], "texture": "#0" },
				"west": { "uv": [ 0, 15, 1, 16 ], "texture": "#0" },
				"east": { "uv": [ 0, 15, 1, 16 ], "texture": "#0" }
			}
		},
		{
			"from": [ 2, 0, 21 ],
			"to": [ 3, 1, 22 ],
			"rotation": { "origin": [ 0, 0, 23 ], "axis": "y", "angle": 45 },
			"faces": {
				"down": { "uv": [ 2, 12, 3, 13 ], "texture": "#0" },
				"up": { "uv": [ 2, 12, 3, 13 ], "texture": "#0" },
				"north": { "uv": [ 2, 12, 3, 13 ], "texture": "#0" },
				"south": { "uv": [ 2, 12, 3, 13 ], "texture": "#0" },
				"west": { "uv": [ 2, 12, 3, 13 ], "texture": "#0" },
				"east": { "uv": [ 2, 12, 3, 13 ], "texture": "#0" }
			}
		},
		{
			"from": [ 3, 0, 20 ],
			"to": [ 4, 1, 21 ],
			"rotation": { "origin": [ 0, 0, 23 ], "axis": "y", "angle": 45 },
			"faces": {
				"down": { "uv": [ 2, 12, 3, 13 ], "texture": "#0" },
				"up": { "uv": [ 2, 12, 3, 13 ], "texture": "#0" },
				"north": { "uv": [ 2, 12, 3, 13 ], "texture": "#0" },
				"south": { "uv": [ 2, 12, 3, 13 ], "texture": "#0" },
				"west": { "uv": [ 2, 12, 3, 13 ], "texture": "#0" },
				"east": { "uv": [ 2, 12, 3, 13 ], "texture": "#0" }
			}
		},
		{
			"from": [ 4, 0, 19 ],
			"to": [ 5, 1, 20 ],
			"rotation": { "origin": [ 0, 0, 23 ], "axis": "y", "angle": 45 },
			"faces": {
				"down": { "uv": [ 2, 12, 3, 13 ], "texture": "#0" },
				"up": { "uv": [ 2, 12, 3, 13 ], "texture": "#0" },
				"north": { "uv": [ 2, 12, 3, 13 ], "texture": "#0" },
				"south": { "uv": [ 2, 12, 3, 13 ], "texture": "#0" },
				"west": { "uv": [ 2, 12, 3, 13 ], "texture": "#0" },
				"east": { "uv": [ 2, 12, 3, 13 ], "texture": "#0" }
			}
		},
		{
			"from": [ 5, 0, 18 ],
			"to": [ 6, 1, 19 ],
			"rotation": { "origin": [ 0, 0, 23 ], "axis": "y", "angle": 45 },
			"faces": {
				"down": { "uv": [ 2, 12, 3, 13 ], "texture": "#0" },
				"up": { "uv": [ 2, 12, 3, 13 ], "texture": "#0" },
				"north": { "uv": [ 2, 12, 3, 13 ], "texture": "#0" },
				"south": { "uv": [ 2, 12, 3, 13 ], "texture": "#0" },
				"west": { "uv": [ 2, 12, 3, 13 ], "texture": "#0" },
				"east": { "uv": [ 2, 12, 3, 13 ], "texture": "#0" }
			}
		},
		{
			"from": [ 6, 0, 17 ],
			"to": [ 7, 1, 18 ],
			"rotation": { "origin": [ 0, 0, 23 ], "axis": "y", "angle": 45 },
			"faces": {
				"down": { "uv": [ 2, 12, 3, 13 ], "texture": "#0" },
				"up": { "uv": [ 2, 12, 3, 13 ], "texture": "#0" },
				"north": { "uv": [ 2, 12, 3, 13 ], "texture": "#0" },
				"south": { "uv": [ 2, 12, 3, 13 ], "texture": "#0" },
				"west": { "uv": [ 2, 12, 3, 13 ], "texture": "#0" },
				"east": { "uv": [ 2, 12, 3, 13 ], "texture": "#0" }
			}
		},
		{
			"from": [ 7, 0, 16 ],
			"to": [ 8, 1, 17 ],
			"rotation": { "origin": [ 0, 0, 23 ], "axis": "y", "angle": 45 },
			"faces": {
				"down": { "uv": [ 2, 12, 3, 13 ], "texture": "#0" },
				"up": { "uv": [ 2, 12, 3, 13 ], "texture": "#0" },
				"north": { "uv": [ 2, 12, 3, 13 ], "texture": "#0" },
				"south": { "uv": [ 2, 12, 3, 13 ], "texture": "#0" },
				"west": { "uv": [ 2, 12, 3, 13 ], "texture": "#0" },
				"east": { "uv": [ 2, 12, 3, 13 ], "texture": "#0" }
			}
		},
		{
			"from": [ 1, 0, 22 ],
			"to": [ 2, 1, 23 ],
			"rotation": { "origin": [ 0, 0, 23 ], "axis": "y", "angle": 45 },
			"faces": {
				"down": { "uv": [ 0, 14, 1, 15 ], "texture": "#0" },
				"up": { "uv": [ 0, 14, 1, 15 ], "texture": "#0" },
				"north": { "uv": [ 0, 14, 1, 15 ], "texture": "#0" },
				"south": { "uv": [ 0, 14, 1, 15 ], "texture": "#0" },
				"west": { "uv": [ 0, 14, 1, 15 ], "texture": "#0" },
				"east": { "uv": [ 0, 14, 1, 15 ], "texture": "#0" }
			}
		},
		{
			"from": [ 2, 0, 23 ],
			"to": [ 3, 1, 24 ],
			"rotation": { "origin": [ 0, 0, 23 ], "axis": "y", "angle": 45 },
			"faces": {
				"down": { "uv": [ 0, 14, 1, 15 ], "texture": "#0" },
				"up": { "uv": [ 0, 14, 1, 15 ], "texture": "#0" },
				"north": { "uv": [ 0, 14, 1, 15 ], "texture": "#0" },
				"south": { "uv": [ 0, 14, 1, 15 ], "texture": "#0" },
				"west": { "uv": [ 0, 14, 1, 15 ], "texture": "#0" },
				"east": { "uv": [ 0, 14, 1, 15 ], "texture": "#0" }
			}
		},
		{
			"from": [ 8, 0, 15 ],
			"to": [ 9, 1, 16 ],
			"rotation": { "origin": [ 0, 0, 23 ], "axis": "y", "angle": 45 },
			"faces": {
				"down": { "uv": [ 2, 12, 3, 13 ], "texture": "#0" },
				"up": { "uv": [ 2, 12, 3, 13 ], "texture": "#0" },
				"north": { "uv": [ 2, 12, 3, 13 ], "texture": "#0" },
				"south": { "uv": [ 2, 12, 3, 13 ], "texture": "#0" },
				"west": { "uv": [ 2, 12, 3, 13 ], "texture": "#0" },
				"east": { "uv": [ 2, 12, 3, 13 ], "texture": "#0" }
			}
		},
		{
			"from": [ 9, 0, 16 ],
			"to": [ 10, 1, 17 ],
			"rotation": { "origin": [ 0, 0, 23 ], "axis": "y", "angle": 45 },
			"faces": {
				"down": { "uv": [ 3, 13, 4, 14 ], "texture": "#0" },
				"up": { "uv": [ 3, 13, 4, 14 ], "texture": "#0" },
				"north": { "uv": [ 3, 13, 4, 14 ], "texture": "#0" },
				"south": { "uv": [ 3, 13, 4, 14 ], "texture": "#0" },
				"west": { "uv": [ 3, 13, 4, 14 ], "texture": "#0" },
				"east": { "uv": [ 3, 13, 4, 14 ], "texture": "#0" }
			}
		},
		{
			"from": [ 8, 0, 17 ],
			"to": [ 9, 1, 18 ],
			"rotation": { "origin": [ 0, 0, 23 ], "axis": "y", "angle": 45 },
			"faces": {
				"down": { "uv": [ 3, 13, 4, 14 ], "texture": "#0" },
				"up": { "uv": [ 3, 13, 4, 14 ], "texture": "#0" },
				"north": { "uv": [ 3, 13, 4, 14 ], "texture": "#0" },
				"south": { "uv": [ 3, 13, 4, 14 ], "texture": "#0" },
				"west": { "uv": [ 3, 13, 4, 14 ], "texture": "#0" },
				"east": { "uv": [ 3, 13, 4, 14 ], "texture": "#0" }
			}
		},
		{
			"from": [ 7, 0, 18 ],
			"to": [ 8, 1, 19 ],
			"rotation": { "origin": [ 0, 0, 23 ], "axis": "y", "angle": 45 },
			"faces": {
				"down": { "uv": [ 3, 13, 4, 14 ], "texture": "#0" },
				"up": { "uv": [ 3, 13, 4, 14 ], "texture": "#0" },
				"north": { "uv": [ 3, 13, 4, 14 ], "texture": "#0" },
				"south": { "uv": [ 3, 13, 4, 14 ], "texture": "#0" },
				"west": { "uv": [ 3, 13, 4, 14 ], "texture": "#0" },
				"east": { "uv": [ 3, 13, 4, 14 ], "texture": "#0" }
			}
		},
		{
			"from": [ 6, 0, 19 ],
			"to": [ 7, 1, 20 ],
			"rotation": { "origin": [ 0, 0, 23 ], "axis": "y", "angle": 45 },
			"faces": {
				"down": { "uv": [ 3, 13, 4, 14 ], "texture": "#0" },
				"up": { "uv": [ 3, 13, 4, 14 ], "texture": "#0" },
				"north": { "uv": [ 3, 13, 4, 14 ], "texture": "#0" },
				"south": { "uv": [ 3, 13, 4, 14 ], "texture": "#0" },
				"west": { "uv": [ 3, 13, 4, 14 ], "texture": "#0" },
				"east": { "uv": [ 3, 13, 4, 14 ], "texture": "#0" }
			}
		},
		{
			"from": [ 5, 0, 20 ],
			"to": [ 6, 1, 21 ],
			"rotation": { "origin": [ 0, 0, 23 ], "axis": "y", "angle": 45 },
			"faces": {
				"down": { "uv": [ 3, 13, 4, 14 ], "texture": "#0" },
				"up": { "uv": [ 3, 13, 4, 14 ], "texture": "#0" },
				"north": { "uv": [ 3, 13, 4, 14 ], "texture": "#0" },
				"south": { "uv": [ 3, 13, 4, 14 ], "texture": "#0" },
				"west": { "uv": [ 3, 13, 4, 14 ], "texture": "#0" },
				"east": { "uv": [ 3, 13, 4, 14 ], "texture": "#0" }
			}
		},
		{
			"from": [ 4, 0, 21 ],
			"to": [ 5, 1, 22 ],
			"rotation": { "origin": [ 0, 0, 23 ], "axis": "y", "angle": 45 },
			"faces": {
				"down": { "uv": [ 3, 13, 4, 14 ], "texture": "#0" },
				"up": { "uv": [ 3, 13, 4, 14 ], "texture": "#0" },
				"north": { "uv": [ 3, 13, 4, 14 ], "texture": "#0" },
				"south": { "uv": [ 3, 13, 4, 14 ], "texture": "#0" },
				"west": { "uv": [ 3, 13, 4, 14 ], "texture": "#0" },
				"east": { "uv": [ 3, 13, 4, 14 ], "texture": "#0" }
			}
		},
		{
			"from": [ 3, 0, 22 ],
			"to": [ 4, 1, 23 ],
			"rotation": { "origin": [ 0, 0, 23 ], "axis": "y", "angle": 45 },
			"faces": {
				"down": { "uv": [ 3, 13, 4, 14 ], "texture": "#0" },
				"up": { "uv": [ 3, 13, 4, 14 ], "texture": "#0" },
				"north": { "uv": [ 3, 13, 4, 14 ], "texture": "#0" },
				"south": { "uv": [ 3, 13, 4, 14 ], "texture": "#0" },
				"west": { "uv": [ 3, 13, 4, 14 ], "texture": "#0" },
				"east": { "uv": [ 3, 13, 4, 14 ], "texture": "#0" }
			}
		},
		{
			"from": [ 1, 0, 23 ],
			"to": [ 2, 1, 24 ],
			"rotation": { "origin": [ 0, 0, 23 ], "axis": "y", "angle": 45 },
			"faces": {
				"down": { "uv": [ 0, 15, 1, 16 ], "texture": "#0" },
				"up": { "uv": [ 0, 15, 1, 16 ], "texture": "#0" },
				"north": { "uv": [ 0, 15, 1, 16 ], "texture": "#0" },
				"south": { "uv": [ 0, 15, 1, 16 ], "texture": "#0" },
				"west": { "uv": [ 0, 15, 1, 16 ], "texture": "#0" },
				"east": { "uv": [ 0, 15, 1, 16 ], "texture": "#0" }
			}
		},
		{
			"from": [ 2, 0, 22 ],
			"to": [ 3, 1, 23 ],
			"rotation": { "origin": [ 0, 0, 23 ], "axis": "y", "angle": 45 },
			"faces": {
				"down": { "uv": [ 2, 13, 3, 14 ], "texture": "#0" },
				"up": { "uv": [ 2, 13, 3, 14 ], "texture": "#0" },
				"north": { "uv": [ 2, 13, 3, 14 ], "texture": "#0" },
				"south": { "uv": [ 2, 13, 3, 14 ], "texture": "#0" },
				"west": { "uv": [ 2, 13, 3, 14 ], "texture": "#0" },
				"east": { "uv": [ 2, 13, 3, 14 ], "texture": "#0" }
			}
		},
		{
			"from": [ 4, 0, 20 ],
			"to": [ 5, 1, 21 ],
			"rotation": { "origin": [ 0, 0, 23 ], "axis": "y", "angle": 45 },
			"faces": {
				"down": { "uv": [ 2, 13, 3, 14 ], "texture": "#0" },
				"up": { "uv": [ 2, 13, 3, 14 ], "texture": "#0" },
				"north": { "uv": [ 2, 13, 3, 14 ], "texture": "#0" },
				"south": { "uv": [ 2, 13, 3, 14 ], "texture": "#0" },
				"west": { "uv": [ 2, 13, 3, 14 ], "texture": "#0" },
				"east": { "uv": [ 2, 13, 3, 14 ], "texture": "#0" }
			}
		},
		{
			"from": [ 6, 0, 18 ],
			"to": [ 7, 1, 19 ],
			"rotation": { "origin": [ 0, 0, 23 ], "axis": "y", "angle": 45 },
			"faces": {
				"down": { "uv": [ 2, 13, 3, 14 ], "texture": "#0" },
				"up": { "uv": [ 2, 13, 3, 14 ], "texture": "#0" },
				"north": { "uv": [ 2, 13, 3, 14 ], "texture": "#0" },
				"south": { "uv": [ 2, 13, 3, 14 ], "texture": "#0" },
				"west": { "uv": [ 2, 13, 3, 14 ], "texture": "#0" },
				"east": { "uv": [ 2, 13, 3, 14 ], "texture": "#0" }
			}
		},
		{
			"from": [ 7, 0, 17 ],
			"to": [ 8, 1, 18 ],
			"rotation": { "origin": [ 0, 0, 23 ], "axis": "y", "angle": 45 },
			"faces": {
				"down": { "uv": [ 2, 13, 3, 14 ], "texture": "#0" },
				"up": { "uv": [ 2, 13, 3, 14 ], "texture": "#0" },
				"north": { "uv": [ 2, 13, 3, 14 ], "texture": "#0" },
				"south": { "uv": [ 2, 13, 3, 14 ], "texture": "#0" },
				"west": { "uv": [ 2, 13, 3, 14 ], "texture": "#0" },
				"east": { "uv": [ 2, 13, 3, 14 ], "texture": "#0" }
			}
		},
		{
			"from": [ 9, 0, 15 ],
			"to": [ 10, 1, 16 ],
			"rotation": { "origin": [ 0, 0, 23 ], "axis": "y", "angle": 45 },
			"faces": {
				"down": { "uv": [ 2, 13, 3, 14 ], "texture": "#0" },
				"up": { "uv": [ 2, 13, 3, 14 ], "texture": "#0" },
				"north": { "uv": [ 2, 13, 3, 14 ], "texture": "#0" },
				"south": { "uv": [ 2, 13, 3, 14 ], "texture": "#0" },
				"west": { "uv": [ 2, 13, 3, 14 ], "texture": "#0" },
				"east": { "uv": [ 2, 13, 3, 14 ], "texture": "#0" }
			}
		},
		{
			"from": [ 8, 0, 16 ],
			"to": [ 9, 1, 17 ],
			"rotation": { "origin": [ 0, 0, 23 ], "axis": "y", "angle": 45 },
			"faces": {
				"down": { "uv": [ 3, 12, 4, 13 ], "texture": "#0" },
				"up": { "uv": [ 3, 12, 4, 13 ], "texture": "#0" },
				"north": { "uv": [ 3, 12, 4, 13 ], "texture": "#0" },
				"south": { "uv": [ 3, 12, 4, 13 ], "texture": "#0" },
				"west": { "uv": [ 3, 12, 4, 13 ], "texture": "#0" },
				"east": { "uv": [ 3, 12, 4, 13 ], "texture": "#0" }
			}
		},
		{
			"from": [ 5, 0, 19 ],
			"to": [ 6, 1, 20 ],
			"rotation": { "origin": [ 0, 0, 23 ], "axis": "y", "angle": 45 },
			"faces": {
				"down": { "uv": [ 3, 12, 4, 13 ], "texture": "#0" },
				"up": { "uv": [ 3, 12, 4, 13 ], "texture": "#0" },
				"north": { "uv": [ 3, 12, 4, 13 ], "texture": "#0" },
				"south": { "uv": [ 3, 12, 4, 13 ], "texture": "#0" },
				"west": { "uv": [ 3, 12, 4, 13 ], "texture": "#0" },
				"east": { "uv": [ 3, 12, 4, 13 ], "texture": "#0" }
			}
		},
		{
			"from": [ 3, 0, 21 ],
			"to": [ 4, 1, 22 ],
			"rotation": { "origin": [ 0, 0, 23 ], "axis": "y", "angle": 45 },
			"faces": {
				"down": { "uv": [ 3, 12, 4, 13 ], "texture": "#0" },
				"up": { "uv": [ 3, 12, 4, 13 ], "texture": "#0" },
				"north": { "uv": [ 3, 12, 4, 13 ], "texture": "#0" },
				"south": { "uv": [ 3, 12, 4, 13 ], "texture": "#0" },
				"west": { "uv": [ 3, 12, 4, 13 ], "texture": "#0" },
				"east": { "uv": [ 3, 12, 4, 13 ], "texture": "#0" }
			}
		},
		{
			"from": [ 9, 0, 14 ],
			"to": [ 10, 1, 15 ],
			"rotation": { "origin": [ 0, 0, 23 ], "axis": "y", "angle": 45 },
			"faces": {
				"down": { "uv": [ 4, 10, 5, 11 ], "texture": "#0" },
				"up": { "uv": [ 4, 10, 5, 11 ], "texture": "#0" },
				"north": { "uv": [ 4, 10, 5, 11 ], "texture": "#0" },
				"south": { "uv": [ 4, 10, 5, 11 ], "texture": "#0" },
				"west": { "uv": [ 4, 10, 5, 11 ], "texture": "#0" },
				"east": { "uv": [ 4, 10, 5, 11 ], "texture": "#0" }
			}
		},
		{
			"from": [ 10, 0, 13 ],
			"to": [ 11, 1, 14 ],
			"rotation": { "origin": [ 0, 0, 23 ], "axis": "y", "angle": 45 },
			"faces": {
				"down": { "uv": [ 4, 10, 5, 11 ], "texture": "#0" },
				"up": { "uv": [ 4, 10, 5, 11 ], "texture": "#0" },
				"north": { "uv": [ 4, 10, 5, 11 ], "texture": "#0" },
				"south": { "uv": [ 4, 10, 5, 11 ], "texture": "#0" },
				"west": { "uv": [ 4, 10, 5, 11 ], "texture": "#0" },
				"east": { "uv": [ 4, 10, 5, 11 ], "texture": "#0" }
			}
		},
		{
			"from": [ 11, 0, 12 ],
			"to": [ 12, 1, 13 ],
			"rotation": { "origin": [ 0, 0, 23 ], "axis": "y", "angle": 45 },
			"faces": {
				"down": { "uv": [ 4, 10, 5, 11 ], "texture": "#0" },
				"up": { "uv": [ 4, 10, 5, 11 ], "texture": "#0" },
				"north": { "uv": [ 4, 10, 5, 11 ], "texture": "#0" },
				"south": { "uv": [ 4, 10, 5, 11 ], "texture": "#0" },
				"west": { "uv": [ 4, 10, 5, 11 ], "texture": "#0" },
				"east": { "uv": [ 4, 10, 5, 11 ], "texture": "#0" }
			}
		},
		{
			"from": [ 12, 0, 11 ],
			"to": [ 13, 1, 12 ],
			"rotation": { "origin": [ 0, 0, 23 ], "axis": "y", "angle": 45 },
			"faces": {
				"down": { "uv": [ 4, 10, 5, 11 ], "texture": "#0" },
				"up": { "uv": [ 4, 10, 5, 11 ], "texture": "#0" },
				"north": { "uv": [ 4, 10, 5, 11 ], "texture": "#0" },
				"south": { "uv": [ 4, 10, 5, 11 ], "texture": "#0" },
				"west": { "uv": [ 4, 10, 5, 11 ], "texture": "#0" },
				"east": { "uv": [ 4, 10, 5, 11 ], "texture": "#0" }
			}
		},
		{
			"from": [ 13, 0, 10 ],
			"to": [ 14, 1, 11 ],
			"rotation": { "origin": [ 0, 0, 23 ], "axis": "y", "angle": 45 },
			"faces": {
				"down": { "uv": [ 4, 10, 5, 11 ], "texture": "#0" },
				"up": { "uv": [ 4, 10, 5, 11 ], "texture": "#0" },
				"north": { "uv": [ 4, 10, 5, 11 ], "texture": "#0" },
				"south": { "uv": [ 4, 10, 5, 11 ], "texture": "#0" },
				"west": { "uv": [ 4, 10, 5, 11 ], "texture": "#0" },
				"east": { "uv": [ 4, 10, 5, 11 ], "texture": "#0" }
			}
		},
		{
			"from": [ 14, 0, 9 ],
			"to": [ 15, 1, 10 ],
			"rotation": { "origin": [ 0, 0, 23 ], "axis": "y", "angle": 45 },
			"faces": {
				"down": { "uv": [ 4, 10, 5, 11 ], "texture": "#0" },
				"up": { "uv": [ 4, 10, 5, 11 ], "texture": "#0" },
				"north": { "uv": [ 4, 10, 5, 11 ], "texture": "#0" },
				"south": { "uv": [ 4, 10, 5, 11 ], "texture": "#0" },
				"west": { "uv": [ 4, 10, 5, 11 ], "texture": "#0" },
				"east": { "uv": [ 4, 10, 5, 11 ], "texture": "#0" }
			}
		},
		{
			"from": [ 15, 0, 10 ],
			"to": [ 16, 1, 11 ],
			"rotation": { "origin": [ 0, 0, 23 ], "axis": "y", "angle": 45 },
			"faces": {
				"down": { "uv": [ 4, 10, 5, 11 ], "texture": "#0" },
				"up": { "uv": [ 4, 10, 5, 11 ], "texture": "#0" },
				"north": { "uv": [ 4, 10, 5, 11 ], "texture": "#0" },
				"south": { "uv": [ 4, 10, 5, 11 ], "texture": "#0" },
				"west": { "uv": [ 4, 10, 5, 11 ], "texture": "#0" },
				"east": { "uv": [ 4, 10, 5, 11 ], "texture": "#0" }
			}
		},
		{
			"from": [ 14, 0, 11 ],
			"to": [ 15, 1, 12 ],
			"rotation": { "origin": [ 0, 0, 23 ], "axis": "y", "angle": 45 },
			"faces": {
				"down": { "uv": [ 4, 10, 5, 11 ], "texture": "#0" },
				"up": { "uv": [ 4, 10, 5, 11 ], "texture": "#0" },
				"north": { "uv": [ 4, 10, 5, 11 ], "texture": "#0" },
				"south": { "uv": [ 4, 10, 5, 11 ], "texture": "#0" },
				"west": { "uv": [ 4, 10, 5, 11 ], "texture": "#0" },
				"east": { "uv": [ 4, 10, 5, 11 ], "texture": "#0" }
			}
		},
		{
			"from": [ 13, 0, 12 ],
			"to": [ 14, 1, 13 ],
			"rotation": { "origin": [ 0, 0, 23 ], "axis": "y", "angle": 45 },
			"faces": {
				"down": { "uv": [ 4, 10, 5, 11 ], "texture": "#0" },
				"up": { "uv": [ 4, 10, 5, 11 ], "texture": "#0" },
				"north": { "uv": [ 4, 10, 5, 11 ], "texture": "#0" },
				"south": { "uv": [ 4, 10, 5, 11 ], "texture": "#0" },
				"west": { "uv": [ 4, 10, 5, 11 ], "texture": "#0" },
				"east": { "uv": [ 4, 10, 5, 11 ], "texture": "#0" }
			}
		},
		{
			"from": [ 12, 0, 13 ],
			"to": [ 13, 1, 14 ],
			"rotation": { "origin": [ 0, 0, 23 ], "axis": "y", "angle": 45 },
			"faces": {
				"down": { "uv": [ 4, 10, 5, 11 ], "texture": "#0" },
				"up": { "uv": [ 4, 10, 5, 11 ], "texture": "#0" },
				"north": { "uv": [ 4, 10, 5, 11 ], "texture": "#0" },
				"south": { "uv": [ 4, 10, 5, 11 ], "texture": "#0" },
				"west": { "uv": [ 4, 10, 5, 11 ], "texture": "#0" },
				"east": { "uv": [ 4, 10, 5, 11 ], "texture": "#0" }
			}
		},
		{
			"from": [ 11, 0, 14 ],
			"to": [ 12, 1, 15 ],
			"rotation": { "origin": [ 0, 0, 23 ], "axis": "y", "angle": 45 },
			"faces": {
				"down": { "uv": [ 4, 10, 5, 11 ], "texture": "#0" },
				"up": { "uv": [ 4, 10, 5, 11 ], "texture": "#0" },
				"north": { "uv": [ 4, 10, 5, 11 ], "texture": "#0" },
				"south": { "uv": [ 4, 10, 5, 11 ], "texture": "#0" },
				"west": { "uv": [ 4, 10, 5, 11 ], "texture": "#0" },
				"east": { "uv": [ 4, 10, 5, 11 ], "texture": "#0" }
			}
		},
		{
			"from": [ 10, 0, 15 ],
			"to": [ 11, 1, 16 ],
			"rotation": { "origin": [ 0, 0, 23 ], "axis": "y", "angle": 45 },
			"faces": {
				"down": { "uv": [ 4, 10, 5, 11 ], "texture": "#0" },
				"up": { "uv": [ 4, 10, 5, 11 ], "texture": "#0" },
				"north": { "uv": [ 4, 10, 5, 11 ], "texture": "#0" },
				"south": { "uv": [ 4, 10, 5, 11 ], "texture": "#0" },
				"west": { "uv": [ 4, 10, 5, 11 ], "texture": "#0" },
				"east": { "uv": [ 4, 10, 5, 11 ], "texture": "#0" }
			}
		},
		{
			"from": [ 10, 0, 14 ],
			"to": [ 11, 1, 15 ],
			"rotation": { "origin": [ 0, 0, 23 ], "axis": "y", "angle": 45 },
			"faces": {
				"down": { "uv": [ 5, 10, 6, 11 ], "texture": "#0" },
				"up": { "uv": [ 5, 10, 6, 11 ], "texture": "#0" },
				"north": { "uv": [ 5, 10, 6, 11 ], "texture": "#0" },
				"south": { "uv": [ 5, 10, 6, 11 ], "texture": "#0" },
				"west": { "uv": [ 5, 10, 6, 11 ], "texture": "#0" },
				"east": { "uv": [ 5, 10, 6, 11 ], "texture": "#0" }
			}
		},
		{
			"from": [ 11, 0, 13 ],
			"to": [ 12, 1, 14 ],
			"rotation": { "origin": [ 0, 0, 23 ], "axis": "y", "angle": 45 },
			"faces": {
				"down": { "uv": [ 5, 10, 6, 11 ], "texture": "#0" },
				"up": { "uv": [ 5, 10, 6, 11 ], "texture": "#0" },
				"north": { "uv": [ 5, 10, 6, 11 ], "texture": "#0" },
				"south": { "uv": [ 5, 10, 6, 11 ], "texture": "#0" },
				"west": { "uv": [ 5, 10, 6, 11 ], "texture": "#0" },
				"east": { "uv": [ 5, 10, 6, 11 ], "texture": "#0" }
			}
		},
		{
			"from": [ 12, 0, 12 ],
			"to": [ 13, 1, 13 ],
			"rotation": { "origin": [ 0, 0, 23 ], "axis": "y", "angle": 45 },
			"faces": {
				"down": { "uv": [ 5, 10, 6, 11 ], "texture": "#0" },
				"up": { "uv": [ 5, 10, 6, 11 ], "texture": "#0" },
				"north": { "uv": [ 5, 10, 6, 11 ], "texture": "#0" },
				"south": { "uv": [ 5, 10, 6, 11 ], "texture": "#0" },
				"west": { "uv": [ 5, 10, 6, 11 ], "texture": "#0" },
				"east": { "uv": [ 5, 10, 6, 11 ], "texture": "#0" }
			}
		},
		{
			"from": [ 13, 0, 11 ],
			"to": [ 14, 1, 12 ],
			"rotation": { "origin": [ 0, 0, 23 ], "axis": "y", "angle": 45 },
			"faces": {
				"down": { "uv": [ 5, 10, 6, 11 ], "texture": "#0" },
				"up": { "uv": [ 5, 10, 6, 11 ], "texture": "#0" },
				"north": { "uv": [ 5, 10, 6, 11 ], "texture": "#0" },
				"south": { "uv": [ 5, 10, 6, 11 ], "texture": "#0" },
				"west": { "uv": [ 5, 10, 6, 11 ], "texture": "#0" },
				"east": { "uv": [ 5, 10, 6, 11 ], "texture": "#0" }
			}
		},
		{
			"from": [ 14, 0, 10 ],
			"to": [ 15, 1, 11 ],
			"rotation": { "origin": [ 0, 0, 23 ], "axis": "y", "angle": 45 },
			"faces": {
				"down": { "uv": [ 5, 10, 6, 11 ], "texture": "#0" },
				"up": { "uv": [ 5, 10, 6, 11 ], "texture": "#0" },
				"north": { "uv": [ 5, 10, 6, 11 ], "texture": "#0" },
				"south": { "uv": [ 5, 10, 6, 11 ], "texture": "#0" },
				"west": { "uv": [ 5, 10, 6, 11 ], "texture": "#0" },
				"east": { "uv": [ 5, 10, 6, 11 ], "texture": "#0" }
			}
		},
		{
			"from": [ 15, 0, 8 ],
			"to": [ 16, 1, 9 ],
			"rotation": { "origin": [ 0, 0, 23 ], "axis": "y", "angle": 45 },
			"faces": {
				"down": { "uv": [ 6, 8, 7, 9 ], "texture": "#0" },
				"up": { "uv": [ 6, 8, 7, 9 ], "texture": "#0" },
				"north": { "uv": [ 6, 8, 7, 9 ], "texture": "#0" },
				"south": { "uv": [ 6, 8, 7, 9 ], "texture": "#0" },
				"west": { "uv": [ 6, 8, 7, 9 ], "texture": "#0" },
				"east": { "uv": [ 6, 8, 7, 9 ], "texture": "#0" }
			}
		},
		{
			"from": [ 15, 0, 9 ],
			"to": [ 16, 1, 10 ],
			"rotation": { "origin": [ 0, 0, 23 ], "axis": "y", "angle": 45 },
			"faces": {
				"down": { "uv": [ 6, 10, 7, 9 ], "texture": "#0" },
				"up": { "uv": [ 6, 9, 7, 10 ], "texture": "#0" },
				"north": { "uv": [ 7, 10, 6, 9 ], "texture": "#0" },
				"south": { "uv": [ 6, 9, 7, 10 ], "texture": "#0" },
				"west": { "uv": [ 6, 9, 7, 10 ], "texture": "#0", "rotation": 270 },
				"east": { "uv": [ 7, 9, 6, 10 ], "texture": "#0", "rotation": 90 }
			}
		},
		{
			"from": [ 16, 0, 9 ],
			"to": [ 17, 1, 10 ],
			"rotation": { "origin": [ 0, 0, 23 ], "axis": "y", "angle": 45 },
			"faces": {
				"down": { "uv": [ 7, 9, 8, 10 ], "texture": "#0" },
				"up": { "uv": [ 7, 9, 8, 10 ], "texture": "#0" },
				"north": { "uv": [ 7, 9, 8, 10 ], "texture": "#0" },
				"south": { "uv": [ 7, 9, 8, 10 ], "texture": "#0" },
				"west": { "uv": [ 7, 9, 8, 10 ], "texture": "#0" },
				"east": { "uv": [ 7, 9, 8, 10 ], "texture": "#0" }
			}
		},
		{
			"from": [ 16, 0, 8 ],
			"to": [ 17, 1, 9 ],
			"rotation": { "origin": [ 0, 0, 23 ], "axis": "y", "angle": 45 },
			"faces": {
				"down": { "uv": [ 6, 3, 7, 2 ], "texture": "#0" },
				"up": { "uv": [ 6, 2, 7, 3 ], "texture": "#0" },
				"north": { "uv": [ 7, 3, 6, 2 ], "texture": "#0" },
				"south": { "uv": [ 6, 2, 7, 3 ], "texture": "#0" },
				"west": { "uv": [ 6, 2, 7, 3 ], "texture": "#0", "rotation": 270 },
				"east": { "uv": [ 7, 2, 6, 3 ], "texture": "#0", "rotation": 90 }
			}
		},
		{
			"from": [ 15, 0, 7 ],
			"to": [ 16, 1, 8 ],
			"rotation": { "origin": [ 0, 0, 23 ], "axis": "y", "angle": 45 },
			"faces": {
				"down": { "uv": [ 6, 3, 7, 2 ], "texture": "#0" },
				"up": { "uv": [ 6, 2, 7, 3 ], "texture": "#0" },
				"north": { "uv": [ 7, 3, 6, 2 ], "texture": "#0" },
				"south": { "uv": [ 6, 2, 7, 3 ], "texture": "#0" },
				"west": { "uv": [ 6, 2, 7, 3 ], "texture": "#0", "rotation": 270 },
				"east": { "uv": [ 7, 2, 6, 3 ], "texture": "#0", "rotation": 90 }
			}
		},
		{
			"from": [ 14, 0, 6 ],
			"to": [ 15, 1, 7 ],
			"rotation": { "origin": [ 0, 0, 23 ], "axis": "y", "angle": 45 },
			"faces": {
				"down": { "uv": [ 6, 3, 7, 2 ], "texture": "#0" },
				"up": { "uv": [ 6, 2, 7, 3 ], "texture": "#0" },
				"north": { "uv": [ 7, 3, 6, 2 ], "texture": "#0" },
				"south": { "uv": [ 6, 2, 7, 3 ], "texture": "#0" },
				"west": { "uv": [ 6, 2, 7, 3 ], "texture": "#0", "rotation": 270 },
				"east": { "uv": [ 7, 2, 6, 3 ], "texture": "#0", "rotation": 90 }
			}
		},
		{
			"from": [ 13, 0, 6 ],
			"to": [ 14, 1, 7 ],
			"rotation": { "origin": [ 0, 0, 23 ], "axis": "y", "angle": 45 },
			"faces": {
				"down": { "uv": [ 6, 3, 7, 2 ], "texture": "#0" },
				"up": { "uv": [ 6, 2, 7, 3 ], "texture": "#0" },
				"north": { "uv": [ 7, 3, 6, 2 ], "texture": "#0" },
				"south": { "uv": [ 6, 2, 7, 3 ], "texture": "#0" },
				"west": { "uv": [ 6, 2, 7, 3 ], "texture": "#0", "rotation": 270 },
				"east": { "uv": [ 7, 2, 6, 3 ], "texture": "#0", "rotation": 90 }
			}
		},
		{
			"from": [ 12, 0, 5 ],
			"to": [ 13, 1, 6 ],
			"rotation": { "origin": [ 0, 0, 23 ], "axis": "y", "angle": 45 },
			"faces": {
				"down": { "uv": [ 6, 3, 7, 2 ], "texture": "#0" },
				"up": { "uv": [ 6, 2, 7, 3 ], "texture": "#0" },
				"north": { "uv": [ 7, 3, 6, 2 ], "texture": "#0" },
				"south": { "uv": [ 6, 2, 7, 3 ], "texture": "#0" },
				"west": { "uv": [ 6, 2, 7, 3 ], "texture": "#0", "rotation": 270 },
				"east": { "uv": [ 7, 2, 6, 3 ], "texture": "#0", "rotation": 90 }
			}
		},
		{
			"from": [ 13, 0, 4 ],
			"to": [ 14, 1, 5 ],
			"rotation": { "origin": [ 0, 0, 23 ], "axis": "y", "angle": 45 },
			"faces": {
				"down": { "uv": [ 6, 3, 7, 2 ], "texture": "#0" },
				"up": { "uv": [ 6, 2, 7, 3 ], "texture": "#0" },
				"north": { "uv": [ 7, 3, 6, 2 ], "texture": "#0" },
				"south": { "uv": [ 6, 2, 7, 3 ], "texture": "#0" },
				"west": { "uv": [ 6, 2, 7, 3 ], "texture": "#0", "rotation": 270 },
				"east": { "uv": [ 7, 2, 6, 3 ], "texture": "#0", "rotation": 90 }
			}
		},
		{
			"from": [ 14, 0, 3 ],
			"to": [ 15, 1, 4 ],
			"rotation": { "origin": [ 0, 0, 23 ], "axis": "y", "angle": 45 },
			"faces": {
				"down": { "uv": [ 6, 3, 7, 2 ], "texture": "#0" },
				"up": { "uv": [ 6, 2, 7, 3 ], "texture": "#0" },
				"north": { "uv": [ 7, 3, 6, 2 ], "texture": "#0" },
				"south": { "uv": [ 6, 2, 7, 3 ], "texture": "#0" },
				"west": { "uv": [ 6, 2, 7, 3 ], "texture": "#0", "rotation": 270 },
				"east": { "uv": [ 7, 2, 6, 3 ], "texture": "#0", "rotation": 90 }
			}
		},
		{
			"from": [ 15, 0, 4 ],
			"to": [ 16, 1, 5 ],
			"rotation": { "origin": [ 0, 0, 23 ], "axis": "y", "angle": 45 },
			"faces": {
				"down": { "uv": [ 6, 3, 7, 2 ], "texture": "#0" },
				"up": { "uv": [ 6, 2, 7, 3 ], "texture": "#0" },
				"north": { "uv": [ 7, 3, 6, 2 ], "texture": "#0" },
				"south": { "uv": [ 6, 2, 7, 3 ], "texture": "#0" },
				"west": { "uv": [ 6, 2, 7, 3 ], "texture": "#0", "rotation": 270 },
				"east": { "uv": [ 7, 2, 6, 3 ], "texture": "#0", "rotation": 90 }
			}
		},
		{
			"from": [ 15, 0, 5 ],
			"to": [ 16, 1, 6 ],
			"rotation": { "origin": [ 0, 0, 23 ], "axis": "y", "angle": 45 },
			"faces": {
				"down": { "uv": [ 6, 3, 7, 2 ], "texture": "#0" },
				"up": { "uv": [ 6, 2, 7, 3 ], "texture": "#0" },
				"north": { "uv": [ 7, 3, 6, 2 ], "texture": "#0" },
				"south": { "uv": [ 6, 2, 7, 3 ], "texture": "#0" },
				"west": { "uv": [ 6, 2, 7, 3 ], "texture": "#0", "rotation": 270 },
				"east": { "uv": [ 7, 2, 6, 3 ], "texture": "#0", "rotation": 90 }
			}
		},
		{
			"from": [ 16, 0, 6 ],
			"to": [ 17, 1, 7 ],
			"rotation": { "origin": [ 0, 0, 23 ], "axis": "y", "angle": 45 },
			"faces": {
				"down": { "uv": [ 6, 3, 7, 2 ], "texture": "#0" },
				"up": { "uv": [ 6, 2, 7, 3 ], "texture": "#0" },
				"north": { "uv": [ 7, 3, 6, 2 ], "texture": "#0" },
				"south": { "uv": [ 6, 2, 7, 3 ], "texture": "#0" },
				"west": { "uv": [ 6, 2, 7, 3 ], "texture": "#0", "rotation": 270 },
				"east": { "uv": [ 7, 2, 6, 3 ], "texture": "#0", "rotation": 90 }
			}
		},
		{
			"from": [ 17, 0, 7 ],
			"to": [ 18, 1, 8 ],
			"rotation": { "origin": [ 0, 0, 23 ], "axis": "y", "angle": 45 },
			"faces": {
				"down": { "uv": [ 12, 4, 13, 3 ], "texture": "#0" },
				"up": { "uv": [ 12, 3, 13, 4 ], "texture": "#0" },
				"north": { "uv": [ 13, 4, 12, 3 ], "texture": "#0" },
				"south": { "uv": [ 12, 3, 13, 4 ], "texture": "#0" },
				"west": { "uv": [ 12, 3, 13, 4 ], "texture": "#0", "rotation": 270 },
				"east": { "uv": [ 13, 3, 12, 4 ], "texture": "#0", "rotation": 90 }
			}
		},
		{
			"from": [ 18, 0, 8 ],
			"to": [ 19, 1, 9 ],
			"rotation": { "origin": [ 0, 0, 23 ], "axis": "y", "angle": 45 },
			"faces": {
				"down": { "uv": [ 6, 3, 7, 2 ], "texture": "#0" },
				"up": { "uv": [ 6, 2, 7, 3 ], "texture": "#0" },
				"north": { "uv": [ 7, 3, 6, 2 ], "texture": "#0" },
				"south": { "uv": [ 6, 2, 7, 3 ], "texture": "#0" },
				"west": { "uv": [ 6, 2, 7, 3 ], "texture": "#0", "rotation": 270 },
				"east": { "uv": [ 7, 2, 6, 3 ], "texture": "#0", "rotation": 90 }
			}
		},
		{
			"from": [ 18, 0, 4 ],
			"to": [ 19, 1, 5 ],
			"rotation": { "origin": [ 0, 0, 23 ], "axis": "y", "angle": 45 },
			"faces": {
				"down": { "uv": [ 6, 3, 7, 2 ], "texture": "#0" },
				"up": { "uv": [ 6, 2, 7, 3 ], "texture": "#0" },
				"north": { "uv": [ 7, 3, 6, 2 ], "texture": "#0" },
				"south": { "uv": [ 6, 2, 7, 3 ], "texture": "#0" },
				"west": { "uv": [ 6, 2, 7, 3 ], "texture": "#0", "rotation": 270 },
				"east": { "uv": [ 7, 2, 6, 3 ], "texture": "#0", "rotation": 90 }
			}
		},
		{
			"from": [ 19, 0, 3 ],
			"to": [ 22, 1, 4 ],
			"rotation": { "origin": [ 0, 0, 23 ], "axis": "y", "angle": 45 },
			"faces": {
				"down": { "uv": [ 6, 3, 7, 2 ], "texture": "#0" },
				"up": { "uv": [ 6, 2, 7, 3 ], "texture": "#0" },
				"north": { "uv": [ 7, 3, 6, 2 ], "texture": "#0" },
				"south": { "uv": [ 6, 2, 7, 3 ], "texture": "#0" },
				"west": { "uv": [ 6, 2, 7, 3 ], "texture": "#0", "rotation": 270 },
				"east": { "uv": [ 7, 2, 6, 3 ], "texture": "#0", "rotation": 90 }
			}
		},
		{
			"from": [ 20, 0, 6 ],
			"to": [ 21, 1, 7 ],
			"rotation": { "origin": [ 0, 0, 23 ], "axis": "y", "angle": 45 },
			"faces": {
				"down": { "uv": [ 6, 3, 7, 2 ], "texture": "#0" },
				"up": { "uv": [ 6, 2, 7, 3 ], "texture": "#0" },
				"north": { "uv": [ 7, 3, 6, 2 ], "texture": "#0" },
				"south": { "uv": [ 6, 2, 7, 3 ], "texture": "#0" },
				"west": { "uv": [ 6, 2, 7, 3 ], "texture": "#0", "rotation": 270 },
				"east": { "uv": [ 7, 2, 6, 3 ], "texture": "#0", "rotation": 90 }
			}
		},
		{
			"from": [ 17, 0, 5 ],
			"to": [ 18, 1, 6 ],
			"rotation": { "origin": [ 0, 0, 23 ], "axis": "y", "angle": 45 },
			"faces": {
				"down": { "uv": [ 6, 3, 7, 2 ], "texture": "#0" },
				"up": { "uv": [ 6, 2, 7, 3 ], "texture": "#0" },
				"north": { "uv": [ 7, 3, 6, 2 ], "texture": "#0" },
				"south": { "uv": [ 6, 2, 7, 3 ], "texture": "#0" },
				"west": { "uv": [ 6, 2, 7, 3 ], "texture": "#0", "rotation": 270 },
				"east": { "uv": [ 7, 2, 6, 3 ], "texture": "#0", "rotation": 90 }
			}
		},
		{
			"from": [ 19, 0, 9 ],
			"to": [ 20, 1, 13 ],
			"rotation": { "origin": [ 0, 0, 23 ], "axis": "y", "angle": 45 },
			"faces": {
				"down": { "uv": [ 6, 3, 7, 2 ], "texture": "#0" },
				"up": { "uv": [ 6, 2, 7, 3 ], "texture": "#0" },
				"north": { "uv": [ 7, 3, 6, 2 ], "texture": "#0" },
				"south": { "uv": [ 6, 2, 7, 3 ], "texture": "#0" },
				"west": { "uv": [ 6, 2, 7, 3 ], "texture": "#0", "rotation": 270 },
				"east": { "uv": [ 7, 2, 6, 3 ], "texture": "#0", "rotation": 90 }
			}
		},
		{
			"from": [ 18, 0, 11 ],
			"to": [ 19, 1, 12 ],
			"rotation": { "origin": [ 0, 0, 23 ], "axis": "y", "angle": 45 },
			"faces": {
				"down": { "uv": [ 6, 3, 7, 2 ], "texture": "#0" },
				"up": { "uv": [ 6, 2, 7, 3 ], "texture": "#0" },
				"north": { "uv": [ 7, 3, 6, 2 ], "texture": "#0" },
				"south": { "uv": [ 6, 2, 7, 3 ], "texture": "#0" },
				"west": { "uv": [ 6, 2, 7, 3 ], "texture": "#0", "rotation": 270 },
				"east": { "uv": [ 7, 2, 6, 3 ], "texture": "#0", "rotation": 90 }
			}
		},
		{
			"from": [ 17, 0, 10 ],
			"to": [ 18, 1, 11 ],
			"rotation": { "origin": [ 0, 0, 23 ], "axis": "y", "angle": 45 },
			"faces": {
				"down": { "uv": [ 6, 3, 7, 2 ], "texture": "#0" },
				"up": { "uv": [ 6, 2, 7, 3 ], "texture": "#0" },
				"north": { "uv": [ 7, 3, 6, 2 ], "texture": "#0" },
				"south": { "uv": [ 6, 2, 7, 3 ], "texture": "#0" },
				"west": { "uv": [ 6, 2, 7, 3 ], "texture": "#0", "rotation": 270 },
				"east": { "uv": [ 7, 2, 6, 3 ], "texture": "#0", "rotation": 90 }
			}
		},
		{
			"from": [ 17, 0, 9 ],
			"to": [ 18, 1, 10 ],
			"rotation": { "origin": [ 0, 0, 23 ], "axis": "y", "angle": 45 },
			"faces": {
				"down": { "uv": [ 6, 3, 7, 2 ], "texture": "#0" },
				"up": { "uv": [ 6, 2, 7, 3 ], "texture": "#0" },
				"north": { "uv": [ 7, 3, 6, 2 ], "texture": "#0" },
				"south": { "uv": [ 6, 2, 7, 3 ], "texture": "#0" },
				"west": { "uv": [ 6, 2, 7, 3 ], "texture": "#0", "rotation": 270 },
				"east": { "uv": [ 7, 2, 6, 3 ], "texture": "#0", "rotation": 90 }
			}
		},
		{
			"from": [ 19, 0, 6 ],
			"to": [ 20, 1, 7 ],
			"rotation": { "origin": [ 0, 0, 23 ], "axis": "y", "angle": 45 },
			"faces": {
				"down": { "uv": [ 11, 4, 12, 3 ], "texture": "#0" },
				"up": { "uv": [ 11, 3, 12, 4 ], "texture": "#0" },
				"north": { "uv": [ 12, 4, 11, 3 ], "texture": "#0" },
				"south": { "uv": [ 11, 3, 12, 4 ], "texture": "#0" },
				"west": { "uv": [ 11, 3, 12, 4 ], "texture": "#0", "rotation": 270 },
				"east": { "uv": [ 12, 3, 11, 4 ], "texture": "#0", "rotation": 90 }
			}
		},
		{
			"from": [ 14, 0, 5 ],
			"to": [ 15, 1, 6 ],
			"rotation": { "origin": [ 0, 0, 23 ], "axis": "y", "angle": 45 },
			"faces": {
				"down": { "uv": [ 8, 3, 9, 2 ], "texture": "#0" },
				"up": { "uv": [ 8, 2, 9, 3 ], "texture": "#0" },
				"north": { "uv": [ 9, 3, 8, 2 ], "texture": "#0" },
				"south": { "uv": [ 8, 2, 9, 3 ], "texture": "#0" },
				"west": { "uv": [ 8, 2, 9, 3 ], "texture": "#0", "rotation": 270 },
				"east": { "uv": [ 9, 2, 8, 3 ], "texture": "#0", "rotation": 90 }
			}
		},
		{
			"from": [ 13, 0, 5 ],
			"to": [ 14, 1, 6 ],
			"rotation": { "origin": [ 0, 0, 23 ], "axis": "y", "angle": 45 },
			"faces": {
				"down": { "uv": [ 7, 3, 8, 2 ], "texture": "#0" },
				"up": { "uv": [ 7, 2, 8, 3 ], "texture": "#0" },
				"north": { "uv": [ 8, 3, 7, 2 ], "texture": "#0" },
				"south": { "uv": [ 7, 2, 8, 3 ], "texture": "#0" },
				"west": { "uv": [ 7, 2, 8, 3 ], "texture": "#0", "rotation": 270 },
				"east": { "uv": [ 8, 2, 7, 3 ], "texture": "#0", "rotation": 90 }
			}
		},
		{
			"from": [ 16, 0, 7 ],
			"to": [ 17, 1, 8 ],
			"rotation": { "origin": [ 0, 0, 23 ], "axis": "y", "angle": 45 },
			"faces": {
				"down": { "uv": [ 8, 3, 9, 2 ], "texture": "#0" },
				"up": { "uv": [ 8, 2, 9, 3 ], "texture": "#0" },
				"north": { "uv": [ 9, 3, 8, 2 ], "texture": "#0" },
				"south": { "uv": [ 8, 2, 9, 3 ], "texture": "#0" },
				"west": { "uv": [ 8, 2, 9, 3 ], "texture": "#0", "rotation": 270 },
				"east": { "uv": [ 9, 2, 8, 3 ], "texture": "#0", "rotation": 90 }
			}
		},
		{
			"from": [ 18, 0, 10 ],
			"to": [ 19, 1, 11 ],
			"rotation": { "origin": [ 0, 0, 23 ], "axis": "y", "angle": 45 },
			"faces": {
				"down": { "uv": [ 8, 3, 9, 2 ], "texture": "#0" },
				"up": { "uv": [ 8, 2, 9, 3 ], "texture": "#0" },
				"north": { "uv": [ 9, 3, 8, 2 ], "texture": "#0" },
				"south": { "uv": [ 8, 2, 9, 3 ], "texture": "#0" },
				"west": { "uv": [ 8, 2, 9, 3 ], "texture": "#0", "rotation": 270 },
				"east": { "uv": [ 9, 2, 8, 3 ], "texture": "#0", "rotation": 90 }
			}
		},
		{
			"from": [ 20, 0, 5 ],
			"to": [ 21, 1, 6 ],
			"rotation": { "origin": [ 0, 0, 23 ], "axis": "y", "angle": 45 },
			"faces": {
				"down": { "uv": [ 11, 4, 12, 3 ], "texture": "#0" },
				"up": { "uv": [ 11, 3, 12, 4 ], "texture": "#0" },
				"north": { "uv": [ 12, 4, 11, 3 ], "texture": "#0" },
				"south": { "uv": [ 11, 3, 12, 4 ], "texture": "#0" },
				"west": { "uv": [ 11, 3, 12, 4 ], "texture": "#0", "rotation": 270 },
				"east": { "uv": [ 12, 3, 11, 4 ], "texture": "#0", "rotation": 90 }
			}
		},
		{
			"from": [ 20, 0, 4 ],
			"to": [ 21, 1, 5 ],
			"rotation": { "origin": [ 0, 0, 23 ], "axis": "y", "angle": 45 },
			"faces": {
				"down": { "uv": [ 12, 4, 13, 3 ], "texture": "#0" },
				"up": { "uv": [ 12, 3, 13, 4 ], "texture": "#0" },
				"north": { "uv": [ 13, 4, 12, 3 ], "texture": "#0" },
				"south": { "uv": [ 12, 3, 13, 4 ], "texture": "#0" },
				"west": { "uv": [ 12, 3, 13, 4 ], "texture": "#0", "rotation": 270 },
				"east": { "uv": [ 13, 3, 12, 4 ], "texture": "#0", "rotation": 90 }
			}
		},
		{
			"from": [ 14, 0, 4 ],
			"to": [ 15, 1, 5 ],
			"rotation": { "origin": [ 0, 0, 23 ], "axis": "y", "angle": 45 },
			"faces": {
				"down": { "uv": [ 7, 3, 8, 2 ], "texture": "#0" },
				"up": { "uv": [ 7, 2, 8, 3 ], "texture": "#0" },
				"north": { "uv": [ 8, 3, 7, 2 ], "texture": "#0" },
				"south": { "uv": [ 7, 2, 8, 3 ], "texture": "#0" },
				"west": { "uv": [ 7, 2, 8, 3 ], "texture": "#0", "rotation": 270 },
				"east": { "uv": [ 8, 2, 7, 3 ], "texture": "#0", "rotation": 90 }
			}
		},
		{
			"from": [ 15, 0, 6 ],
			"to": [ 16, 1, 7 ],
			"rotation": { "origin": [ 0, 0, 23 ], "axis": "y", "angle": 45 },
			"faces": {
				"down": { "uv": [ 8, 3, 9, 2 ], "texture": "#0" },
				"up": { "uv": [ 8, 2, 9, 3 ], "texture": "#0" },
				"north": { "uv": [ 9, 3, 8, 2 ], "texture": "#0" },
				"south": { "uv": [ 8, 2, 9, 3 ], "texture": "#0" },
				"west": { "uv": [ 8, 2, 9, 3 ], "texture": "#0", "rotation": 270 },
				"east": { "uv": [ 9, 2, 8, 3 ], "texture": "#0", "rotation": 90 }
			}
		},
		{
			"from": [ 19, 0, 4 ],
			"to": [ 20, 1, 5 ],
			"rotation": { "origin": [ 0, 0, 23 ], "axis": "y", "angle": 45 },
			"faces": {
				"down": { "uv": [ 11, 4, 12, 3 ], "texture": "#0" },
				"up": { "uv": [ 11, 3, 12, 4 ], "texture": "#0" },
				"north": { "uv": [ 12, 4, 11, 3 ], "texture": "#0" },
				"south": { "uv": [ 11, 3, 12, 4 ], "texture": "#0" },
				"west": { "uv": [ 11, 3, 12, 4 ], "texture": "#0", "rotation": 270 },
				"east": { "uv": [ 12, 3, 11, 4 ], "texture": "#0", "rotation": 90 }
			}
		},
		{
			"from": [ 17, 0, 6 ],
			"to": [ 18, 1, 7 ],
			"rotation": { "origin": [ 0, 0, 23 ], "axis": "y", "angle": 45 },
			"faces": {
				"down": { "uv": [ 11, 4, 12, 3 ], "texture": "#0" },
				"up": { "uv": [ 11, 3, 12, 4 ], "texture": "#0" },
				"north": { "uv": [ 12, 4, 11, 3 ], "texture": "#0" },
				"south": { "uv": [ 11, 3, 12, 4 ], "texture": "#0" },
				"west": { "uv": [ 11, 3, 12, 4 ], "texture": "#0", "rotation": 270 },
				"east": { "uv": [ 12, 3, 11, 4 ], "texture": "#0", "rotation": 90 }
			}
		},
		{
			"from": [ 18, 0, 9 ],
			"to": [ 19, 1, 10 ],
			"rotation": { "origin": [ 0, 0, 23 ], "axis": "y", "angle": 45 },
			"faces": {
				"down": { "uv": [ 8, 3, 9, 2 ], "texture": "#0" },
				"up": { "uv": [ 8, 2, 9, 3 ], "texture": "#0" },
				"north": { "uv": [ 9, 3, 8, 2 ], "texture": "#0" },
				"south": { "uv": [ 8, 2, 9, 3 ], "texture": "#0" },
				"west": { "uv": [ 8, 2, 9, 3 ], "texture": "#0", "rotation": 270 },
				"east": { "uv": [ 9, 2, 8, 3 ], "texture": "#0", "rotation": 90 }
			}
		},
		{
			"from": [ 19, 0, 7 ],
			"to": [ 20, 1, 8 ],
			"rotation": { "origin": [ 0, 0, 23 ], "axis": "y", "angle": 45 },
			"faces": {
				"down": { "uv": [ 6, 3, 7, 2 ], "texture": "#0" },
				"up": { "uv": [ 6, 2, 7, 3 ], "texture": "#0" },
				"north": { "uv": [ 7, 3, 6, 2 ], "texture": "#0" },
				"south": { "uv": [ 6, 2, 7, 3 ], "texture": "#0" },
				"west": { "uv": [ 6, 2, 7, 3 ], "texture": "#0", "rotation": 270 },
				"east": { "uv": [ 7, 2, 6, 3 ], "texture": "#0", "rotation": 90 }
			}
		},
		{
			"from": [ 21, 0, 4 ],
			"to": [ 22, 1, 6 ],
			"rotation": { "origin": [ 0, 0, 23 ], "axis": "y", "angle": 45 },
			"faces": {
				"down": { "uv": [ 6, 3, 7, 2 ], "texture": "#0" },
				"up": { "uv": [ 6, 2, 7, 3 ], "texture": "#0" },
				"north": { "uv": [ 7, 3, 6, 2 ], "texture": "#0" },
				"south": { "uv": [ 6, 2, 7, 3 ], "texture": "#0" },
				"west": { "uv": [ 6, 2, 7, 3 ], "texture": "#0", "rotation": 270 },
				"east": { "uv": [ 7, 2, 6, 3 ], "texture": "#0", "rotation": 90 }
			}
		},
		{
			"from": [ 18, 0, 5 ],
			"to": [ 19, 1, 6 ],
			"rotation": { "origin": [ 0, 0, 23 ], "axis": "y", "angle": 45 },
			"faces": {
				"down": { "uv": [ 11, 4, 12, 3 ], "texture": "#0" },
				"up": { "uv": [ 11, 3, 12, 4 ], "texture": "#0" },
				"north": { "uv": [ 12, 4, 11, 3 ], "texture": "#0" },
				"south": { "uv": [ 11, 3, 12, 4 ], "texture": "#0" },
				"west": { "uv": [ 11, 3, 12, 4 ], "texture": "#0", "rotation": 270 },
				"east": { "uv": [ 12, 3, 11, 4 ], "texture": "#0", "rotation": 90 }
			}
		},
		{
			"from": [ 18, 0, 6 ],
			"to": [ 19, 1, 7 ],
			"rotation": { "origin": [ 0, 0, 23 ], "axis": "y", "angle": 45 },
			"faces": {
				"down": { "uv": [ 12, 4, 13, 3 ], "texture": "#0" },
				"up": { "uv": [ 12, 3, 13, 4 ], "texture": "#0" },
				"north": { "uv": [ 13, 4, 12, 3 ], "texture": "#0" },
				"south": { "uv": [ 12, 3, 13, 4 ], "texture": "#0" },
				"west": { "uv": [ 12, 3, 13, 4 ], "texture": "#0", "rotation": 270 },
				"east": { "uv": [ 13, 3, 12, 4 ], "texture": "#0", "rotation": 90 }
			}
		},
		{
			"from": [ 19, 0, 5 ],
			"to": [ 20, 1, 6 ],
			"rotation": { "origin": [ 0, 0, 23 ], "axis": "y", "angle": 45 },
			"faces": {
				"down": { "uv": [ 12, 4, 13, 3 ], "texture": "#0" },
				"up": { "uv": [ 12, 3, 13, 4 ], "texture": "#0" },
				"north": { "uv": [ 13, 4, 12, 3 ], "texture": "#0" },
				"south": { "uv": [ 12, 3, 13, 4 ], "texture": "#0" },
				"west": { "uv": [ 12, 3, 13, 4 ], "texture": "#0", "rotation": 270 },
				"east": { "uv": [ 13, 3, 12, 4 ], "texture": "#0", "rotation": 90 }
			}
		},
		{
			"from": [ 18, 0, 7 ],
			"to": [ 19, 1, 8 ],
			"rotation": { "origin": [ 0, 0, 23 ], "axis": "y", "angle": 45 },
			"faces": {
				"down": { "uv": [ 11, 4, 12, 3 ], "texture": "#0" },
				"up": { "uv": [ 11, 3, 12, 4 ], "texture": "#0" },
				"north": { "uv": [ 12, 4, 11, 3 ], "texture": "#0" },
				"south": { "uv": [ 11, 3, 12, 4 ], "texture": "#0" },
				"west": { "uv": [ 11, 3, 12, 4 ], "texture": "#0", "rotation": 270 },
				"east": { "uv": [ 12, 3, 11, 4 ], "texture": "#0", "rotation": 90 }
			}
		},
		{
			"from": [ 17, 0, 8 ],
			"to": [ 18, 1, 9 ],
			"rotation": { "origin": [ 0, 0, 23 ], "axis": "y", "angle": 45 },
			"faces": {
				"down": { "uv": [ 8, 3, 9, 2 ], "texture": "#0" },
				"up": { "uv": [ 8, 2, 9, 3 ], "texture": "#0" },
				"north": { "uv": [ 9, 3, 8, 2 ], "texture": "#0" },
				"south": { "uv": [ 8, 2, 9, 3 ], "texture": "#0" },
				"west": { "uv": [ 8, 2, 9, 3 ], "texture": "#0", "rotation": 270 },
				"east": { "uv": [ 9, 2, 8, 3 ], "texture": "#0", "rotation": 90 }
			}
		}
	],
	"display": {
		"thirdperson_righthand": {
			"rotation":  [ 124, 0, -90 ],
			"translation":  [ 7.5, 6.26, -0.694 ]
		},
		"thirdperson_lefthand": {
			"rotation":  [ 124, 0, -90 ],
			"translation":  [ 7.5, 0, 11.652 ]
		},
		"firstperson_righthand": {
			"rotation":  [ 90, -1, -90 ],
			"translation":  [ 11.347, 8.913, -11.56 ]
		},
		"firstperson_lefthand": {
			"rotation":  [ 90, -1, -90 ],
			"translation":  [ 16.216, 8.2173, -2.516 ]
		},
		"gui": {
			"rotation":  [ 90, -45, 0 ],
			"translation":  [ 3.1413, -2.869, -5.5 ],
			"scale":  [ 0.65, 0.65, 0.65 ]
		},
		"head": {
			"rotation":  [ -121, -1, 88 ],
			"translation":  [ 5.3, -3.5, 0 ],
			"scale":  [ 0.2, 0.2, 0.2 ]
		},
		"ground": {
			"rotation":  [ 0, 0, 90 ],
			"translation":  [ -5.5, 6.5, -2.086 ],
			"scale":  [ 0.75, 0.75, 0.75 ]
		},
		"fixed": {
			"rotation":  [ 90, 0, 0 ],
			"translation":  [ 3, 2, 8.5 ]
		}
	}
}