{
  "hb.laugh": {
    "sounds": [
      "hb/laugh"
    ]
  },
  "hb.whisp": {
    "sounds": [
      "hb/whisp"
    ]
  },
  "hb.gataca": {
    "sounds": [
      "hb/gataca"
    ]
  },
  "hb.mange": {
    "sounds": [
      "hb/mange"
    ]
  },
  "hb.queveuxtu": {
    "sounds": [
      "hb/queveuxtu"
    ]
  },
  "hb.rejoinsnous": {
    "sounds": [
      "hb/rejoinsnous"
    ]
  },
  "hb.rire": {
    "sounds": [
      "hb/rire"
    ]
  },
  "hb.souffle": {
    "sounds": [
      "hb/souffle"
    ]
  },
  "hb.toto": {
    "sounds": [
      "hb/toto"
    ]
  },
  "hb.breath": {
    "sounds": [
      "hb/breath"
    ]
  },
  "hb.scream": {
    "sounds": [
      "hb/scream"
    ]
  },
  "hb.energy": {
    "sounds": [
      "hb/energy"
    ]
  },
  "hb.monster": {
    "sounds": [
      "hb/monster"
    ]
  },
  "hb.heart": {
    "sounds": [
      "hb/heart"
    ]
  },
  "hb.moan": {
    "sounds": [
      "hb/moan"
    ]
  }
}