{
	"__comment": "Designed by Inposa with Cubik Studio - https://cubik.studio",
	"textures": {
		"membreplus_atlas": "./membreplus_atlas"
	},
	"elements": [
		{
			"__comment": "Voxels",
			"from": [ 3, 7, 3 ],
			"to": [ 13, 8, 5 ],
			"faces": {
				"down": { "uv": [ 0, 15, 5, 16 ], "texture": "#membreplus_atlas" },
				"up": { "uv": [ 0, 9.5, 5, 8.5 ], "texture": "#membreplus_atlas" },
				"north": { "uv": [ 5, 0.5, 0, 1 ], "texture": "#membreplus_atlas" },
				"south": { "uv": [ 0, 0, 5, 0.5 ], "texture": "#membreplus_atlas" },
				"west": { "uv": [ 9, 6.5, 10, 6 ], "texture": "#membreplus_atlas" },
				"east": { "uv": [ 8, 0.5, 7, 1 ], "texture": "#membreplus_atlas" }
			}
		},
		{
			"__comment": "Voxels",
			"from": [ 3, 7.5, 5 ],
			"to": [ 6, 8, 12 ],
			"faces": {
				"down": { "uv": [ 5, 7, 6.5, 12 ], "texture": "#membreplus_atlas" },
				"south": { "uv": [ 14.5, 10, 16, 10.5 ], "texture": "#membreplus_atlas" },
				"west": { "uv": [ 7, 11, 10.5, 11.5 ], "texture": "#membreplus_atlas" },
				"east": { "uv": [ 12, 10.5, 7.5, 11 ], "texture": "#membreplus_atlas" }
			}
		},
		{
			"__comment": "Voxels",
			"from": [ 3, 8, 3 ],
			"to": [ 4, 8.5, 4 ],
			"faces": {
				"up": { "uv": [ 8, 1.5, 8.5, 1 ], "texture": "#membreplus_atlas" },
				"north": { "uv": [ 8, 2, 7.5, 2.5 ], "texture": "#membreplus_atlas" },
				"west": { "uv": [ 15.5, 9, 16, 9.5 ], "texture": "#membreplus_atlas" }
			}
		},
		{
			"__comment": "Voxels",
			"from": [ 4, 7, 2.5 ],
			"to": [ 12, 8, 3 ],
			"faces": {
				"down": { "uv": [ 12, 13, 16, 13.5 ], "texture": "#membreplus_atlas" },
				"up": { "uv": [ 12, 13, 16, 12.5 ], "texture": "#membreplus_atlas" },
				"north": { "uv": [ 16, 15.5, 12, 16 ], "texture": "#membreplus_atlas" },
				"west": { "uv": [ 8, 1.5, 8.5, 2 ], "texture": "#membreplus_atlas" },
				"east": { "uv": [ 8.5, 2, 8, 2.5 ], "texture": "#membreplus_atlas" }
			}
		},
		{
			"__comment": "Voxels",
			"from": [ 5.5, 7.5, 15 ],
			"to": [ 11.5, 8, 16 ],
			"faces": {
				"down": { "uv": [ 12, 13.5, 16, 14 ], "texture": "#membreplus_atlas" },
				"north": { "uv": [ 4, 2, 0, 2.5 ], "texture": "#membreplus_atlas" },
				"south": { "uv": [ 0, 1, 4, 1.5 ], "texture": "#membreplus_atlas" },
				"west": { "uv": [ 12, 14, 12.5, 14.5 ], "texture": "#membreplus_atlas" },
				"east": { "uv": [ 16, 14, 15.5, 14.5 ], "texture": "#membreplus_atlas" }
			}
		},
		{
			"__comment": "Voxels",
			"from": [ 4, 8, 3 ],
			"to": [ 12, 9, 4 ],
			"faces": {
				"up": { "uv": [ 0.5, 16, 4.5, 15.5 ], "texture": "#membreplus_atlas" },
				"north": { "uv": [ 4.5, 16, 0.5, 16 ], "texture": "#membreplus_atlas" },
				"south": { "uv": [ 0.5, 15, 4.5, 15.5 ], "texture": "#membreplus_atlas" },
				"west": { "uv": [ 0.5, 16, 1, 15.5 ], "texture": "#membreplus_atlas", "rotation": 270 },
				"east": { "uv": [ 4.5, 16, 4, 15.5 ], "texture": "#membreplus_atlas", "rotation": 90 }
			}
		},
		{
			"__comment": "Voxels",
			"from": [ 6, 7, 2 ],
			"to": [ 10, 8, 2.5 ],
			"faces": {
				"down": { "uv": [ 10, 7.5, 12, 8 ], "texture": "#membreplus_atlas" },
				"up": { "uv": [ 12, 8, 14, 7.5 ], "texture": "#membreplus_atlas" },
				"north": { "uv": [ 15.5, 9, 13.5, 9.5 ], "texture": "#membreplus_atlas" },
				"west": { "uv": [ 14, 6.5, 14.5, 7 ], "texture": "#membreplus_atlas" },
				"east": { "uv": [ 14, 6.5, 13.5, 7 ], "texture": "#membreplus_atlas" }
			}
		},
		{
			"__comment": "Voxels",
			"from": [ 6, 8, 2.5 ],
			"to": [ 10, 9, 3 ],
			"faces": {
				"up": { "uv": [ 13, 12, 15, 11.5 ], "texture": "#membreplus_atlas" },
				"north": { "uv": [ 12, 8, 10, 8.5 ], "texture": "#membreplus_atlas" },
				"west": { "uv": [ 12, 6.5, 12.5, 7 ], "texture": "#membreplus_atlas" },
				"east": { "uv": [ 12, 6.5, 11.5, 7 ], "texture": "#membreplus_atlas" }
			}
		},
		{
			"__comment": "Voxels",
			"from": [ 6, 7.5, 8 ],
			"to": [ 13, 8, 15 ],
			"faces": {
				"down": { "uv": [ 8.5, 12.5, 12, 16 ], "texture": "#membreplus_atlas" },
				"north": { "uv": [ 11.5, 8.5, 8, 9 ], "texture": "#membreplus_atlas" },
				"south": { "uv": [ 10, 9, 13.5, 9.5 ], "texture": "#membreplus_atlas" },
				"east": { "uv": [ 14, 9.5, 10.5, 10 ], "texture": "#membreplus_atlas" }
			}
		},
		{
			"__comment": "Voxels",
			"from": [ 9, 7.5, 6 ],
			"to": [ 13, 8, 8 ],
			"faces": {
				"down": { "uv": [ 12, 14.5, 14, 15.5 ], "texture": "#membreplus_atlas" },
				"north": { "uv": [ 14, 9.5, 12, 10 ], "texture": "#membreplus_atlas" },
				"east": { "uv": [ 7.5, 0.5, 6.5, 1 ], "texture": "#membreplus_atlas" }
			}
		},
		{
			"__comment": "Voxels",
			"from": [ 10, 7.5, 5 ],
			"to": [ 13, 8, 6 ],
			"faces": {
				"down": { "uv": [ 6.5, 7.5, 8, 8 ], "texture": "#membreplus_atlas" },
				"east": { "uv": [ 11.5, 7, 11, 7.5 ], "texture": "#membreplus_atlas" }
			}
		},
		{
			"__comment": "Cube22",
			"from": [ 6, 7.5, 6 ],
			"to": [ 7, 7.7, 8 ],
			"faces": {
				"down": { "uv": [ 12, 14.5, 12.5, 15.5 ], "texture": "#membreplus_atlas" },
				"up": { "uv": [ 3.5, 14.5, 4, 15.5 ], "texture": "#membreplus_atlas" }
			}
		},
		{
			"__comment": "Cube24",
			"from": [ 7, 7.5, 6 ],
			"to": [ 9, 8, 8 ],
			"faces": {
				"down": { "uv": [ 2, 14, 3, 15 ], "texture": "#membreplus_atlas" },
				"west": { "uv": [ 6, 8, 8, 8.5 ], "texture": "#membreplus_atlas" }
			}
		},
		{
			"__comment": "Cube21",
			"from": [ 6, 8, 4 ],
			"to": [ 10, 9, 6 ],
			"faces": {
				"down": { "uv": [ 1.5, 14.5, 3, 15.5 ], "texture": "#membreplus_atlas" },
				"up": { "uv": [ 1.5, 15, 3.5, 16 ], "texture": "#membreplus_atlas", "rotation": 180 },
				"south": { "uv": [ 0, 0, 16, 16 ], "texture": "#membreplus_atlas" }
			}
		},
		{
			"__comment": "Cube27",
			"from": [ 6, 9, 7 ],
			"to": [ 7, 9.5, 8 ],
			"faces": {
				"up": { "uv": [ 8, 7.5, 8.5, 8 ], "texture": "#membreplus_atlas" },
				"north": { "uv": [ 8.5, 8, 8, 7.5 ], "texture": "#membreplus_atlas" },
				"south": { "uv": [ 8, 7.5, 8.5, 8 ], "texture": "#membreplus_atlas" },
				"west": { "uv": [ 8, 7.5, 8.5, 8 ], "texture": "#membreplus_atlas", "rotation": 270 },
				"east": { "uv": [ 8.5, 7.5, 8, 8 ], "texture": "#membreplus_atlas", "rotation": 90 }
			}
		},
		{
			"__comment": "Cube29",
			"from": [ 4, 9, 4 ],
			"to": [ 5, 9.5, 6 ],
			"faces": {
				"up": { "uv": [ 6.5, 5.5, 7, 4.5 ], "texture": "#membreplus_atlas" },
				"north": { "uv": [ 7, 5.5, 6.5, 5 ], "texture": "#membreplus_atlas" },
				"south": { "uv": [ 6.5, 4, 7, 4.5 ], "texture": "#membreplus_atlas" },
				"west": { "uv": [ 6.5, 5, 7, 4.5 ], "texture": "#membreplus_atlas", "rotation": 270 },
				"east": { "uv": [ 7, 5, 6.5, 4.5 ], "texture": "#membreplus_atlas", "rotation": 90 }
			}
		},
		{
			"__comment": "Cube31",
			"from": [ 11, 9, 10 ],
			"to": [ 13, 9.5, 11 ],
			"faces": {
				"up": { "uv": [ 6.5, 3, 7.5, 3.5 ], "texture": "#membreplus_atlas" },
				"north": { "uv": [ 7.5, 3.5, 6.5, 3 ], "texture": "#membreplus_atlas" },
				"south": { "uv": [ 6.5, 3, 7.5, 3.5 ], "texture": "#membreplus_atlas" },
				"west": { "uv": [ 6.5, 3, 7, 3.5 ], "texture": "#membreplus_atlas", "rotation": 270 },
				"east": { "uv": [ 7.5, 3, 7, 3.5 ], "texture": "#membreplus_atlas", "rotation": 90 }
			}
		},
		{
			"__comment": "Cube32",
			"from": [ 7, 9, 8 ],
			"to": [ 9, 9.5, 9 ],
			"faces": {
				"up": { "uv": [ 8, 5, 9, 5.5 ], "texture": "#membreplus_atlas" },
				"north": { "uv": [ 9, 5.5, 8.5, 5 ], "texture": "#membreplus_atlas" },
				"south": { "uv": [ 8.5, 5, 9, 5.5 ], "texture": "#membreplus_atlas" },
				"west": { "uv": [ 8.5, 5, 9, 5.5 ], "texture": "#membreplus_atlas", "rotation": 270 },
				"east": { "uv": [ 9, 5, 8.5, 5.5 ], "texture": "#membreplus_atlas", "rotation": 90 }
			}
		},
		{
			"__comment": "Cube33",
			"from": [ 9, 9, 9 ],
			"to": [ 11, 9.5, 10 ],
			"faces": {
				"up": { "uv": [ 9, 8, 10, 8.5 ], "texture": "#membreplus_atlas" },
				"north": { "uv": [ 10, 8.5, 9, 8 ], "texture": "#membreplus_atlas" },
				"south": { "uv": [ 9, 8, 10, 8.5 ], "texture": "#membreplus_atlas" },
				"west": { "uv": [ 9, 8, 9.5, 8.5 ], "texture": "#membreplus_atlas", "rotation": 270 },
				"east": { "uv": [ 10, 8, 9.5, 8.5 ], "texture": "#membreplus_atlas", "rotation": 90 }
			}
		},
		{
			"__comment": "Cube34",
			"from": [ 5, 9, 6 ],
			"to": [ 6, 9.5, 7 ],
			"faces": {
				"up": { "uv": [ 7, 3.5, 7.5, 4 ], "texture": "#membreplus_atlas" },
				"north": { "uv": [ 7.5, 4, 7, 3.5 ], "texture": "#membreplus_atlas" },
				"south": { "uv": [ 7, 3.5, 7.5, 4 ], "texture": "#membreplus_atlas" },
				"west": { "uv": [ 7, 3.5, 7.5, 4 ], "texture": "#membreplus_atlas", "rotation": 270 },
				"east": { "uv": [ 7.5, 3.5, 7, 4 ], "texture": "#membreplus_atlas", "rotation": 90 }
			}
		},
		{
			"__comment": "Voxels",
			"from": [ 6, 8, 8 ],
			"to": [ 13, 9, 15 ],
			"faces": {
				"up": { "uv": [ 1.5, 14, 5, 10.5 ], "texture": "#membreplus_atlas" },
				"north": { "uv": [ 13.5, 8, 10, 8.5 ], "texture": "#membreplus_atlas" },
				"south": { "uv": [ 10, 9, 13.5, 9.5 ], "texture": "#membreplus_atlas" },
				"east": { "uv": [ 14, 9.5, 10.5, 10 ], "texture": "#membreplus_atlas" }
			}
		},
		{
			"__comment": "Voxels",
			"from": [ 3, 8, 4 ],
			"to": [ 6, 9, 12 ],
			"faces": {
				"down": { "uv": [ 5, 7, 6.5, 12.5 ], "texture": "#membreplus_atlas" },
				"up": { "uv": [ 0, 16, 1.5, 12 ], "texture": "#membreplus_atlas" },
				"north": { "uv": [ 3, 0, 1.5, 0.5 ], "texture": "#membreplus_atlas" },
				"south": { "uv": [ 14.5, 10, 16, 10.5 ], "texture": "#membreplus_atlas" },
				"west": { "uv": [ 6.5, 11, 10.5, 11.5 ], "texture": "#membreplus_atlas" },
				"east": { "uv": [ 12, 10.5, 6.5, 11 ], "texture": "#membreplus_atlas" }
			}
		},
		{
			"__comment": "Voxels",
			"from": [ 5.5, 8, 15 ],
			"to": [ 11.5, 8.5, 16 ],
			"faces": {
				"up": { "uv": [ 12, 14.5, 16, 14 ], "texture": "#membreplus_atlas" },
				"north": { "uv": [ 4, 2, 0, 2.5 ], "texture": "#membreplus_atlas" },
				"south": { "uv": [ 0, 1, 4, 1.5 ], "texture": "#membreplus_atlas" },
				"west": { "uv": [ 12, 14, 12.5, 14.5 ], "texture": "#membreplus_atlas" },
				"east": { "uv": [ 16, 14, 15.5, 14.5 ], "texture": "#membreplus_atlas" }
			}
		},
		{
			"__comment": "Voxels",
			"from": [ 9, 8, 6 ],
			"to": [ 13, 9, 8 ],
			"faces": {
				"up": { "uv": [ 5, 14, 3, 15 ], "texture": "#membreplus_atlas", "rotation": 180 },
				"north": { "uv": [ 14, 9.5, 12, 10 ], "texture": "#membreplus_atlas" },
				"east": { "uv": [ 7.5, 0.5, 6.5, 1 ], "texture": "#membreplus_atlas" }
			}
		},
		{
			"__comment": "Cube24",
			"from": [ 7, 8, 6 ],
			"to": [ 9, 9, 8 ],
			"faces": {
				"up": { "uv": [ 2, 14, 3, 15 ], "texture": "#membreplus_atlas" }
			}
		},
		{
			"__comment": "Voxels",
			"from": [ 10, 8, 4 ],
			"to": [ 13, 9, 6 ],
			"faces": {
				"down": { "uv": [ 6.5, 7.5, 8, 8.5 ], "texture": "#membreplus_atlas" },
				"up": { "uv": [ 3.5, 16, 5, 15 ], "texture": "#membreplus_atlas" },
				"north": { "uv": [ 7.5, 7, 7, 7.5 ], "texture": "#membreplus_atlas" },
				"east": { "uv": [ 11.5, 7, 10.5, 7.5 ], "texture": "#membreplus_atlas" }
			}
		},
		{
			"__comment": "Cube21",
			"from": [ 6, 7, 5 ],
			"to": [ 10, 8, 6 ],
			"faces": {
				"down": { "uv": [ 1.5, 15, 3.5, 15.5 ], "texture": "#membreplus_atlas" },
				"up": { "uv": [ 1.5, 15, 3.5, 16 ], "texture": "#membreplus_atlas", "rotation": 180 },
				"north": { "uv": [ 1.5, 15, 3.5, 15.5 ], "texture": "#membreplus_atlas" },
				"south": { "uv": [ 1.5, 15, 3.5, 15.5 ], "texture": "#membreplus_atlas" },
				"west": { "uv": [ 0, 0.5, 0.5, 1 ], "texture": "#membreplus_atlas" },
				"east": { "uv": [ 0, 0.5, 0.5, 1 ], "texture": "#membreplus_atlas" }
			}
		},
		{
			"__comment": "Cube22",
			"from": [ 6, 8, 6 ],
			"to": [ 7, 9, 8 ],
			"faces": {
				"down": { "uv": [ 12, 14.5, 12.5, 15.5 ], "texture": "#membreplus_atlas" },
				"up": { "uv": [ 3.5, 14.5, 4, 15.5 ], "texture": "#membreplus_atlas" }
			}
		},
		{
			"__comment": "Cube29",
			"from": [ 4, 7.5, 12 ],
			"to": [ 6, 8, 14 ],
			"faces": {
				"down": { "uv": [ 0, 12, 1.5, 10.5 ], "texture": "#membreplus_atlas" },
				"up": { "uv": [ 0, 10.5, 1.5, 12 ], "texture": "#membreplus_atlas" },
				"north": { "uv": [ 1.5, 11, 0, 10.5 ], "texture": "#membreplus_atlas" },
				"south": { "uv": [ 0, 11.5, 1.5, 12 ], "texture": "#membreplus_atlas" },
				"west": { "uv": [ 0, 10.5, 0.5, 12 ], "texture": "#membreplus_atlas", "rotation": 270 },
				"east": { "uv": [ 1.5, 10.5, 1, 12 ], "texture": "#membreplus_atlas", "rotation": 90 }
			}
		},
		{
			"__comment": "Cube30",
			"from": [ 4, 8, 12 ],
			"to": [ 6, 9, 14 ],
			"faces": {
				"down": { "uv": [ 0, 11.5, 1.5, 10.5 ], "texture": "#membreplus_atlas" },
				"up": { "uv": [ 0, 10.5, 1.5, 11.5 ], "texture": "#membreplus_atlas" },
				"north": { "uv": [ 1.5, 11, 0, 10.5 ], "texture": "#membreplus_atlas" },
				"south": { "uv": [ 0, 11, 1.5, 11.5 ], "texture": "#membreplus_atlas" },
				"west": { "uv": [ 0, 10.5, 0.5, 11.5 ], "texture": "#membreplus_atlas", "rotation": 270 },
				"east": { "uv": [ 1.5, 10.5, 1, 11.5 ], "texture": "#membreplus_atlas", "rotation": 90 }
			}
		},
		{
			"__comment": "Cube31",
			"from": [ 5, 7.5, 14 ],
			"to": [ 6, 8, 15 ],
			"faces": {
				"down": { "uv": [ 0, 10.5, 0.5, 10 ], "texture": "#membreplus_atlas" },
				"up": { "uv": [ 0, 10, 0.5, 10.5 ], "texture": "#membreplus_atlas" },
				"north": { "uv": [ 0.5, 10.5, 0, 10 ], "texture": "#membreplus_atlas" },
				"south": { "uv": [ 0, 10, 0.5, 10.5 ], "texture": "#membreplus_atlas" },
				"west": { "uv": [ 0, 10, 0.5, 10.5 ], "texture": "#membreplus_atlas", "rotation": 270 },
				"east": { "uv": [ 0.5, 10, 0, 10.5 ], "texture": "#membreplus_atlas", "rotation": 90 }
			}
		},
		{
			"__comment": "Cube31",
			"from": [ 5, 8, 14 ],
			"to": [ 6, 9, 15 ],
			"faces": {
				"down": { "uv": [ 0, 10.5, 0.5, 10 ], "texture": "#membreplus_atlas" },
				"up": { "uv": [ 0, 10, 0.5, 10.5 ], "texture": "#membreplus_atlas" },
				"north": { "uv": [ 0.5, 10.5, 0, 10 ], "texture": "#membreplus_atlas" },
				"south": { "uv": [ 0, 10, 0.5, 10.5 ], "texture": "#membreplus_atlas" },
				"west": { "uv": [ 0, 10, 0.5, 10.5 ], "texture": "#membreplus_atlas", "rotation": 270 },
				"east": { "uv": [ 0.5, 10, 0, 10.5 ], "texture": "#membreplus_atlas", "rotation": 90 }
			}
		}
	],
	"display": {
		"thirdperson_righthand": {
			"rotation":  [ 75, 45, 0 ],
			"translation":  [ 0, 2, 0 ],
			"scale":  [ 0.4, 0.3, 0.4 ]
		},
		"thirdperson_lefthand": {
			"rotation":  [ 75, 45, 0 ],
			"translation":  [ 0, 2, 0 ],
			"scale":  [ 0.4, 0.3, 0.4 ]
		},
		"firstperson_righthand": {
			"rotation":  [ 42, 0, 15 ],
			"translation":  [ 0, 1.3913, -0.694 ]
		},
		"firstperson_lefthand": {
			"rotation":  [ 42, 0, 15 ],
			"translation":  [ 0, 1.3913, -0.694 ]
		},
		"gui": {
			"rotation":  [ 90, 0, 0 ],
			"translation":  [ 0, 0.7, 0 ],
			"scale":  [ 0.9, 0.9, 0.9 ]
		},
		"head": {
			"translation":  [ 0, 7.6521, 0 ]
		},
		"ground": {
			"scale":  [ 0.7, 0.6, 0.55 ]
		},
		"fixed": {
			"rotation":  [ 90, 0, 180 ],
			"translation":  [ 0, 0, 0.6 ],
			"scale":  [ 1, 0.7, 0.8 ]
		}
	}
}