{
	"parent": "item/generated",
	"textures": {
        "layer0": "./ecu"
    },
	"elements": [
		{
			"name": "ecu_0",
			"from": [4, 0, 0],
			"to": [12, 1, 14],
			"faces": {
				"north": {"uv": [12, 0, 4, 1], "texture": "#0"},
				"east": {"uv": [11, 0, 12, 14], "texture": "#0", "rotation": 90},
				"south": {"uv": [4, 13, 12, 14], "texture": "#0"},
				"west": {"uv": [4, 0, 5, 14], "texture": "#0", "rotation": 270},
				"up": {"uv": [4, 0, 12, 14], "texture": "#0"},
				"down": {"uv": [4, 14, 12, 0], "texture": "#0"}
			}
		},
		{
			"name": "ecu_1",
			"from": [3, 0, 1],
			"to": [4, 1, 13],
			"faces": {
				"north": {"uv": [4, 1, 3, 2], "texture": "#0"},
				"east": {"uv": [3, 1, 4, 13], "texture": "#0", "rotation": 90},
				"south": {"uv": [3, 12, 4, 13], "texture": "#0"},
				"west": {"uv": [3, 1, 4, 13], "texture": "#0", "rotation": 270},
				"up": {"uv": [3, 1, 4, 13], "texture": "#0"},
				"down": {"uv": [3, 13, 4, 1], "texture": "#0"}
			}
		},
		{
			"name": "ecu_2",
			"from": [12, 0, 1],
			"to": [13, 1, 13],
			"faces": {
				"north": {"uv": [13, 1, 12, 2], "texture": "#0"},
				"east": {"uv": [12, 1, 13, 13], "texture": "#0", "rotation": 90},
				"south": {"uv": [12, 12, 13, 13], "texture": "#0"},
				"west": {"uv": [12, 1, 13, 13], "texture": "#0", "rotation": 270},
				"up": {"uv": [12, 1, 13, 13], "texture": "#0"},
				"down": {"uv": [12, 13, 13, 1], "texture": "#0"}
			}
		},
		{
			"name": "ecu_3",
			"from": [2, 0, 2],
			"to": [3, 1, 11],
			"faces": {
				"north": {"uv": [3, 2, 2, 3], "texture": "#0"},
				"east": {"uv": [2, 2, 3, 11], "texture": "#0", "rotation": 90},
				"south": {"uv": [2, 10, 3, 11], "texture": "#0"},
				"west": {"uv": [2, 2, 3, 11], "texture": "#0", "rotation": 270},
				"up": {"uv": [2, 2, 3, 11], "texture": "#0"},
				"down": {"uv": [2, 11, 3, 2], "texture": "#0"}
			}
		},
		{
			"name": "ecu_4",
			"from": [13, 0, 2],
			"to": [14, 1, 11],
			"faces": {
				"north": {"uv": [14, 2, 13, 3], "texture": "#0"},
				"east": {"uv": [13, 2, 14, 11], "texture": "#0", "rotation": 90},
				"south": {"uv": [13, 10, 14, 11], "texture": "#0"},
				"west": {"uv": [13, 2, 14, 11], "texture": "#0", "rotation": 270},
				"up": {"uv": [13, 2, 14, 11], "texture": "#0"},
				"down": {"uv": [13, 11, 14, 2], "texture": "#0"}
			}
		},
		{
			"name": "ecu_5",
			"from": [1, 0, 3],
			"to": [2, 1, 9],
			"faces": {
				"north": {"uv": [2, 3, 1, 4], "texture": "#0"},
				"east": {"uv": [1, 3, 2, 9], "texture": "#0", "rotation": 90},
				"south": {"uv": [1, 8, 2, 9], "texture": "#0"},
				"west": {"uv": [1, 3, 2, 9], "texture": "#0", "rotation": 270},
				"up": {"uv": [1, 3, 2, 9], "texture": "#0"},
				"down": {"uv": [1, 9, 2, 3], "texture": "#0"}
			}
		},
		{
			"name": "ecu_6",
			"from": [14, 0, 3],
			"to": [15, 1, 9],
			"faces": {
				"north": {"uv": [15, 3, 14, 4], "texture": "#0"},
				"east": {"uv": [14, 3, 15, 9], "texture": "#0", "rotation": 90},
				"south": {"uv": [14, 8, 15, 9], "texture": "#0"},
				"west": {"uv": [14, 3, 15, 9], "texture": "#0", "rotation": 270},
				"up": {"uv": [14, 3, 15, 9], "texture": "#0"},
				"down": {"uv": [14, 9, 15, 3], "texture": "#0"}
			}
		},
		{
			"name": "ecu_7",
			"from": [5, 0, 14],
			"to": [11, 1, 15],
			"faces": {
				"north": {"uv": [11, 14, 5, 15], "texture": "#0"},
				"east": {"uv": [10, 14, 11, 15], "texture": "#0", "rotation": 90},
				"south": {"uv": [5, 14, 11, 15], "texture": "#0"},
				"west": {"uv": [5, 14, 6, 15], "texture": "#0", "rotation": 270},
				"up": {"uv": [5, 14, 11, 15], "texture": "#0"},
				"down": {"uv": [5, 15, 11, 14], "texture": "#0"}
			}
		},
		{
			"name": "ecu_8",
			"from": [6, 0, 15],
			"to": [10, 1, 16],
			"faces": {
				"north": {"uv": [10, 15, 6, 16], "texture": "#0"},
				"east": {"uv": [9, 15, 10, 16], "texture": "#0", "rotation": 90},
				"south": {"uv": [6, 15, 10, 16], "texture": "#0"},
				"west": {"uv": [6, 15, 7, 16], "texture": "#0", "rotation": 270},
				"up": {"uv": [6, 15, 10, 16], "texture": "#0"},
				"down": {"uv": [6, 16, 10, 15], "texture": "#0"}
			}
		},
		{
			"name": "ecu_0",
			"from": [4, 0, 0],
			"to": [12, 1, 14],
			"faces": {
				"north": {"uv": [12, 0, 4, 1], "texture": "#2"},
				"east": {"uv": [11, 0, 12, 14], "texture": "#2", "rotation": 90},
				"south": {"uv": [4, 13, 12, 14], "texture": "#2"},
				"west": {"uv": [4, 0, 5, 14], "texture": "#2", "rotation": 270},
				"up": {"uv": [4, 0, 12, 14], "texture": "#2"},
				"down": {"uv": [4, 14, 12, 0], "texture": "#2"}
			}
		},
		{
			"name": "ecu_1",
			"from": [3, 0, 1],
			"to": [4, 1, 13],
			"faces": {
				"north": {"uv": [4, 1, 3, 2], "texture": "#2"},
				"east": {"uv": [3, 1, 4, 13], "texture": "#2", "rotation": 90},
				"south": {"uv": [3, 12, 4, 13], "texture": "#2"},
				"west": {"uv": [3, 1, 4, 13], "texture": "#2", "rotation": 270},
				"up": {"uv": [3, 1, 4, 13], "texture": "#2"},
				"down": {"uv": [3, 13, 4, 1], "texture": "#2"}
			}
		},
		{
			"name": "ecu_2",
			"from": [12, 0, 1],
			"to": [13, 1, 13],
			"faces": {
				"north": {"uv": [13, 1, 12, 2], "texture": "#2"},
				"east": {"uv": [12, 1, 13, 13], "texture": "#2", "rotation": 90},
				"south": {"uv": [12, 12, 13, 13], "texture": "#2"},
				"west": {"uv": [12, 1, 13, 13], "texture": "#2", "rotation": 270},
				"up": {"uv": [12, 1, 13, 13], "texture": "#2"},
				"down": {"uv": [12, 13, 13, 1], "texture": "#2"}
			}
		},
		{
			"name": "ecu_3",
			"from": [2, 0, 2],
			"to": [3, 1, 11],
			"faces": {
				"north": {"uv": [3, 2, 2, 3], "texture": "#2"},
				"east": {"uv": [2, 2, 3, 11], "texture": "#2", "rotation": 90},
				"south": {"uv": [2, 10, 3, 11], "texture": "#2"},
				"west": {"uv": [2, 2, 3, 11], "texture": "#2", "rotation": 270},
				"up": {"uv": [2, 2, 3, 11], "texture": "#2"},
				"down": {"uv": [2, 11, 3, 2], "texture": "#2"}
			}
		},
		{
			"name": "ecu_4",
			"from": [13, 0, 2],
			"to": [14, 1, 11],
			"faces": {
				"north": {"uv": [14, 2, 13, 3], "texture": "#2"},
				"east": {"uv": [13, 2, 14, 11], "texture": "#2", "rotation": 90},
				"south": {"uv": [13, 10, 14, 11], "texture": "#2"},
				"west": {"uv": [13, 2, 14, 11], "texture": "#2", "rotation": 270},
				"up": {"uv": [13, 2, 14, 11], "texture": "#2"},
				"down": {"uv": [13, 11, 14, 2], "texture": "#2"}
			}
		},
		{
			"name": "ecu_5",
			"from": [1, 0, 3],
			"to": [2, 1, 9],
			"faces": {
				"north": {"uv": [2, 3, 1, 4], "texture": "#2"},
				"east": {"uv": [1, 3, 2, 9], "texture": "#2", "rotation": 90},
				"south": {"uv": [1, 8, 2, 9], "texture": "#2"},
				"west": {"uv": [1, 3, 2, 9], "texture": "#2", "rotation": 270},
				"up": {"uv": [1, 3, 2, 9], "texture": "#2"},
				"down": {"uv": [1, 9, 2, 3], "texture": "#2"}
			}
		},
		{
			"name": "ecu_6",
			"from": [14, 0, 3],
			"to": [15, 1, 9],
			"faces": {
				"north": {"uv": [15, 3, 14, 4], "texture": "#2"},
				"east": {"uv": [14, 3, 15, 9], "texture": "#2", "rotation": 90},
				"south": {"uv": [14, 8, 15, 9], "texture": "#2"},
				"west": {"uv": [14, 3, 15, 9], "texture": "#2", "rotation": 270},
				"up": {"uv": [14, 3, 15, 9], "texture": "#2"},
				"down": {"uv": [14, 9, 15, 3], "texture": "#2"}
			}
		},
		{
			"name": "ecu_7",
			"from": [5, 0, 14],
			"to": [11, 1, 15],
			"faces": {
				"north": {"uv": [11, 14, 5, 15], "texture": "#2"},
				"east": {"uv": [10, 14, 11, 15], "texture": "#2", "rotation": 90},
				"south": {"uv": [5, 14, 11, 15], "texture": "#2"},
				"west": {"uv": [5, 14, 6, 15], "texture": "#2", "rotation": 270},
				"up": {"uv": [5, 14, 11, 15], "texture": "#2"},
				"down": {"uv": [5, 15, 11, 14], "texture": "#2"}
			}
		},
		{
			"name": "ecu_8",
			"from": [6, 0, 15],
			"to": [10, 1, 16],
			"faces": {
				"north": {"uv": [10, 15, 6, 16], "texture": "#2"},
				"east": {"uv": [9, 15, 10, 16], "texture": "#2", "rotation": 90},
				"south": {"uv": [6, 15, 10, 16], "texture": "#2"},
				"west": {"uv": [6, 15, 7, 16], "texture": "#2", "rotation": 270},
				"up": {"uv": [6, 15, 10, 16], "texture": "#2"},
				"down": {"uv": [6, 16, 10, 15], "texture": "#2"}
			}
		}
	],
	"display": {
		"thirdperson_righthand": {
            "rotation": [ 50, 90, -40 ],
            "translation": [ 2.5, -2, 2 ]
        },
        "thirdperson_lefthand": {
            "rotation": [ 50, 90, -40 ],
            "translation": [ 2.5, -2, 2 ]
        },
        "firstperson_righthand": {
            "rotation": [ 5, -5, -4 ],
            "translation": [ 5, -1, -3 ]
        },
        "firstperson_lefthand": {
            "rotation": [ 5, -5, -4 ],
            "translation": [ 5, -1, -3 ]
        },
        "gui": {
            "rotation": [ 0, 0, 0 ],
            "translation": [ 0, 0, -10 ]
        },
        "fixed": {
            "rotation": [ 0, 0, 0 ],
            "translation": [ 0, 0, 0 ]
        },
        "ground": {
            "rotation": [ 90, -90, 90 ],
            "translation": [ 0, 4, 0],
			"scale":  [ 0.7, 0.7, 0.7 ]
        }
	},
	"groups": [
		{
			"name": "ecu",
			"isOpen": true,
			"shade": true,
			"display": {
				"visibility": true,
				"autouv": true
			},
			"children": [
				{
					"name": "ecu",
					"shade": true,
					"display": {
						"visibility": true,
						"autouv": true
					},
					"children": [0, 1, 2, 3, 4, 5, 6, 7, 8]
				},
				{
					"name": "ecu",
					"shade": true,
					"display": {
						"visibility": true,
						"autouv": true
					},
					"children": [9, 10, 11, 12, 13, 14, 15, 16, 17]
				}
			]
		}
	]
}