{
	"__comment": "Designed by Inposa with Cubik Studio - https://cubik.studio",
	"textures": {
		"harpon": "./harpon"
	},
	"elements": [
		{
			"__comment": "Cube1",
			"from": [ 7.5, 8, 14.5 ],
			"to": [ 9.5, 9, 15 ],
			"rotation": { "origin": [ 7.5, 8, 14.5 ], "axis": "y", "angle": 45 },
			"faces": {
				"down": { "uv": [ 0, 15, 2, 14.5 ], "texture": "#harpon" },
				"up": { "uv": [ 0, 14.5, 2, 15 ], "texture": "#harpon" },
				"north": { "uv": [ 2, 14.5, 0, 15 ], "texture": "#harpon" },
				"south": { "uv": [ 0, 14.5, 2, 15 ], "texture": "#harpon" },
				"west": { "uv": [ 0, 14.5, 0.5, 15 ], "texture": "#harpon", "rotation": 270 },
				"east": { "uv": [ 2, 15, 1.5, 14.5 ], "texture": "#harpon", "rotation": 270 }
			}
		},
		{
			"__comment": "Cube2",
			"from": [ 7.5, 8, 15 ],
			"to": [ 9, 9, 15.5 ],
			"rotation": { "origin": [ 7.5, 8, 14.5 ], "axis": "y", "angle": 45 },
			"faces": {
				"down": { "uv": [ 0, 15.5, 1.5, 15 ], "texture": "#harpon" },
				"up": { "uv": [ 0, 15, 1.5, 15.5 ], "texture": "#harpon" },
				"north": { "uv": [ 1.5, 15, 0, 15.5 ], "texture": "#harpon" },
				"south": { "uv": [ 0, 15, 1.5, 15.5 ], "texture": "#harpon" },
				"west": { "uv": [ 0, 15, 0.5, 15.5 ], "texture": "#harpon", "rotation": 270 },
				"east": { "uv": [ 1.5, 15.5, 1, 15 ], "texture": "#harpon", "rotation": 270 }
			}
		},
		{
			"__comment": "Cube3",
			"from": [ 8, 8, 15.5 ],
			"to": [ 9, 9, 16 ],
			"rotation": { "origin": [ 7.5, 8, 14.5 ], "axis": "y", "angle": 45 },
			"faces": {
				"down": { "uv": [ 0.5, 16, 1.5, 15.5 ], "texture": "#harpon" },
				"up": { "uv": [ 0.5, 15.5, 1.5, 16 ], "texture": "#harpon" },
				"north": { "uv": [ 1.5, 15.5, 0.5, 16 ], "texture": "#harpon" },
				"south": { "uv": [ 0.5, 15.5, 1.5, 16 ], "texture": "#harpon" },
				"west": { "uv": [ 0.5, 15.5, 1, 16 ], "texture": "#harpon", "rotation": 270 },
				"east": { "uv": [ 1.5, 16, 1, 15.5 ], "texture": "#harpon", "rotation": 270 }
			}
		},
		{
			"__comment": "Cube4",
			"from": [ 8.5, 8, 14 ],
			"to": [ 10, 9, 14.5 ],
			"rotation": { "origin": [ 7.5, 8, 14.5 ], "axis": "y", "angle": 45 },
			"faces": {
				"down": { "uv": [ 1, 14.5, 2.5, 14 ], "texture": "#harpon" },
				"up": { "uv": [ 1, 14, 2.5, 14.5 ], "texture": "#harpon" },
				"north": { "uv": [ 2.5, 14, 1, 14.5 ], "texture": "#harpon" },
				"south": { "uv": [ 1, 14, 2.5, 14.5 ], "texture": "#harpon" },
				"west": { "uv": [ 1, 14, 1.5, 14.5 ], "texture": "#harpon", "rotation": 270 },
				"east": { "uv": [ 2.5, 14.5, 2, 14 ], "texture": "#harpon", "rotation": 270 }
			}
		},
		{
			"__comment": "Cube5",
			"from": [ 9, 8, 13.5 ],
			"to": [ 10.5, 9, 14 ],
			"rotation": { "origin": [ 7.5, 8, 14.5 ], "axis": "y", "angle": 45 },
			"faces": {
				"down": { "uv": [ 1.5, 14, 3, 13.5 ], "texture": "#harpon" },
				"up": { "uv": [ 1.5, 13.5, 3, 14 ], "texture": "#harpon" },
				"north": { "uv": [ 3, 13.5, 1.5, 14 ], "texture": "#harpon" },
				"south": { "uv": [ 1.5, 13.5, 3, 14 ], "texture": "#harpon" },
				"west": { "uv": [ 1.5, 13.5, 2, 14 ], "texture": "#harpon", "rotation": 270 },
				"east": { "uv": [ 3, 14, 2.5, 13.5 ], "texture": "#harpon", "rotation": 270 }
			}
		},
		{
			"__comment": "Cube6",
			"from": [ 9.5, 8, 13 ],
			"to": [ 11, 9, 13.5 ],
			"rotation": { "origin": [ 7.5, 8, 14.5 ], "axis": "y", "angle": 45 },
			"faces": {
				"down": { "uv": [ 2, 13.5, 3.5, 13 ], "texture": "#harpon" },
				"up": { "uv": [ 2, 13, 3.5, 13.5 ], "texture": "#harpon" },
				"north": { "uv": [ 3.5, 13, 2, 13.5 ], "texture": "#harpon" },
				"south": { "uv": [ 2, 13, 3.5, 13.5 ], "texture": "#harpon" },
				"west": { "uv": [ 2, 13, 2.5, 13.5 ], "texture": "#harpon", "rotation": 270 },
				"east": { "uv": [ 3.5, 13.5, 3, 13 ], "texture": "#harpon", "rotation": 270 }
			}
		},
		{
			"__comment": "Cube7",
			"from": [ 10, 8, 12.5 ],
			"to": [ 11.5, 9, 13 ],
			"rotation": { "origin": [ 7.5, 8, 14.5 ], "axis": "y", "angle": 45 },
			"faces": {
				"down": { "uv": [ 2.5, 13, 4, 12.5 ], "texture": "#harpon" },
				"up": { "uv": [ 2.5, 12.5, 4, 13 ], "texture": "#harpon" },
				"north": { "uv": [ 4, 12.5, 2.5, 13 ], "texture": "#harpon" },
				"south": { "uv": [ 2.5, 12.5, 4, 13 ], "texture": "#harpon" },
				"west": { "uv": [ 2.5, 12.5, 3, 13 ], "texture": "#harpon", "rotation": 270 },
				"east": { "uv": [ 4, 13, 3.5, 12.5 ], "texture": "#harpon", "rotation": 270 }
			}
		},
		{
			"__comment": "Cube8",
			"from": [ 10.5, 8, 12 ],
			"to": [ 12, 9, 12.5 ],
			"rotation": { "origin": [ 7.5, 8, 14.5 ], "axis": "y", "angle": 45 },
			"faces": {
				"down": { "uv": [ 3, 12.5, 4.5, 12 ], "texture": "#harpon" },
				"up": { "uv": [ 3, 12, 4.5, 12.5 ], "texture": "#harpon" },
				"north": { "uv": [ 4.5, 12, 3, 12.5 ], "texture": "#harpon" },
				"south": { "uv": [ 3, 12, 4.5, 12.5 ], "texture": "#harpon" },
				"west": { "uv": [ 3, 12, 3.5, 12.5 ], "texture": "#harpon", "rotation": 270 },
				"east": { "uv": [ 4.5, 12.5, 4, 12 ], "texture": "#harpon", "rotation": 270 }
			}
		},
		{
			"__comment": "Cube9",
			"from": [ 11, 8, 11.5 ],
			"to": [ 12.5, 9, 12 ],
			"rotation": { "origin": [ 7.5, 8, 14.5 ], "axis": "y", "angle": 45 },
			"faces": {
				"down": { "uv": [ 3.5, 12, 5, 11.5 ], "texture": "#harpon" },
				"up": { "uv": [ 3.5, 11.5, 5, 12 ], "texture": "#harpon" },
				"north": { "uv": [ 5, 11.5, 3.5, 12 ], "texture": "#harpon" },
				"south": { "uv": [ 3.5, 11.5, 5, 12 ], "texture": "#harpon" },
				"west": { "uv": [ 3.5, 11.5, 4, 12 ], "texture": "#harpon", "rotation": 270 },
				"east": { "uv": [ 5, 12, 4.5, 11.5 ], "texture": "#harpon", "rotation": 270 }
			}
		},
		{
			"__comment": "Cube10",
			"from": [ 11.5, 8, 11 ],
			"to": [ 13, 9, 11.5 ],
			"rotation": { "origin": [ 7.5, 8, 14.5 ], "axis": "y", "angle": 45 },
			"faces": {
				"down": { "uv": [ 4, 11.5, 5.5, 11 ], "texture": "#harpon" },
				"up": { "uv": [ 4, 11, 5.5, 11.5 ], "texture": "#harpon" },
				"north": { "uv": [ 5.5, 11, 4, 11.5 ], "texture": "#harpon" },
				"south": { "uv": [ 4, 11, 5.5, 11.5 ], "texture": "#harpon" },
				"west": { "uv": [ 4, 11, 4.5, 11.5 ], "texture": "#harpon", "rotation": 270 },
				"east": { "uv": [ 5.5, 11.5, 5, 11 ], "texture": "#harpon", "rotation": 270 }
			}
		},
		{
			"__comment": "Cube11",
			"from": [ 12, 8, 10.5 ],
			"to": [ 13.5, 9, 11 ],
			"rotation": { "origin": [ 7.5, 8, 14.5 ], "axis": "y", "angle": 45 },
			"faces": {
				"down": { "uv": [ 4.5, 11, 6, 10.5 ], "texture": "#harpon" },
				"up": { "uv": [ 4.5, 10.5, 6, 11 ], "texture": "#harpon" },
				"north": { "uv": [ 6, 10.5, 4.5, 11 ], "texture": "#harpon" },
				"south": { "uv": [ 4.5, 10.5, 6, 11 ], "texture": "#harpon" },
				"west": { "uv": [ 4.5, 10.5, 5, 11 ], "texture": "#harpon", "rotation": 270 },
				"east": { "uv": [ 6, 11, 5.5, 10.5 ], "texture": "#harpon", "rotation": 270 }
			}
		},
		{
			"__comment": "Cube12",
			"from": [ 12.5, 8, 10 ],
			"to": [ 14, 9, 10.5 ],
			"rotation": { "origin": [ 7.5, 8, 14.5 ], "axis": "y", "angle": 45 },
			"faces": {
				"down": { "uv": [ 5, 10.5, 6.5, 10 ], "texture": "#harpon" },
				"up": { "uv": [ 5, 10, 6.5, 10.5 ], "texture": "#harpon" },
				"north": { "uv": [ 6.5, 10, 5, 10.5 ], "texture": "#harpon" },
				"south": { "uv": [ 5, 10, 6.5, 10.5 ], "texture": "#harpon" },
				"west": { "uv": [ 5, 10, 5.5, 10.5 ], "texture": "#harpon", "rotation": 270 },
				"east": { "uv": [ 6.5, 10.5, 6, 10 ], "texture": "#harpon", "rotation": 270 }
			}
		},
		{
			"__comment": "Cube13",
			"from": [ 13, 8, 9.5 ],
			"to": [ 14.5, 9, 10 ],
			"rotation": { "origin": [ 7.5, 8, 14.5 ], "axis": "y", "angle": 45 },
			"faces": {
				"down": { "uv": [ 5.5, 10, 7, 9.5 ], "texture": "#harpon" },
				"up": { "uv": [ 5.5, 9.5, 7, 10 ], "texture": "#harpon" },
				"north": { "uv": [ 7, 9.5, 5.5, 10 ], "texture": "#harpon" },
				"south": { "uv": [ 5.5, 9.5, 7, 10 ], "texture": "#harpon" },
				"west": { "uv": [ 5.5, 9.5, 6, 10 ], "texture": "#harpon", "rotation": 270 },
				"east": { "uv": [ 7, 10, 6.5, 9.5 ], "texture": "#harpon", "rotation": 270 }
			}
		},
		{
			"__comment": "Cube14",
			"from": [ 13.5, 8, 9 ],
			"to": [ 15, 9, 9.5 ],
			"rotation": { "origin": [ 7.5, 8, 14.5 ], "axis": "y", "angle": 45 },
			"faces": {
				"down": { "uv": [ 6, 9.5, 7.5, 9 ], "texture": "#harpon" },
				"up": { "uv": [ 6, 9, 7.5, 9.5 ], "texture": "#harpon" },
				"north": { "uv": [ 7.5, 9, 6, 9.5 ], "texture": "#harpon" },
				"south": { "uv": [ 6, 9, 7.5, 9.5 ], "texture": "#harpon" },
				"west": { "uv": [ 6, 9, 6.5, 9.5 ], "texture": "#harpon", "rotation": 270 },
				"east": { "uv": [ 7.5, 9.5, 7, 9 ], "texture": "#harpon", "rotation": 270 }
			}
		},
		{
			"__comment": "Cube15",
			"from": [ 14, 8, 8.5 ],
			"to": [ 15.5, 9, 9 ],
			"rotation": { "origin": [ 7.5, 8, 14.5 ], "axis": "y", "angle": 45 },
			"faces": {
				"down": { "uv": [ 6.5, 9, 8, 8.5 ], "texture": "#harpon" },
				"up": { "uv": [ 6.5, 8.5, 8, 9 ], "texture": "#harpon" },
				"north": { "uv": [ 8, 8.5, 6.5, 9 ], "texture": "#harpon" },
				"south": { "uv": [ 6.5, 8.5, 8, 9 ], "texture": "#harpon" },
				"west": { "uv": [ 6.5, 8.5, 7, 9 ], "texture": "#harpon", "rotation": 270 },
				"east": { "uv": [ 8, 9, 7.5, 8.5 ], "texture": "#harpon", "rotation": 270 }
			}
		},
		{
			"__comment": "Cube16",
			"from": [ 14.5, 8, 8 ],
			"to": [ 16, 9, 8.5 ],
			"rotation": { "origin": [ 7.5, 8, 14.5 ], "axis": "y", "angle": 45 },
			"faces": {
				"down": { "uv": [ 7, 8.5, 8.5, 8 ], "texture": "#harpon" },
				"up": { "uv": [ 7, 8, 8.5, 8.5 ], "texture": "#harpon" },
				"north": { "uv": [ 8.5, 8, 7, 8.5 ], "texture": "#harpon" },
				"south": { "uv": [ 7, 8, 8.5, 8.5 ], "texture": "#harpon" },
				"west": { "uv": [ 7, 8, 7.5, 8.5 ], "texture": "#harpon", "rotation": 270 },
				"east": { "uv": [ 8.5, 8.5, 8, 8 ], "texture": "#harpon", "rotation": 270 }
			}
		},
		{
			"__comment": "Cube17",
			"from": [ 15, 8, 7.5 ],
			"to": [ 16.5, 9, 8 ],
			"rotation": { "origin": [ 7.5, 8, 14.5 ], "axis": "y", "angle": 45 },
			"faces": {
				"down": { "uv": [ 7.5, 8, 9, 7.5 ], "texture": "#harpon" },
				"up": { "uv": [ 7.5, 7.5, 9, 8 ], "texture": "#harpon" },
				"north": { "uv": [ 9, 7.5, 7.5, 8 ], "texture": "#harpon" },
				"south": { "uv": [ 7.5, 7.5, 9, 8 ], "texture": "#harpon" },
				"west": { "uv": [ 7.5, 7.5, 8, 8 ], "texture": "#harpon", "rotation": 270 },
				"east": { "uv": [ 9, 8, 8.5, 7.5 ], "texture": "#harpon", "rotation": 270 }
			}
		},
		{
			"__comment": "Cube18",
			"from": [ 15.5, 8, 7 ],
			"to": [ 17, 9, 7.5 ],
			"rotation": { "origin": [ 7.5, 8, 14.5 ], "axis": "y", "angle": 45 },
			"faces": {
				"down": { "uv": [ 8, 7.5, 9.5, 7 ], "texture": "#harpon" },
				"up": { "uv": [ 8, 7, 9.5, 7.5 ], "texture": "#harpon" },
				"north": { "uv": [ 9.5, 7, 8, 7.5 ], "texture": "#harpon" },
				"south": { "uv": [ 8, 7, 9.5, 7.5 ], "texture": "#harpon" },
				"west": { "uv": [ 8, 7, 8.5, 7.5 ], "texture": "#harpon", "rotation": 270 },
				"east": { "uv": [ 9.5, 7.5, 9, 7 ], "texture": "#harpon", "rotation": 270 }
			}
		},
		{
			"__comment": "Cube19",
			"from": [ 16, 8, 6.5 ],
			"to": [ 17.5, 9, 7 ],
			"rotation": { "origin": [ 7.5, 8, 14.5 ], "axis": "y", "angle": 45 },
			"faces": {
				"down": { "uv": [ 8.5, 7, 10, 6.5 ], "texture": "#harpon" },
				"up": { "uv": [ 8.5, 6.5, 10, 7 ], "texture": "#harpon" },
				"north": { "uv": [ 10, 6.5, 8.5, 7 ], "texture": "#harpon" },
				"south": { "uv": [ 8.5, 6.5, 10, 7 ], "texture": "#harpon" },
				"west": { "uv": [ 8.5, 6.5, 9, 7 ], "texture": "#harpon", "rotation": 270 },
				"east": { "uv": [ 10, 7, 9.5, 6.5 ], "texture": "#harpon", "rotation": 270 }
			}
		},
		{
			"__comment": "Cube20",
			"from": [ 16.5, 8, 6 ],
			"to": [ 18, 9, 6.5 ],
			"rotation": { "origin": [ 7.5, 8, 14.5 ], "axis": "y", "angle": 45 },
			"faces": {
				"down": { "uv": [ 9, 6.5, 10.5, 6 ], "texture": "#harpon" },
				"up": { "uv": [ 9, 6, 10.5, 6.5 ], "texture": "#harpon" },
				"north": { "uv": [ 10.5, 6, 9, 6.5 ], "texture": "#harpon" },
				"south": { "uv": [ 9, 6, 10.5, 6.5 ], "texture": "#harpon" },
				"west": { "uv": [ 9, 6, 9.5, 6.5 ], "texture": "#harpon", "rotation": 270 },
				"east": { "uv": [ 10.5, 6.5, 10, 6 ], "texture": "#harpon", "rotation": 270 }
			}
		},
		{
			"__comment": "Cube21",
			"from": [ 17, 8, 5.5 ],
			"to": [ 18.5, 9, 6 ],
			"rotation": { "origin": [ 7.5, 8, 14.5 ], "axis": "y", "angle": 45 },
			"faces": {
				"down": { "uv": [ 9.5, 6, 11, 5.5 ], "texture": "#harpon" },
				"up": { "uv": [ 9.5, 5.5, 11, 6 ], "texture": "#harpon" },
				"north": { "uv": [ 11, 5.5, 9.5, 6 ], "texture": "#harpon" },
				"south": { "uv": [ 9.5, 5.5, 11, 6 ], "texture": "#harpon" },
				"west": { "uv": [ 9.5, 5.5, 10, 6 ], "texture": "#harpon", "rotation": 270 },
				"east": { "uv": [ 11, 6, 10.5, 5.5 ], "texture": "#harpon", "rotation": 270 }
			}
		},
		{
			"__comment": "Cube22",
			"from": [ 17.5, 8, 5 ],
			"to": [ 20, 9, 5.5 ],
			"rotation": { "origin": [ 7.5, 8, 14.5 ], "axis": "y", "angle": 45 },
			"faces": {
				"down": { "uv": [ 10, 5.5, 12.5, 5 ], "texture": "#harpon" },
				"up": { "uv": [ 10, 5, 12.5, 5.5 ], "texture": "#harpon" },
				"north": { "uv": [ 12.5, 5, 10, 5.5 ], "texture": "#harpon" },
				"south": { "uv": [ 10, 5, 12.5, 5.5 ], "texture": "#harpon" },
				"west": { "uv": [ 10, 5, 10.5, 5.5 ], "texture": "#harpon", "rotation": 270 },
				"east": { "uv": [ 12.5, 5.5, 12, 5 ], "texture": "#harpon", "rotation": 270 }
			}
		},
		{
			"__comment": "Cube23",
			"from": [ 18, 8, 4 ],
			"to": [ 21, 9, 4.5 ],
			"rotation": { "origin": [ 7.5, 8, 14.5 ], "axis": "y", "angle": 45 },
			"faces": {
				"down": { "uv": [ 10.5, 4.5, 13.5, 4 ], "texture": "#harpon" },
				"up": { "uv": [ 10.5, 4, 13.5, 4.5 ], "texture": "#harpon" },
				"north": { "uv": [ 13.5, 4, 10.5, 4.5 ], "texture": "#harpon" },
				"south": { "uv": [ 10.5, 4, 13.5, 4.5 ], "texture": "#harpon" },
				"west": { "uv": [ 10.5, 4, 11, 4.5 ], "texture": "#harpon", "rotation": 270 },
				"east": { "uv": [ 13.5, 4.5, 13, 4 ], "texture": "#harpon", "rotation": 270 }
			}
		},
		{
			"__comment": "Cube24",
			"from": [ 18, 8, 4.5 ],
			"to": [ 20, 9, 5 ],
			"rotation": { "origin": [ 7.5, 8, 14.5 ], "axis": "y", "angle": 45 },
			"faces": {
				"down": { "uv": [ 10.5, 5, 12.5, 4.5 ], "texture": "#harpon" },
				"up": { "uv": [ 10.5, 4.5, 12.5, 5 ], "texture": "#harpon" },
				"north": { "uv": [ 12.5, 4.5, 10.5, 5 ], "texture": "#harpon" },
				"south": { "uv": [ 10.5, 4.5, 12.5, 5 ], "texture": "#harpon" },
				"west": { "uv": [ 10.5, 4.5, 11, 5 ], "texture": "#harpon", "rotation": 270 },
				"east": { "uv": [ 12.5, 5, 12, 4.5 ], "texture": "#harpon", "rotation": 270 }
			}
		},
		{
			"__comment": "Cube25",
			"from": [ 18.5, 8, 3.5 ],
			"to": [ 21, 9, 4 ],
			"rotation": { "origin": [ 7.5, 8, 14.5 ], "axis": "y", "angle": 45 },
			"faces": {
				"down": { "uv": [ 11, 4, 13.5, 3.5 ], "texture": "#harpon" },
				"up": { "uv": [ 11, 3.5, 13.5, 4 ], "texture": "#harpon" },
				"north": { "uv": [ 13.5, 3.5, 11, 4 ], "texture": "#harpon" },
				"south": { "uv": [ 11, 3.5, 13.5, 4 ], "texture": "#harpon" },
				"west": { "uv": [ 11, 3.5, 11.5, 4 ], "texture": "#harpon", "rotation": 270 },
				"east": { "uv": [ 13.5, 4, 13, 3.5 ], "texture": "#harpon", "rotation": 270 }
			}
		},
		{
			"__comment": "Cube26",
			"from": [ 19, 8, 3 ],
			"to": [ 22, 9, 3.5 ],
			"rotation": { "origin": [ 7.5, 8, 14.5 ], "axis": "y", "angle": 45 },
			"faces": {
				"down": { "uv": [ 11.5, 3.5, 14.5, 3 ], "texture": "#harpon" },
				"up": { "uv": [ 11.5, 3, 14.5, 3.5 ], "texture": "#harpon" },
				"north": { "uv": [ 14.5, 3, 11.5, 3.5 ], "texture": "#harpon" },
				"south": { "uv": [ 11.5, 3, 14.5, 3.5 ], "texture": "#harpon" },
				"west": { "uv": [ 11.5, 3, 12, 3.5 ], "texture": "#harpon", "rotation": 270 },
				"east": { "uv": [ 14.5, 3.5, 14, 3 ], "texture": "#harpon", "rotation": 270 }
			}
		},
		{
			"__comment": "Cube27",
			"from": [ 19.5, 8, 2.5 ],
			"to": [ 22, 9, 3 ],
			"rotation": { "origin": [ 7.5, 8, 14.5 ], "axis": "y", "angle": 45 },
			"faces": {
				"down": { "uv": [ 12, 3, 14.5, 2.5 ], "texture": "#harpon" },
				"up": { "uv": [ 12, 2.5, 14.5, 3 ], "texture": "#harpon" },
				"north": { "uv": [ 14.5, 2.5, 12, 3 ], "texture": "#harpon" },
				"south": { "uv": [ 12, 2.5, 14.5, 3 ], "texture": "#harpon" },
				"west": { "uv": [ 12, 2.5, 12.5, 3 ], "texture": "#harpon", "rotation": 270 },
				"east": { "uv": [ 14.5, 3, 14, 2.5 ], "texture": "#harpon", "rotation": 270 }
			}
		},
		{
			"__comment": "Cube28",
			"from": [ 19.5, 8, 5.5 ],
			"to": [ 20, 9, 6 ],
			"rotation": { "origin": [ 7.5, 8, 14.5 ], "axis": "y", "angle": 45 },
			"faces": {
				"down": { "uv": [ 12, 6, 12.5, 5.5 ], "texture": "#harpon" },
				"up": { "uv": [ 12, 5.5, 12.5, 6 ], "texture": "#harpon" },
				"north": { "uv": [ 12.5, 5.5, 12, 6 ], "texture": "#harpon" },
				"south": { "uv": [ 12, 5.5, 12.5, 6 ], "texture": "#harpon" },
				"west": { "uv": [ 12, 5.5, 12.5, 6 ], "texture": "#harpon", "rotation": 270 },
				"east": { "uv": [ 12.5, 6, 12, 5.5 ], "texture": "#harpon", "rotation": 270 }
			}
		},
		{
			"__comment": "Cube29",
			"from": [ 20, 8, 2 ],
			"to": [ 23, 9, 2.5 ],
			"rotation": { "origin": [ 7.5, 8, 14.5 ], "axis": "y", "angle": 45 },
			"faces": {
				"down": { "uv": [ 12.5, 2.5, 15.5, 2 ], "texture": "#harpon" },
				"up": { "uv": [ 12.5, 2, 15.5, 2.5 ], "texture": "#harpon" },
				"north": { "uv": [ 15.5, 2, 12.5, 2.5 ], "texture": "#harpon" },
				"south": { "uv": [ 12.5, 2, 15.5, 2.5 ], "texture": "#harpon" },
				"west": { "uv": [ 12.5, 2, 13, 2.5 ], "texture": "#harpon", "rotation": 270 },
				"east": { "uv": [ 15.5, 2.5, 15, 2 ], "texture": "#harpon", "rotation": 270 }
			}
		},
		{
			"__comment": "Cube30",
			"from": [ 20.5, 8, 1.5 ],
			"to": [ 23, 9, 2 ],
			"rotation": { "origin": [ 7.5, 8, 14.5 ], "axis": "y", "angle": 45 },
			"faces": {
				"down": { "uv": [ 13, 2, 15.5, 1.5 ], "texture": "#harpon" },
				"up": { "uv": [ 13, 1.5, 15.5, 2 ], "texture": "#harpon" },
				"north": { "uv": [ 15.5, 1.5, 13, 2 ], "texture": "#harpon" },
				"south": { "uv": [ 13, 1.5, 15.5, 2 ], "texture": "#harpon" },
				"west": { "uv": [ 13, 1.5, 13.5, 2 ], "texture": "#harpon", "rotation": 270 },
				"east": { "uv": [ 15.5, 2, 15, 1.5 ], "texture": "#harpon", "rotation": 270 }
			}
		},
		{
			"__comment": "Cube31",
			"from": [ 20.5, 8, 4.5 ],
			"to": [ 21, 9, 5 ],
			"rotation": { "origin": [ 7.5, 8, 14.5 ], "axis": "y", "angle": 45 },
			"faces": {
				"down": { "uv": [ 13, 5, 13.5, 4.5 ], "texture": "#harpon" },
				"up": { "uv": [ 13, 4.5, 13.5, 5 ], "texture": "#harpon" },
				"north": { "uv": [ 13.5, 4.5, 13, 5 ], "texture": "#harpon" },
				"south": { "uv": [ 13, 4.5, 13.5, 5 ], "texture": "#harpon" },
				"west": { "uv": [ 13, 4.5, 13.5, 5 ], "texture": "#harpon", "rotation": 270 },
				"east": { "uv": [ 13.5, 5, 13, 4.5 ], "texture": "#harpon", "rotation": 270 }
			}
		},
		{
			"__comment": "Cube32",
			"from": [ 21, 8, 1 ],
			"to": [ 23.5, 9, 1.5 ],
			"rotation": { "origin": [ 7.5, 8, 14.5 ], "axis": "y", "angle": 45 },
			"faces": {
				"down": { "uv": [ 13.5, 1.5, 16, 1 ], "texture": "#harpon" },
				"up": { "uv": [ 13.5, 1, 16, 1.5 ], "texture": "#harpon" },
				"north": { "uv": [ 16, 1, 13.5, 1.5 ], "texture": "#harpon" },
				"south": { "uv": [ 13.5, 1, 16, 1.5 ], "texture": "#harpon" },
				"west": { "uv": [ 13.5, 1, 14, 1.5 ], "texture": "#harpon", "rotation": 270 },
				"east": { "uv": [ 16, 1.5, 15.5, 1 ], "texture": "#harpon", "rotation": 270 }
			}
		},
		{
			"__comment": "Cube33",
			"from": [ 21.5, 8, 0.5 ],
			"to": [ 23.5, 9, 1 ],
			"rotation": { "origin": [ 7.5, 8, 14.5 ], "axis": "y", "angle": 45 },
			"faces": {
				"down": { "uv": [ 14, 1, 16, 0.5 ], "texture": "#harpon" },
				"up": { "uv": [ 14, 0.5, 16, 1 ], "texture": "#harpon" },
				"north": { "uv": [ 16, 0.5, 14, 1 ], "texture": "#harpon" },
				"south": { "uv": [ 14, 0.5, 16, 1 ], "texture": "#harpon" },
				"west": { "uv": [ 14, 0.5, 14.5, 1 ], "texture": "#harpon", "rotation": 270 },
				"east": { "uv": [ 16, 1, 15.5, 0.5 ], "texture": "#harpon", "rotation": 270 }
			}
		},
		{
			"__comment": "Cube34",
			"from": [ 21.5, 8, 3.5 ],
			"to": [ 22, 9, 4 ],
			"rotation": { "origin": [ 7.5, 8, 14.5 ], "axis": "y", "angle": 45 },
			"faces": {
				"down": { "uv": [ 14, 4, 14.5, 3.5 ], "texture": "#harpon" },
				"up": { "uv": [ 14, 3.5, 14.5, 4 ], "texture": "#harpon" },
				"north": { "uv": [ 14.5, 3.5, 14, 4 ], "texture": "#harpon" },
				"south": { "uv": [ 14, 3.5, 14.5, 4 ], "texture": "#harpon" },
				"west": { "uv": [ 14, 3.5, 14.5, 4 ], "texture": "#harpon", "rotation": 270 },
				"east": { "uv": [ 14.5, 4, 14, 3.5 ], "texture": "#harpon", "rotation": 270 }
			}
		},
		{
			"__comment": "Cube35",
			"from": [ 22, 8, 0 ],
			"to": [ 23.5, 9, 0.5 ],
			"rotation": { "origin": [ 7.5, 8, 14.5 ], "axis": "y", "angle": 45 },
			"faces": {
				"down": { "uv": [ 14.5, 0.5, 16, 0 ], "texture": "#harpon" },
				"up": { "uv": [ 14.5, 0, 16, 0.5 ], "texture": "#harpon" },
				"north": { "uv": [ 16, 0, 14.5, 0.5 ], "texture": "#harpon" },
				"south": { "uv": [ 14.5, 0, 16, 0.5 ], "texture": "#harpon" },
				"west": { "uv": [ 14.5, 0, 15, 0.5 ], "texture": "#harpon", "rotation": 270 },
				"east": { "uv": [ 16, 0.5, 15.5, 0 ], "texture": "#harpon", "rotation": 270 }
			}
		},
		{
			"__comment": "Cube36",
			"from": [ 22.5, 8, 2.5 ],
			"to": [ 23, 9, 3 ],
			"rotation": { "origin": [ 7.5, 8, 14.5 ], "axis": "y", "angle": 45 },
			"faces": {
				"down": { "uv": [ 15, 3, 15.5, 2.5 ], "texture": "#harpon" },
				"up": { "uv": [ 15, 2.5, 15.5, 3 ], "texture": "#harpon" },
				"north": { "uv": [ 15.5, 2.5, 15, 3 ], "texture": "#harpon" },
				"south": { "uv": [ 15, 2.5, 15.5, 3 ], "texture": "#harpon" },
				"west": { "uv": [ 15, 2.5, 15.5, 3 ], "texture": "#harpon", "rotation": 270 },
				"east": { "uv": [ 15.5, 3, 15, 2.5 ], "texture": "#harpon", "rotation": 270 }
			}
		}
	],
	"display": {
		"thirdperson_righthand": {
			"rotation":  [ 100, 0, -90 ],
			"translation":  [ -0.695, 0.0006, 2.7825 ],
			"scale":  [ 1.4, 0.95, 1.6 ]
		},
		"thirdperson_lefthand": {
			"rotation":  [ 100, 0, 90 ],
			"translation":  [ -0.695, -0.695, 2.0869 ],
			"scale":  [ 1.4, 0.95, 1.6 ]
		},
		"firstperson_righthand": {
			"rotation":  [ 90, 0, 90 ],
			"translation":  [ 1.3913, 0, 0 ],
			"scale":  [ 1, 0.8, 1 ]
		},
		"firstperson_lefthand": {
			"rotation":  [ 90, 0, 90 ],
			"translation":  [ 2.0869, 0, 0 ],
			"scale":  [ 1, 0.8, 1 ]
		},
		"gui": {
			"rotation":  [ 90, -42, 0 ],
			"translation":  [ -2.086, -2.086, 0 ],
			"scale":  [ 0.8, 0.8, 0.8 ]
		},
		"ground": {
			"translation":  [ 0, 0, 5.5652 ]
		},
		"fixed": {
			"rotation":  [ 90, 0, 0 ],
			"translation":  [ 0, -3.477, 0 ],
			"scale":  [ 0.8, 0.8, 0.8 ]
		}
	}
}