{
	"__comment": "Designed by Tanou with Cubik Studio - https://cubik.studio",
	"textures": {
		"texture": "./espadon_en_fer"
	},
	"elements": [
		{
			"__comment": "Box2",
			"from": [ -3, 0, 19 ],
			"to": [ -1, 1, 20 ],
			"faces": {
				"down": { "uv": [ 1, 11, 3, 12 ], "texture": "#texture" },
				"up": { "uv": [ 1, 11, 3, 12 ], "texture": "#texture" },
				"north": { "uv": [ 1, 11, 3, 12 ], "texture": "#texture" },
				"south": { "uv": [ 1, 11, 3, 12 ], "texture": "#texture" },
				"west": { "uv": [ 1, 11, 2, 12 ], "texture": "#texture" },
				"east": { "uv": [ 2, 11, 3, 12 ], "texture": "#texture" }
			}
		},
		{
			"__comment": "Box2",
			"from": [ -4, 0, 18 ],
			"to": [ -1, 1, 19 ],
			"faces": {
				"down": { "uv": [ 0, 10, 3, 11 ], "texture": "#texture" },
				"up": { "uv": [ 0, 10, 3, 11 ], "texture": "#texture" },
				"north": { "uv": [ 0, 10, 3, 11 ], "texture": "#texture" },
				"south": { "uv": [ 0, 10, 3, 11 ], "texture": "#texture" },
				"west": { "uv": [ 0, 10, 1, 11 ], "texture": "#texture" },
				"east": { "uv": [ 2, 10, 3, 11 ], "texture": "#texture" }
			}
		},
		{
			"__comment": "Box2",
			"from": [ -4, 0, 17 ],
			"to": [ 0, 1, 18 ],
			"faces": {
				"down": { "uv": [ 0, 9, 4, 10 ], "texture": "#texture" },
				"up": { "uv": [ 0, 9, 4, 10 ], "texture": "#texture" },
				"north": { "uv": [ 0, 9, 4, 10 ], "texture": "#texture" },
				"south": { "uv": [ 0, 9, 4, 10 ], "texture": "#texture" },
				"west": { "uv": [ 0, 9, 1, 10 ], "texture": "#texture" },
				"east": { "uv": [ 3, 9, 4, 10 ], "texture": "#texture" }
			}
		},
		{
			"__comment": "Box2",
			"from": [ -2, 0, 16 ],
			"to": [ 1, 1, 17 ],
			"faces": {
				"down": { "uv": [ 2, 8, 5, 9 ], "texture": "#texture" },
				"up": { "uv": [ 2, 8, 5, 9 ], "texture": "#texture" },
				"north": { "uv": [ 2, 8, 5, 9 ], "texture": "#texture" },
				"south": { "uv": [ 2, 8, 5, 9 ], "texture": "#texture" },
				"west": { "uv": [ 2, 8, 3, 9 ], "texture": "#texture" },
				"east": { "uv": [ 4, 8, 5, 9 ], "texture": "#texture" }
			}
		},
		{
			"__comment": "Box2",
			"from": [ -1, 0, 15 ],
			"to": [ 2, 1, 16 ],
			"faces": {
				"down": { "uv": [ 3, 7, 6, 8 ], "texture": "#texture" },
				"up": { "uv": [ 3, 7, 6, 8 ], "texture": "#texture" },
				"north": { "uv": [ 3, 7, 6, 8 ], "texture": "#texture" },
				"south": { "uv": [ 3, 7, 6, 8 ], "texture": "#texture" },
				"west": { "uv": [ 3, 7, 4, 8 ], "texture": "#texture" },
				"east": { "uv": [ 5, 7, 6, 8 ], "texture": "#texture" }
			}
		},
		{
			"__comment": "Box2",
			"from": [ 0, 0, 14 ],
			"to": [ 8, 1, 15 ],
			"faces": {
				"down": { "uv": [ 4, 6, 12, 7 ], "texture": "#texture" },
				"up": { "uv": [ 4, 6, 12, 7 ], "texture": "#texture" },
				"north": { "uv": [ 4, 6, 12, 7 ], "texture": "#texture" },
				"south": { "uv": [ 4, 6, 12, 7 ], "texture": "#texture" },
				"west": { "uv": [ 4, 6, 5, 7 ], "texture": "#texture" },
				"east": { "uv": [ 11, 6, 12, 7 ], "texture": "#texture" }
			}
		},
		{
			"__comment": "Box2",
			"from": [ 1, 0, 13 ],
			"to": [ 7, 1, 14 ],
			"faces": {
				"down": { "uv": [ 5, 5, 11, 6 ], "texture": "#texture" },
				"up": { "uv": [ 5, 5, 11, 6 ], "texture": "#texture" },
				"north": { "uv": [ 5, 5, 11, 6 ], "texture": "#texture" },
				"south": { "uv": [ 5, 5, 11, 6 ], "texture": "#texture" },
				"west": { "uv": [ 5, 5, 6, 6 ], "texture": "#texture" },
				"east": { "uv": [ 10, 5, 11, 6 ], "texture": "#texture" }
			}
		},
		{
			"__comment": "Box2",
			"from": [ 5, 0, 15 ],
			"to": [ 7, 1, 16 ],
			"faces": {
				"down": { "uv": [ 1, 11, 3, 12 ], "texture": "#texture" },
				"up": { "uv": [ 1, 11, 3, 12 ], "texture": "#texture" },
				"north": { "uv": [ 1, 11, 3, 12 ], "texture": "#texture" },
				"south": { "uv": [ 1, 11, 3, 12 ], "texture": "#texture" },
				"west": { "uv": [ 1, 11, 2, 12 ], "texture": "#texture" },
				"east": { "uv": [ 2, 11, 3, 12 ], "texture": "#texture" }
			}
		},
		{
			"__comment": "Box2",
			"from": [ 1, 0, 12 ],
			"to": [ 6, 1, 13 ],
			"faces": {
				"down": { "uv": [ 5, 4, 10, 5 ], "texture": "#texture" },
				"up": { "uv": [ 5, 4, 10, 5 ], "texture": "#texture" },
				"north": { "uv": [ 5, 4, 10, 5 ], "texture": "#texture" },
				"south": { "uv": [ 5, 4, 10, 5 ], "texture": "#texture" },
				"west": { "uv": [ 5, 4, 6, 5 ], "texture": "#texture" },
				"east": { "uv": [ 9, 4, 10, 5 ], "texture": "#texture" }
			}
		},
		{
			"__comment": "Box2",
			"from": [ 1, 0, 11 ],
			"to": [ 6, 1, 12 ],
			"faces": {
				"down": { "uv": [ 5, 3, 10, 4 ], "texture": "#texture" },
				"up": { "uv": [ 5, 3, 10, 4 ], "texture": "#texture" },
				"north": { "uv": [ 5, 3, 10, 4 ], "texture": "#texture" },
				"south": { "uv": [ 5, 3, 10, 4 ], "texture": "#texture" },
				"west": { "uv": [ 5, 3, 6, 4 ], "texture": "#texture" },
				"east": { "uv": [ 9, 3, 10, 4 ], "texture": "#texture" }
			}
		},
		{
			"__comment": "Box2",
			"from": [ 0, 0, 10 ],
			"to": [ 7, 1, 11 ],
			"faces": {
				"down": { "uv": [ 4, 2, 11, 3 ], "texture": "#texture" },
				"up": { "uv": [ 4, 2, 11, 3 ], "texture": "#texture" },
				"north": { "uv": [ 4, 2, 11, 3 ], "texture": "#texture" },
				"south": { "uv": [ 4, 2, 11, 3 ], "texture": "#texture" },
				"west": { "uv": [ 4, 2, 5, 3 ], "texture": "#texture" },
				"east": { "uv": [ 10, 2, 11, 3 ], "texture": "#texture" }
			}
		},
		{
			"__comment": "Box2",
			"from": [ 0, 0, 9 ],
			"to": [ 3, 1, 10 ],
			"faces": {
				"down": { "uv": [ 4, 1, 7, 2 ], "texture": "#texture" },
				"up": { "uv": [ 4, 1, 7, 2 ], "texture": "#texture" },
				"north": { "uv": [ 4, 1, 7, 2 ], "texture": "#texture" },
				"south": { "uv": [ 4, 1, 7, 2 ], "texture": "#texture" },
				"west": { "uv": [ 4, 1, 5, 2 ], "texture": "#texture" },
				"east": { "uv": [ 6, 1, 7, 2 ], "texture": "#texture" }
			}
		},
		{
			"__comment": "Box2",
			"from": [ 1, 0, 8 ],
			"to": [ 2, 1, 9 ],
			"faces": {
				"down": { "uv": [ 1, 11, 3, 12 ], "texture": "#texture" },
				"up": { "uv": [ 1, 11, 3, 12 ], "texture": "#texture" },
				"north": { "uv": [ 1, 11, 3, 12 ], "texture": "#texture" },
				"south": { "uv": [ 1, 11, 3, 12 ], "texture": "#texture" },
				"west": { "uv": [ 1, 11, 2, 12 ], "texture": "#texture" },
				"east": { "uv": [ 2, 11, 3, 12 ], "texture": "#texture" }
			}
		},
		{
			"__comment": "Box2",
			"from": [ 5, 0, 9 ],
			"to": [ 8, 1, 10 ],
			"faces": {
				"down": { "uv": [ 10, 0, 16, 1 ], "texture": "#texture" },
				"up": { "uv": [ 10, 0, 16, 1 ], "texture": "#texture" },
				"north": { "uv": [ 10, 0, 16, 1 ], "texture": "#texture" },
				"south": { "uv": [ 10, 0, 16, 1 ], "texture": "#texture" },
				"west": { "uv": [ 10, 0, 11, 1 ], "texture": "#texture" },
				"east": { "uv": [ 15, 0, 16, 1 ], "texture": "#texture" }
			}
		},
		{
			"__comment": "Box2",
			"from": [ 6, 0, 8 ],
			"to": [ 12, 1, 9 ],
			"faces": {
				"down": { "uv": [ 10, 0, 16, 1 ], "texture": "#texture" },
				"up": { "uv": [ 10, 0, 16, 1 ], "texture": "#texture" },
				"north": { "uv": [ 10, 0, 16, 1 ], "texture": "#texture" },
				"south": { "uv": [ 10, 0, 16, 1 ], "texture": "#texture" },
				"west": { "uv": [ 10, 0, 11, 1 ], "texture": "#texture" },
				"east": { "uv": [ 15, 0, 16, 1 ], "texture": "#texture" }
			}
		},
		{
			"__comment": "Box2",
			"from": [ 7, 0, 7 ],
			"to": [ 13, 1, 8 ],
			"faces": {
				"down": { "uv": [ 4, 15, 10, 16 ], "texture": "#texture" },
				"up": { "uv": [ 4, 15, 10, 16 ], "texture": "#texture" },
				"north": { "uv": [ 4, 15, 10, 16 ], "texture": "#texture" },
				"south": { "uv": [ 4, 15, 10, 16 ], "texture": "#texture" },
				"west": { "uv": [ 4, 15, 5, 16 ], "texture": "#texture" },
				"east": { "uv": [ 9, 15, 10, 16 ], "texture": "#texture" }
			}
		},
		{
			"__comment": "Box2",
			"from": [ 7, 0, 6 ],
			"to": [ 13, 1, 7 ],
			"faces": {
				"down": { "uv": [ 4, 14, 10, 15 ], "texture": "#texture" },
				"up": { "uv": [ 4, 14, 10, 15 ], "texture": "#texture" },
				"north": { "uv": [ 4, 14, 10, 15 ], "texture": "#texture" },
				"south": { "uv": [ 4, 14, 10, 15 ], "texture": "#texture" },
				"west": { "uv": [ 4, 14, 5, 15 ], "texture": "#texture" },
				"east": { "uv": [ 9, 14, 10, 15 ], "texture": "#texture" }
			}
		},
		{
			"__comment": "Box2",
			"from": [ 7, 0, 5 ],
			"to": [ 14, 1, 6 ],
			"faces": {
				"down": { "uv": [ 4, 13, 11, 14 ], "texture": "#texture" },
				"up": { "uv": [ 4, 13, 11, 14 ], "texture": "#texture" },
				"north": { "uv": [ 4, 13, 11, 14 ], "texture": "#texture" },
				"south": { "uv": [ 4, 13, 11, 14 ], "texture": "#texture" },
				"west": { "uv": [ 4, 13, 5, 14 ], "texture": "#texture" },
				"east": { "uv": [ 10, 13, 11, 14 ], "texture": "#texture" }
			}
		},
		{
			"__comment": "Box2",
			"from": [ 7, 0, 4 ],
			"to": [ 14, 1, 5 ],
			"faces": {
				"down": { "uv": [ 4, 12, 11, 13 ], "texture": "#texture" },
				"up": { "uv": [ 4, 12, 11, 13 ], "texture": "#texture" },
				"north": { "uv": [ 4, 12, 11, 13 ], "texture": "#texture" },
				"south": { "uv": [ 4, 12, 11, 13 ], "texture": "#texture" },
				"west": { "uv": [ 4, 12, 5, 13 ], "texture": "#texture" },
				"east": { "uv": [ 10, 12, 11, 13 ], "texture": "#texture" }
			}
		},
		{
			"__comment": "Box2",
			"from": [ 8, 0, 3 ],
			"to": [ 15, 1, 4 ],
			"faces": {
				"down": { "uv": [ 5, 11, 12, 12 ], "texture": "#texture" },
				"up": { "uv": [ 5, 11, 12, 12 ], "texture": "#texture" },
				"north": { "uv": [ 5, 11, 12, 12 ], "texture": "#texture" },
				"south": { "uv": [ 5, 11, 12, 12 ], "texture": "#texture" },
				"west": { "uv": [ 5, 11, 6, 12 ], "texture": "#texture" },
				"east": { "uv": [ 11, 11, 12, 12 ], "texture": "#texture" }
			}
		},
		{
			"__comment": "Box2",
			"from": [ 10, 0, 2 ],
			"to": [ 16, 1, 3 ],
			"faces": {
				"down": { "uv": [ 7, 10, 13, 11 ], "texture": "#texture" },
				"up": { "uv": [ 7, 10, 13, 11 ], "texture": "#texture" },
				"north": { "uv": [ 7, 10, 13, 11 ], "texture": "#texture" },
				"south": { "uv": [ 7, 10, 13, 11 ], "texture": "#texture" },
				"west": { "uv": [ 7, 10, 8, 11 ], "texture": "#texture" },
				"east": { "uv": [ 12, 10, 13, 11 ], "texture": "#texture" }
			}
		},
		{
			"__comment": "Box2",
			"from": [ 12, 0, 1 ],
			"to": [ 17, 1, 2 ],
			"faces": {
				"down": { "uv": [ 8, 10, 13, 11 ], "texture": "#texture" },
				"up": { "uv": [ 8, 10, 13, 11 ], "texture": "#texture" },
				"north": { "uv": [ 8, 10, 13, 11 ], "texture": "#texture" },
				"south": { "uv": [ 8, 10, 13, 11 ], "texture": "#texture" },
				"west": { "uv": [ 8, 10, 9, 11 ], "texture": "#texture" },
				"east": { "uv": [ 12, 10, 13, 11 ], "texture": "#texture" }
			}
		},
		{
			"__comment": "Box2",
			"from": [ 13, 0, 0 ],
			"to": [ 18, 1, 1 ],
			"faces": {
				"down": { "uv": [ 8, 10, 13, 11 ], "texture": "#texture" },
				"up": { "uv": [ 8, 10, 13, 11 ], "texture": "#texture" },
				"north": { "uv": [ 8, 10, 13, 11 ], "texture": "#texture" },
				"south": { "uv": [ 8, 10, 13, 11 ], "texture": "#texture" },
				"west": { "uv": [ 8, 10, 9, 11 ], "texture": "#texture" },
				"east": { "uv": [ 12, 10, 13, 11 ], "texture": "#texture" }
			}
		},
		{
			"__comment": "Box2",
			"from": [ 14, 0, -1 ],
			"to": [ 19, 1, 0 ],
			"faces": {
				"down": { "uv": [ 8, 10, 13, 11 ], "texture": "#texture" },
				"up": { "uv": [ 8, 10, 13, 11 ], "texture": "#texture" },
				"north": { "uv": [ 8, 10, 13, 11 ], "texture": "#texture" },
				"south": { "uv": [ 8, 10, 13, 11 ], "texture": "#texture" },
				"west": { "uv": [ 8, 10, 9, 11 ], "texture": "#texture" },
				"east": { "uv": [ 12, 10, 13, 11 ], "texture": "#texture" }
			}
		},
		{
			"__comment": "Box2",
			"from": [ 17, 0, -4 ],
			"to": [ 22, 1, -3 ],
			"faces": {
				"down": { "uv": [ 8, 10, 13, 11 ], "texture": "#texture" },
				"up": { "uv": [ 8, 10, 13, 11 ], "texture": "#texture" },
				"north": { "uv": [ 8, 10, 13, 11 ], "texture": "#texture" },
				"south": { "uv": [ 8, 10, 13, 11 ], "texture": "#texture" },
				"west": { "uv": [ 8, 10, 9, 11 ], "texture": "#texture" },
				"east": { "uv": [ 12, 10, 13, 11 ], "texture": "#texture" }
			}
		},
		{
			"__comment": "Box2",
			"from": [ 16, 0, -3 ],
			"to": [ 21, 1, -2 ],
			"faces": {
				"down": { "uv": [ 9, 9, 14, 10 ], "texture": "#texture" },
				"up": { "uv": [ 9, 9, 14, 10 ], "texture": "#texture" },
				"north": { "uv": [ 9, 9, 14, 10 ], "texture": "#texture" },
				"south": { "uv": [ 9, 9, 14, 10 ], "texture": "#texture" },
				"west": { "uv": [ 8, 10, 9, 11 ], "texture": "#texture" },
				"east": { "uv": [ 12, 10, 13, 11 ], "texture": "#texture" }
			}
		},
		{
			"__comment": "Box2",
			"from": [ 18, 0, -5 ],
			"to": [ 23, 1, -4 ],
			"faces": {
				"down": { "uv": [ 9, 9, 14, 10 ], "texture": "#texture" },
				"up": { "uv": [ 9, 9, 14, 10 ], "texture": "#texture" },
				"north": { "uv": [ 9, 9, 14, 10 ], "texture": "#texture" },
				"south": { "uv": [ 9, 9, 14, 10 ], "texture": "#texture" },
				"west": { "uv": [ 8, 10, 9, 11 ], "texture": "#texture" },
				"east": { "uv": [ 12, 10, 13, 11 ], "texture": "#texture" }
			}
		},
		{
			"__comment": "Box2",
			"from": [ 19, 0, -6 ],
			"to": [ 24, 1, -5 ],
			"faces": {
				"down": { "uv": [ 9, 9, 14, 10 ], "texture": "#texture" },
				"up": { "uv": [ 9, 9, 14, 10 ], "texture": "#texture" },
				"north": { "uv": [ 9, 9, 14, 10 ], "texture": "#texture" },
				"south": { "uv": [ 9, 9, 14, 10 ], "texture": "#texture" },
				"west": { "uv": [ 8, 10, 9, 11 ], "texture": "#texture" },
				"east": { "uv": [ 12, 10, 13, 11 ], "texture": "#texture" }
			}
		},
		{
			"__comment": "Box2",
			"from": [ 20, 0, -7 ],
			"to": [ 24, 1, -6 ],
			"faces": {
				"down": { "uv": [ 12, 6, 16, 7 ], "texture": "#texture" },
				"up": { "uv": [ 12, 6, 16, 7 ], "texture": "#texture" },
				"north": { "uv": [ 12, 6, 16, 7 ], "texture": "#texture" },
				"south": { "uv": [ 12, 6, 16, 7 ], "texture": "#texture" },
				"west": { "uv": [ 12, 6, 13, 7 ], "texture": "#texture" },
				"east": { "uv": [ 14.5, 6, 15.5, 7 ], "texture": "#texture" }
			}
		},
		{
			"__comment": "Box2",
			"from": [ 21, 0, -8 ],
			"to": [ 24, 1, -7 ],
			"faces": {
				"down": { "uv": [ 13, 5, 16, 6 ], "texture": "#texture" },
				"up": { "uv": [ 13, 5, 16, 6 ], "texture": "#texture" },
				"north": { "uv": [ 13, 5, 16, 6 ], "texture": "#texture" },
				"south": { "uv": [ 13, 5, 16, 6 ], "texture": "#texture" },
				"west": { "uv": [ 13, 5, 14, 6 ], "texture": "#texture" },
				"east": { "uv": [ 15, 5, 16, 6 ], "texture": "#texture" }
			}
		},
		{
			"__comment": "Box2",
			"from": [ 15, 0, -2 ],
			"to": [ 20, 1, -1 ],
			"faces": {
				"down": { "uv": [ 8, 10, 13, 11 ], "texture": "#texture" },
				"up": { "uv": [ 8, 10, 13, 11 ], "texture": "#texture" },
				"north": { "uv": [ 8, 10, 13, 11 ], "texture": "#texture" },
				"south": { "uv": [ 8, 10, 13, 11 ], "texture": "#texture" },
				"west": { "uv": [ 8, 10, 9, 11 ], "texture": "#texture" },
				"east": { "uv": [ 12, 10, 13, 11 ], "texture": "#texture" }
			}
		}
	],
	"display": {
		"thirdperson_righthand": {
			"rotation":  [ 60, 0, 90 ],
			"translation":  [ -7.5, 7.6521, 4 ],
			"scale":  [ 0.9, 0.9, 0.9 ]
		},
		"thirdperson_lefthand": {
			"rotation":  [ 60, 0, -90 ],
			"translation":  [ 6.1086, 7.6521, 4 ],
			"scale":  [ 0.9, 0.9, 0.9 ]
		},
		"firstperson_righthand": {
			"rotation":  [ 35, -17, 94 ],
			"translation":  [ -2.565, 10.304, -6 ]
		},
		"firstperson_lefthand": {
			"rotation":  [ 43, -8, -80 ],
			"translation":  [ 12.303, 10.434, -6 ]
		},
		"gui": {
			"rotation":  [ 0, -90, 90 ],
			"translation":  [ -1.032, -1.391, -5.5 ],
			"scale":  [ 0.55, 0.55, 0.55 ]
		},
		"head": {
			"rotation":  [ -121, -1, 88 ],
			"translation":  [ 5.3, -3.5, 0 ],
			"scale":  [ 0.2, 0.2, 0.2 ]
		},
		"ground": {
			"rotation":  [ 0, 0, 90 ],
			"translation":  [ -5.5, 6.5, -2.086 ],
			"scale":  [ 0.75, 0.75, 0.75 ]
		},
		"fixed": {
			"rotation":  [ 90, 0, 0 ],
			"translation":  [ 3, 2, 8.5 ]
		}
	}
}