{
    "parent": "builtin/generated",
    "textures": {
        "layer0": "./flute"
    },
    "display": {
        "thirdperson_righthand": {
            "rotation": [ 0, -90, 55 ],
            "translation": [ 0, 4, 0.5],
            "scale":[ 0.65, 0.65, 0.65 ]
        },
        "thirdperson_lefthand": {
            "rotation": [ 0, 90, -55 ],
            "translation": [ 0, 4.0, 0.5 ],
            "scale":[ 0.65, 0.65, 0.65]
        },
        "firstperson_righthand": {
            "rotation": [ 0, -90, 75 ],
            "translation": [ 1.13, 4, 1.13 ],
            "scale": [ 0.65, 0.65, 0.65 ]
        },
        "firstperson_lefthand": {
            "rotation": [ 0, 90, -75 ],
            "translation": [ 1.13, 4, 1.13],
            "scale": [ 0.65, 0.65, 0.65 ]
        },
        "ground": {
            "rotation": [ 0, 0, 0 ],
            "translation": [ 0, 0, 0 ],
            "scale": [ 0.65, 0.65, 0.65 ]
        },
        "fixed": {
            "rotation": [ 0, 0, 0 ],
            "translation": [ 0, 0, 0 ],
            "scale": [ 1, 1, 1 ]
        },
        "gui": {
            "rotation": [ 0, 0, 0 ],
            "translation": [ 0, 0, 0 ],
            "scale": [ 1, 1, 1 ]
        }
    }
}
