{
	"parent": "assets/minecraft/optifine/models/sphere",
	"textures": {
		"texture": "./braise"
	},
	"display": {
		"thirdperson_righthand": {
			"scale":  [ 0.04333, 0.04333, 0.04333 ]
		},
		"thirdperson_lefthand": {
			"scale":  [ 0.04333, 0.04333, 0.04333 ]
		},
		"firstperson_righthand": {
			"translation":  [ 0, 1.3913, 0 ],
			"scale":  [ 0.033, 0.033, 0.033 ]
		},
		"firstperson_lefthand": {
			"translation":  [ 0, 1.3913, 0 ],
			"scale":  [ 0.033, 0.033, 0.033 ]
		},
		"gui": {
			"scale":  [ 0.1666, 0.1666, 0.1666 ]
		},
		"head": {
			"translation":  [ 0, -22.7, 0 ],
			"scale":  [ 1, 1, 1 ]
		},
		"ground": {
			"translation":  [ 0, 1.3913, 0 ],
			"scale":  [ 0.08333, 0.08333, 0.08333 ]
		},
		"fixed": {
			"scale":  [ 0.08333, 0.08333, 0.08333 ]
		}
	}
}