{
	"__comment": "Designed by Inposa with Cubik Studio - https://cubik.studio",
	"textures": {
		"pipe": "./pipe"
	},
	"elements": [
		{
			"__comment": "Cube1",
			"from": [ 1, 8, 3 ],
			"to": [ 3, 9, 6 ],
			"faces": {
				"down": { "uv": [ 1, 6, 3, 3 ], "texture": "#pipe" },
				"up": { "uv": [ 1, 3, 3, 6 ], "texture": "#pipe" },
				"north": { "uv": [ 3, 3, 1, 4 ], "texture": "#pipe" },
				"south": { "uv": [ 1, 5, 3, 6 ], "texture": "#pipe" },
				"west": { "uv": [ 1, 3, 2, 6 ], "texture": "#pipe", "rotation": 270 },
				"east": { "uv": [ 3, 6, 2, 3 ], "texture": "#pipe", "rotation": 270 }
			}
		},
		{
			"__comment": "Cube2",
			"from": [ 2, 8, 6 ],
			"to": [ 6, 9, 7 ],
			"faces": {
				"down": { "uv": [ 2, 7, 6, 6 ], "texture": "#pipe" },
				"up": { "uv": [ 2, 6, 6, 7 ], "texture": "#pipe" },
				"north": { "uv": [ 6, 6, 2, 7 ], "texture": "#pipe" },
				"south": { "uv": [ 2, 6, 6, 7 ], "texture": "#pipe" },
				"west": { "uv": [ 2, 6, 3, 7 ], "texture": "#pipe", "rotation": 270 },
				"east": { "uv": [ 6, 7, 5, 6 ], "texture": "#pipe", "rotation": 270 }
			}
		},
		{
			"__comment": "Cube3",
			"from": [ 3, 8, 4 ],
			"to": [ 4, 9, 8 ],
			"faces": {
				"down": { "uv": [ 3, 8, 4, 4 ], "texture": "#pipe" },
				"up": { "uv": [ 3, 4, 4, 8 ], "texture": "#pipe" },
				"north": { "uv": [ 4, 4, 3, 5 ], "texture": "#pipe" },
				"south": { "uv": [ 3, 7, 4, 8 ], "texture": "#pipe" },
				"west": { "uv": [ 3, 4, 4, 8 ], "texture": "#pipe", "rotation": 270 },
				"east": { "uv": [ 4, 8, 3, 4 ], "texture": "#pipe", "rotation": 270 }
			}
		},
		{
			"__comment": "Cube4",
			"from": [ 4, 8, 5 ],
			"to": [ 5, 9, 9 ],
			"faces": {
				"down": { "uv": [ 4, 9, 5, 5 ], "texture": "#pipe" },
				"up": { "uv": [ 4, 5, 5, 9 ], "texture": "#pipe" },
				"north": { "uv": [ 5, 5, 4, 6 ], "texture": "#pipe" },
				"south": { "uv": [ 4, 8, 5, 9 ], "texture": "#pipe" },
				"west": { "uv": [ 4, 5, 5, 9 ], "texture": "#pipe", "rotation": 270 },
				"east": { "uv": [ 5, 9, 4, 5 ], "texture": "#pipe", "rotation": 270 }
			}
		},
		{
			"__comment": "Cube5",
			"from": [ 5, 8, 7 ],
			"to": [ 7, 9, 10 ],
			"faces": {
				"down": { "uv": [ 5, 10, 7, 7 ], "texture": "#pipe" },
				"up": { "uv": [ 5, 7, 7, 10 ], "texture": "#pipe" },
				"north": { "uv": [ 7, 7, 5, 8 ], "texture": "#pipe" },
				"south": { "uv": [ 5, 9, 7, 10 ], "texture": "#pipe" },
				"west": { "uv": [ 5, 7, 6, 10 ], "texture": "#pipe", "rotation": 270 },
				"east": { "uv": [ 7, 10, 6, 7 ], "texture": "#pipe", "rotation": 270 }
			}
		},
		{
			"__comment": "Cube6",
			"from": [ 6, 8, 10 ],
			"to": [ 7, 9, 11 ],
			"faces": {
				"down": { "uv": [ 6, 11, 7, 10 ], "texture": "#pipe" },
				"up": { "uv": [ 6, 10, 7, 11 ], "texture": "#pipe" },
				"north": { "uv": [ 7, 11, 6, 10 ], "texture": "#pipe" },
				"south": { "uv": [ 6, 10, 7, 11 ], "texture": "#pipe" },
				"west": { "uv": [ 6, 10, 7, 11 ], "texture": "#pipe", "rotation": 270 },
				"east": { "uv": [ 7, 10, 6, 11 ], "texture": "#pipe", "rotation": 90 }
			}
		},
		{
			"__comment": "Cube7",
			"from": [ 7, 8, 8 ],
			"to": [ 8, 9, 12 ],
			"faces": {
				"down": { "uv": [ 7, 12, 8, 8 ], "texture": "#pipe" },
				"up": { "uv": [ 7, 8, 8, 12 ], "texture": "#pipe" },
				"north": { "uv": [ 8, 8, 7, 9 ], "texture": "#pipe" },
				"south": { "uv": [ 7, 11, 8, 12 ], "texture": "#pipe" },
				"west": { "uv": [ 7, 8, 8, 12 ], "texture": "#pipe", "rotation": 270 },
				"east": { "uv": [ 8, 12, 7, 8 ], "texture": "#pipe", "rotation": 270 }
			}
		},
		{
			"__comment": "Cube8",
			"from": [ 8, 8, 9 ],
			"to": [ 16, 9, 12 ],
			"faces": {
				"down": { "uv": [ 8, 12, 16, 9 ], "texture": "#pipe" },
				"up": { "uv": [ 8, 9, 16, 12 ], "texture": "#pipe" },
				"north": { "uv": [ 16, 9, 8, 10 ], "texture": "#pipe" },
				"south": { "uv": [ 8, 11, 16, 12 ], "texture": "#pipe" },
				"west": { "uv": [ 8, 9, 9, 12 ], "texture": "#pipe", "rotation": 270 },
				"east": { "uv": [ 16, 12, 15, 9 ], "texture": "#pipe", "rotation": 270 }
			}
		},
		{
			"__comment": "Cube9",
			"from": [ 8, 8, 12 ],
			"to": [ 15, 9, 13 ],
			"faces": {
				"down": { "uv": [ 8, 13, 15, 12 ], "texture": "#pipe" },
				"up": { "uv": [ 8, 12, 15, 13 ], "texture": "#pipe" },
				"north": { "uv": [ 15, 12, 8, 13 ], "texture": "#pipe" },
				"south": { "uv": [ 8, 12, 15, 13 ], "texture": "#pipe" },
				"west": { "uv": [ 8, 12, 9, 13 ], "texture": "#pipe", "rotation": 270 },
				"east": { "uv": [ 15, 13, 14, 12 ], "texture": "#pipe", "rotation": 270 }
			}
		},
		{
			"__comment": "Cube10",
			"from": [ 9, 8, 13 ],
			"to": [ 14, 9, 14 ],
			"faces": {
				"down": { "uv": [ 9, 14, 14, 13 ], "texture": "#pipe" },
				"up": { "uv": [ 9, 13, 14, 14 ], "texture": "#pipe" },
				"north": { "uv": [ 14, 13, 9, 14 ], "texture": "#pipe" },
				"south": { "uv": [ 9, 13, 14, 14 ], "texture": "#pipe" },
				"west": { "uv": [ 9, 13, 10, 14 ], "texture": "#pipe", "rotation": 270 },
				"east": { "uv": [ 14, 14, 13, 13 ], "texture": "#pipe", "rotation": 270 }
			}
		},
		{
			"__comment": "Cube11",
			"from": [ 10, 8, 8 ],
			"to": [ 15, 9, 9 ],
			"faces": {
				"down": { "uv": [ 10, 9, 15, 8 ], "texture": "#pipe" },
				"up": { "uv": [ 10, 8, 15, 9 ], "texture": "#pipe" },
				"north": { "uv": [ 15, 8, 10, 9 ], "texture": "#pipe" },
				"south": { "uv": [ 10, 8, 15, 9 ], "texture": "#pipe" },
				"west": { "uv": [ 10, 8, 11, 9 ], "texture": "#pipe", "rotation": 270 },
				"east": { "uv": [ 15, 9, 14, 8 ], "texture": "#pipe", "rotation": 270 }
			}
		},
		{
			"__comment": "Cube12",
			"from": [ 10, 8, 14 ],
			"to": [ 13, 9, 15 ],
			"faces": {
				"down": { "uv": [ 10, 15, 13, 14 ], "texture": "#pipe" },
				"up": { "uv": [ 10, 14, 13, 15 ], "texture": "#pipe" },
				"north": { "uv": [ 13, 14, 10, 15 ], "texture": "#pipe" },
				"south": { "uv": [ 10, 14, 13, 15 ], "texture": "#pipe" },
				"west": { "uv": [ 10, 14, 11, 15 ], "texture": "#pipe", "rotation": 270 },
				"east": { "uv": [ 13, 15, 12, 14 ], "texture": "#pipe", "rotation": 270 }
			}
		},
		{
			"__comment": "Cube13",
			"from": [ 11, 8, 7 ],
			"to": [ 14, 9, 8 ],
			"faces": {
				"down": { "uv": [ 11, 8, 14, 7 ], "texture": "#pipe" },
				"up": { "uv": [ 11, 7, 14, 8 ], "texture": "#pipe" },
				"north": { "uv": [ 14, 7, 11, 8 ], "texture": "#pipe" },
				"south": { "uv": [ 11, 7, 14, 8 ], "texture": "#pipe" },
				"west": { "uv": [ 11, 7, 12, 8 ], "texture": "#pipe", "rotation": 270 },
				"east": { "uv": [ 14, 8, 13, 7 ], "texture": "#pipe", "rotation": 270 }
			}
		}
	],
	"display": {
		"thirdperson_righthand": {
			"rotation":  [ -152, 0, -90 ],
			"translation":  [ 0, 3.4782, 1.3913 ],
			"scale":  [ 0.5, 0.5, 0.5 ]
		},
		"thirdperson_lefthand": {
			"rotation":  [ -152, 0, 90 ],
			"translation":  [ 0, 3.4782, 1.3913 ],
			"scale":  [ 0.5, 0.5, 0.5 ]
		},
		"firstperson_righthand": {
			"rotation":  [ 80, 0, 90 ],
			"translation":  [ 0.6956, 2.7826, -2.086 ],
			"scale":  [ 0.9, 0.9, 0.9 ]
		},
		"firstperson_lefthand": {
			"rotation":  [ 80, 0, 90 ],
			"translation":  [ 0.6956, 2.7826, -2.086 ],
			"scale":  [ 0.9, 0.9, 0.9 ]
		},
		"gui": {
			"rotation":  [ 90, 0, 0 ],
			"translation":  [ -0.5, 0, 0 ],
			"scale":  [ 0.8, 0.8, 0.8 ]
		},
		"fixed": {
			"rotation":  [ 90, 0, 180 ],
			"translation":  [ 0, 0, 0.7 ],
			"scale":  [ 0.8, 0.8, 0.8 ]
		}
	}
}