{
	"__comment": "Model generated by Tanou using MrCrayfish's Model Creator (http://mrcrayfish.com/modelcreator/) & modified by Inposa",
	"textures": {
		"0": "./claymore_adamantine"
	},
	"elements": [
		{
			"from": [ -1, 0, 20 ],
			"to": [ 0, 1, 21 ],
			"faces": {
				"down": { "uv": [ 0, 14, 1, 15 ], "texture": "#0" },
				"up": { "uv": [ 0, 14, 1, 15 ], "texture": "#0" },
				"north": { "uv": [ 0, 14, 1, 15 ], "texture": "#0" },
				"south": { "uv": [ 0, 14, 1, 15 ], "texture": "#0" },
				"west": { "uv": [ 0, 14, 1, 15 ], "texture": "#0" },
				"east": { "uv": [ 0, 14, 1, 15 ], "texture": "#0" }
			}
		},
		{
			"from": [ 0, 0, 20 ],
			"to": [ 1, 1, 21 ],
			"faces": {
				"down": { "uv": [ 0, 14, 1, 15 ], "texture": "#0" },
				"up": { "uv": [ 0, 14, 1, 15 ], "texture": "#0" },
				"north": { "uv": [ 0, 14, 1, 15 ], "texture": "#0" },
				"south": { "uv": [ 0, 14, 1, 15 ], "texture": "#0" },
				"west": { "uv": [ 0, 14, 1, 15 ], "texture": "#0" },
				"east": { "uv": [ 0, 14, 1, 15 ], "texture": "#0" }
			}
		},
		{
			"from": [ -2, 0, 19 ],
			"to": [ -1, 1, 20 ],
			"faces": {
				"down": { "uv": [ 0, 14, 1, 15 ], "texture": "#0" },
				"up": { "uv": [ 0, 14, 1, 15 ], "texture": "#0" },
				"north": { "uv": [ 0, 14, 1, 15 ], "texture": "#0" },
				"south": { "uv": [ 0, 14, 1, 15 ], "texture": "#0" },
				"west": { "uv": [ 0, 14, 1, 15 ], "texture": "#0" },
				"east": { "uv": [ 0, 14, 1, 15 ], "texture": "#0" }
			}
		},
		{
			"from": [ -2, 0, 18 ],
			"to": [ -1, 1, 19 ],
			"faces": {
				"down": { "uv": [ 0, 14, 1, 15 ], "texture": "#0" },
				"up": { "uv": [ 0, 14, 1, 15 ], "texture": "#0" },
				"north": { "uv": [ 0, 14, 1, 15 ], "texture": "#0" },
				"south": { "uv": [ 0, 14, 1, 15 ], "texture": "#0" },
				"west": { "uv": [ 0, 14, 1, 15 ], "texture": "#0" },
				"east": { "uv": [ 0, 14, 1, 15 ], "texture": "#0" }
			}
		},
		{
			"from": [ -1, 0, 19 ],
			"to": [ 0, 1, 20 ],
			"faces": {
				"down": { "uv": [ 1, 14, 2, 15 ], "texture": "#0" },
				"up": { "uv": [ 1, 14, 2, 15 ], "texture": "#0" },
				"north": { "uv": [ 1, 14, 2, 15 ], "texture": "#0" },
				"south": { "uv": [ 1, 14, 2, 15 ], "texture": "#0" },
				"west": { "uv": [ 1, 14, 2, 15 ], "texture": "#0" },
				"east": { "uv": [ 1, 14, 2, 15 ], "texture": "#0" }
			}
		},
		{
			"from": [ -1, 0, 18 ],
			"to": [ 0, 1, 19 ],
			"faces": {
				"down": { "uv": [ 1, 13, 2, 14 ], "texture": "#0" },
				"up": { "uv": [ 1, 13, 2, 14 ], "texture": "#0" },
				"north": { "uv": [ 1, 13, 2, 14 ], "texture": "#0" },
				"south": { "uv": [ 1, 13, 2, 14 ], "texture": "#0" },
				"west": { "uv": [ 1, 13, 2, 14 ], "texture": "#0" },
				"east": { "uv": [ 1, 13, 2, 14 ], "texture": "#0" }
			}
		},
		{
			"from": [ 1, 0, 16 ],
			"to": [ 2, 1, 17 ],
			"faces": {
				"down": { "uv": [ 1, 13, 2, 14 ], "texture": "#0" },
				"up": { "uv": [ 1, 13, 2, 14 ], "texture": "#0" },
				"north": { "uv": [ 1, 13, 2, 14 ], "texture": "#0" },
				"south": { "uv": [ 1, 13, 2, 14 ], "texture": "#0" },
				"west": { "uv": [ 1, 13, 2, 14 ], "texture": "#0" },
				"east": { "uv": [ 1, 13, 2, 14 ], "texture": "#0" }
			}
		},
		{
			"from": [ 2, 0, 15 ],
			"to": [ 3, 1, 16 ],
			"faces": {
				"down": { "uv": [ 1, 13, 2, 14 ], "texture": "#0" },
				"up": { "uv": [ 1, 13, 2, 14 ], "texture": "#0" },
				"north": { "uv": [ 1, 13, 2, 14 ], "texture": "#0" },
				"south": { "uv": [ 1, 13, 2, 14 ], "texture": "#0" },
				"west": { "uv": [ 1, 13, 2, 14 ], "texture": "#0" },
				"east": { "uv": [ 1, 13, 2, 14 ], "texture": "#0" }
			}
		},
		{
			"from": [ 4, 0, 13 ],
			"to": [ 5, 1, 14 ],
			"faces": {
				"down": { "uv": [ 1, 13, 2, 14 ], "texture": "#0" },
				"up": { "uv": [ 1, 13, 2, 14 ], "texture": "#0" },
				"north": { "uv": [ 1, 13, 2, 14 ], "texture": "#0" },
				"south": { "uv": [ 1, 13, 2, 14 ], "texture": "#0" },
				"west": { "uv": [ 1, 13, 2, 14 ], "texture": "#0" },
				"east": { "uv": [ 1, 13, 2, 14 ], "texture": "#0" }
			}
		},
		{
			"from": [ 4, 0, 12 ],
			"to": [ 5, 1, 13 ],
			"faces": {
				"down": { "uv": [ 1, 13, 2, 14 ], "texture": "#0" },
				"up": { "uv": [ 1, 13, 2, 14 ], "texture": "#0" },
				"north": { "uv": [ 1, 13, 2, 14 ], "texture": "#0" },
				"south": { "uv": [ 1, 13, 2, 14 ], "texture": "#0" },
				"west": { "uv": [ 1, 13, 2, 14 ], "texture": "#0" },
				"east": { "uv": [ 1, 13, 2, 14 ], "texture": "#0" }
			}
		},
		{
			"from": [ 5, 0, 14 ],
			"to": [ 6, 1, 15 ],
			"faces": {
				"down": { "uv": [ 3, 13, 4, 14 ], "texture": "#0" },
				"up": { "uv": [ 3, 13, 4, 14 ], "texture": "#0" },
				"north": { "uv": [ 3, 13, 4, 14 ], "texture": "#0" },
				"south": { "uv": [ 3, 13, 4, 14 ], "texture": "#0" },
				"west": { "uv": [ 3, 13, 4, 14 ], "texture": "#0" },
				"east": { "uv": [ 3, 13, 4, 14 ], "texture": "#0" }
			}
		},
		{
			"from": [ 4, 0, 15 ],
			"to": [ 5, 1, 16 ],
			"faces": {
				"down": { "uv": [ 3, 13, 4, 14 ], "texture": "#0" },
				"up": { "uv": [ 3, 13, 4, 14 ], "texture": "#0" },
				"north": { "uv": [ 3, 13, 4, 14 ], "texture": "#0" },
				"south": { "uv": [ 3, 13, 4, 14 ], "texture": "#0" },
				"west": { "uv": [ 3, 13, 4, 14 ], "texture": "#0" },
				"east": { "uv": [ 3, 13, 4, 14 ], "texture": "#0" }
			}
		},
		{
			"from": [ 2, 0, 17 ],
			"to": [ 3, 1, 18 ],
			"faces": {
				"down": { "uv": [ 3, 13, 4, 14 ], "texture": "#0" },
				"up": { "uv": [ 3, 13, 4, 14 ], "texture": "#0" },
				"north": { "uv": [ 3, 13, 4, 14 ], "texture": "#0" },
				"south": { "uv": [ 3, 13, 4, 14 ], "texture": "#0" },
				"west": { "uv": [ 3, 13, 4, 14 ], "texture": "#0" },
				"east": { "uv": [ 3, 13, 4, 14 ], "texture": "#0" }
			}
		},
		{
			"from": [ 1, 0, 18 ],
			"to": [ 2, 1, 19 ],
			"faces": {
				"down": { "uv": [ 3, 13, 4, 14 ], "texture": "#0" },
				"up": { "uv": [ 3, 13, 4, 14 ], "texture": "#0" },
				"north": { "uv": [ 3, 13, 4, 14 ], "texture": "#0" },
				"south": { "uv": [ 3, 13, 4, 14 ], "texture": "#0" },
				"west": { "uv": [ 3, 13, 4, 14 ], "texture": "#0" },
				"east": { "uv": [ 3, 13, 4, 14 ], "texture": "#0" }
			}
		},
		{
			"from": [ 0, 0, 19 ],
			"to": [ 1, 1, 20 ],
			"faces": {
				"down": { "uv": [ 3, 13, 4, 14 ], "texture": "#0" },
				"up": { "uv": [ 3, 13, 4, 14 ], "texture": "#0" },
				"north": { "uv": [ 3, 13, 4, 14 ], "texture": "#0" },
				"south": { "uv": [ 3, 13, 4, 14 ], "texture": "#0" },
				"west": { "uv": [ 3, 13, 4, 14 ], "texture": "#0" },
				"east": { "uv": [ 3, 13, 4, 14 ], "texture": "#0" }
			}
		},
		{
			"from": [ 0, 0, 18 ],
			"to": [ 1, 1, 19 ],
			"faces": {
				"down": { "uv": [ 2, 13, 3, 14 ], "texture": "#0" },
				"up": { "uv": [ 2, 13, 3, 14 ], "texture": "#0" },
				"north": { "uv": [ 2, 13, 3, 14 ], "texture": "#0" },
				"south": { "uv": [ 2, 13, 3, 14 ], "texture": "#0" },
				"west": { "uv": [ 2, 13, 3, 14 ], "texture": "#0" },
				"east": { "uv": [ 2, 13, 3, 14 ], "texture": "#0" }
			}
		},
		{
			"from": [ 5, 0, 13 ],
			"to": [ 6, 1, 14 ],
			"faces": {
				"down": { "uv": [ 2, 13, 3, 14 ], "texture": "#0" },
				"up": { "uv": [ 2, 13, 3, 14 ], "texture": "#0" },
				"north": { "uv": [ 2, 13, 3, 14 ], "texture": "#0" },
				"south": { "uv": [ 2, 13, 3, 14 ], "texture": "#0" },
				"west": { "uv": [ 2, 13, 3, 14 ], "texture": "#0" },
				"east": { "uv": [ 2, 13, 3, 14 ], "texture": "#0" }
			}
		},
		{
			"from": [ 4, 0, 14 ],
			"to": [ 5, 1, 15 ],
			"faces": {
				"down": { "uv": [ 2, 13, 3, 14 ], "texture": "#0" },
				"up": { "uv": [ 2, 13, 3, 14 ], "texture": "#0" },
				"north": { "uv": [ 2, 13, 3, 14 ], "texture": "#0" },
				"south": { "uv": [ 2, 13, 3, 14 ], "texture": "#0" },
				"west": { "uv": [ 2, 13, 3, 14 ], "texture": "#0" },
				"east": { "uv": [ 2, 13, 3, 14 ], "texture": "#0" }
			}
		},
		{
			"from": [ 2, 0, 16 ],
			"to": [ 3, 1, 17 ],
			"faces": {
				"down": { "uv": [ 3, 12, 4, 13 ], "texture": "#0" },
				"up": { "uv": [ 3, 12, 4, 13 ], "texture": "#0" },
				"north": { "uv": [ 3, 12, 4, 13 ], "texture": "#0" },
				"south": { "uv": [ 3, 12, 4, 13 ], "texture": "#0" },
				"west": { "uv": [ 3, 12, 4, 13 ], "texture": "#0" },
				"east": { "uv": [ 3, 12, 4, 13 ], "texture": "#0" }
			}
		},
		{
			"from": [ 1, 0, 17 ],
			"to": [ 2, 1, 18 ],
			"faces": {
				"down": { "uv": [ 3, 12, 4, 13 ], "texture": "#0" },
				"up": { "uv": [ 3, 12, 4, 13 ], "texture": "#0" },
				"north": { "uv": [ 3, 12, 4, 13 ], "texture": "#0" },
				"south": { "uv": [ 3, 12, 4, 13 ], "texture": "#0" },
				"west": { "uv": [ 3, 12, 4, 13 ], "texture": "#0" },
				"east": { "uv": [ 3, 12, 4, 13 ], "texture": "#0" }
			}
		},
		{
			"from": [ 0, 0, 17 ],
			"to": [ 1, 1, 18 ],
			"faces": {
				"down": { "uv": [ 1, 13, 2, 14 ], "texture": "#0" },
				"up": { "uv": [ 1, 13, 2, 14 ], "texture": "#0" },
				"north": { "uv": [ 1, 13, 2, 14 ], "texture": "#0" },
				"south": { "uv": [ 1, 13, 2, 14 ], "texture": "#0" },
				"west": { "uv": [ 1, 13, 2, 14 ], "texture": "#0" },
				"east": { "uv": [ 1, 13, 2, 14 ], "texture": "#0" }
			}
		},
		{
			"from": [ 6, 0, 14 ],
			"to": [ 7, 1, 15 ],
			"faces": {
				"down": { "uv": [ 6, 11, 7, 12 ], "texture": "#0" },
				"up": { "uv": [ 6, 11, 7, 12 ], "texture": "#0" },
				"north": { "uv": [ 6, 11, 7, 12 ], "texture": "#0" },
				"south": { "uv": [ 6, 11, 7, 12 ], "texture": "#0" },
				"west": { "uv": [ 6, 11, 7, 12 ], "texture": "#0" },
				"east": { "uv": [ 6, 11, 7, 12 ], "texture": "#0" }
			}
		},
		{
			"from": [ 7, 0, 14 ],
			"to": [ 8, 1, 15 ],
			"faces": {
				"down": { "uv": [ 7, 11, 8, 12 ], "texture": "#0" },
				"up": { "uv": [ 7, 11, 8, 12 ], "texture": "#0" },
				"north": { "uv": [ 7, 11, 8, 12 ], "texture": "#0" },
				"south": { "uv": [ 7, 11, 8, 12 ], "texture": "#0" },
				"west": { "uv": [ 7, 11, 8, 12 ], "texture": "#0" },
				"east": { "uv": [ 7, 11, 8, 12 ], "texture": "#0" }
			}
		},
		{
			"from": [ 8, 0, 14 ],
			"to": [ 9, 1, 15 ],
			"faces": {
				"down": { "uv": [ 7, 11, 8, 12 ], "texture": "#0" },
				"up": { "uv": [ 7, 11, 8, 12 ], "texture": "#0" },
				"north": { "uv": [ 7, 11, 8, 12 ], "texture": "#0" },
				"south": { "uv": [ 7, 11, 8, 12 ], "texture": "#0" },
				"west": { "uv": [ 7, 11, 8, 12 ], "texture": "#0" },
				"east": { "uv": [ 7, 11, 8, 12 ], "texture": "#0" }
			}
		},
		{
			"from": [ 9, 0, 14 ],
			"to": [ 10, 1, 15 ],
			"faces": {
				"down": { "uv": [ 7, 11, 8, 12 ], "texture": "#0" },
				"up": { "uv": [ 7, 11, 8, 12 ], "texture": "#0" },
				"north": { "uv": [ 7, 11, 8, 12 ], "texture": "#0" },
				"south": { "uv": [ 7, 11, 8, 12 ], "texture": "#0" },
				"west": { "uv": [ 7, 11, 8, 12 ], "texture": "#0" },
				"east": { "uv": [ 7, 11, 8, 12 ], "texture": "#0" }
			}
		},
		{
			"from": [ 10, 0, 14 ],
			"to": [ 11, 1, 15 ],
			"faces": {
				"down": { "uv": [ 7, 11, 8, 12 ], "texture": "#0" },
				"up": { "uv": [ 7, 11, 8, 12 ], "texture": "#0" },
				"north": { "uv": [ 7, 11, 8, 12 ], "texture": "#0" },
				"south": { "uv": [ 7, 11, 8, 12 ], "texture": "#0" },
				"west": { "uv": [ 7, 11, 8, 12 ], "texture": "#0" },
				"east": { "uv": [ 7, 11, 8, 12 ], "texture": "#0" }
			}
		},
		{
			"from": [ 11, 0, 13 ],
			"to": [ 12, 1, 14 ],
			"faces": {
				"down": { "uv": [ 7, 11, 8, 12 ], "texture": "#0" },
				"up": { "uv": [ 7, 11, 8, 12 ], "texture": "#0" },
				"north": { "uv": [ 7, 11, 8, 12 ], "texture": "#0" },
				"south": { "uv": [ 7, 11, 8, 12 ], "texture": "#0" },
				"west": { "uv": [ 7, 11, 8, 12 ], "texture": "#0" },
				"east": { "uv": [ 7, 11, 8, 12 ], "texture": "#0" }
			}
		},
		{
			"from": [ 10, 0, 12 ],
			"to": [ 11, 1, 13 ],
			"faces": {
				"down": { "uv": [ 7, 11, 8, 12 ], "texture": "#0" },
				"up": { "uv": [ 7, 11, 8, 12 ], "texture": "#0" },
				"north": { "uv": [ 7, 11, 8, 12 ], "texture": "#0" },
				"south": { "uv": [ 7, 11, 8, 12 ], "texture": "#0" },
				"west": { "uv": [ 7, 11, 8, 12 ], "texture": "#0" },
				"east": { "uv": [ 7, 11, 8, 12 ], "texture": "#0" }
			}
		},
		{
			"from": [ 9, 0, 12 ],
			"to": [ 10, 1, 13 ],
			"faces": {
				"down": { "uv": [ 7, 11, 8, 12 ], "texture": "#0" },
				"up": { "uv": [ 7, 11, 8, 12 ], "texture": "#0" },
				"north": { "uv": [ 7, 11, 8, 12 ], "texture": "#0" },
				"south": { "uv": [ 7, 11, 8, 12 ], "texture": "#0" },
				"west": { "uv": [ 7, 11, 8, 12 ], "texture": "#0" },
				"east": { "uv": [ 7, 11, 8, 12 ], "texture": "#0" }
			}
		},
		{
			"from": [ 8, 0, 12 ],
			"to": [ 9, 1, 13 ],
			"faces": {
				"down": { "uv": [ 7, 11, 8, 12 ], "texture": "#0" },
				"up": { "uv": [ 7, 11, 8, 12 ], "texture": "#0" },
				"north": { "uv": [ 7, 11, 8, 12 ], "texture": "#0" },
				"south": { "uv": [ 7, 11, 8, 12 ], "texture": "#0" },
				"west": { "uv": [ 7, 11, 8, 12 ], "texture": "#0" },
				"east": { "uv": [ 7, 11, 8, 12 ], "texture": "#0" }
			}
		},
		{
			"from": [ 7, 0, 11 ],
			"to": [ 8, 1, 12 ],
			"faces": {
				"down": { "uv": [ 7, 11, 8, 12 ], "texture": "#0" },
				"up": { "uv": [ 7, 11, 8, 12 ], "texture": "#0" },
				"north": { "uv": [ 7, 11, 8, 12 ], "texture": "#0" },
				"south": { "uv": [ 7, 11, 8, 12 ], "texture": "#0" },
				"west": { "uv": [ 7, 11, 8, 12 ], "texture": "#0" },
				"east": { "uv": [ 7, 11, 8, 12 ], "texture": "#0" }
			}
		},
		{
			"from": [ 6, 0, 10 ],
			"to": [ 7, 1, 11 ],
			"faces": {
				"down": { "uv": [ 7, 11, 8, 12 ], "texture": "#0" },
				"up": { "uv": [ 7, 11, 8, 12 ], "texture": "#0" },
				"north": { "uv": [ 7, 11, 8, 12 ], "texture": "#0" },
				"south": { "uv": [ 7, 11, 8, 12 ], "texture": "#0" },
				"west": { "uv": [ 7, 11, 8, 12 ], "texture": "#0" },
				"east": { "uv": [ 7, 11, 8, 12 ], "texture": "#0" }
			}
		},
		{
			"from": [ 6, 0, 9 ],
			"to": [ 7, 1, 10 ],
			"faces": {
				"down": { "uv": [ 7, 11, 8, 12 ], "texture": "#0" },
				"up": { "uv": [ 7, 11, 8, 12 ], "texture": "#0" },
				"north": { "uv": [ 7, 11, 8, 12 ], "texture": "#0" },
				"south": { "uv": [ 7, 11, 8, 12 ], "texture": "#0" },
				"west": { "uv": [ 7, 11, 8, 12 ], "texture": "#0" },
				"east": { "uv": [ 7, 11, 8, 12 ], "texture": "#0" }
			}
		},
		{
			"from": [ 6, 0, 8 ],
			"to": [ 7, 1, 9 ],
			"faces": {
				"down": { "uv": [ 7, 11, 8, 12 ], "texture": "#0" },
				"up": { "uv": [ 7, 11, 8, 12 ], "texture": "#0" },
				"north": { "uv": [ 7, 11, 8, 12 ], "texture": "#0" },
				"south": { "uv": [ 7, 11, 8, 12 ], "texture": "#0" },
				"west": { "uv": [ 7, 11, 8, 12 ], "texture": "#0" },
				"east": { "uv": [ 7, 11, 8, 12 ], "texture": "#0" }
			}
		},
		{
			"from": [ 5, 0, 7 ],
			"to": [ 6, 1, 8 ],
			"faces": {
				"down": { "uv": [ 7, 11, 8, 12 ], "texture": "#0" },
				"up": { "uv": [ 7, 11, 8, 12 ], "texture": "#0" },
				"north": { "uv": [ 7, 11, 8, 12 ], "texture": "#0" },
				"south": { "uv": [ 7, 11, 8, 12 ], "texture": "#0" },
				"west": { "uv": [ 7, 11, 8, 12 ], "texture": "#0" },
				"east": { "uv": [ 7, 11, 8, 12 ], "texture": "#0" }
			}
		},
		{
			"from": [ 4, 0, 8 ],
			"to": [ 5, 1, 9 ],
			"faces": {
				"down": { "uv": [ 7, 11, 8, 12 ], "texture": "#0" },
				"up": { "uv": [ 7, 11, 8, 12 ], "texture": "#0" },
				"north": { "uv": [ 7, 11, 8, 12 ], "texture": "#0" },
				"south": { "uv": [ 7, 11, 8, 12 ], "texture": "#0" },
				"west": { "uv": [ 7, 11, 8, 12 ], "texture": "#0" },
				"east": { "uv": [ 7, 11, 8, 12 ], "texture": "#0" }
			}
		},
		{
			"from": [ 4, 0, 9 ],
			"to": [ 5, 1, 10 ],
			"faces": {
				"down": { "uv": [ 7, 11, 8, 12 ], "texture": "#0" },
				"up": { "uv": [ 7, 11, 8, 12 ], "texture": "#0" },
				"north": { "uv": [ 7, 11, 8, 12 ], "texture": "#0" },
				"south": { "uv": [ 7, 11, 8, 12 ], "texture": "#0" },
				"west": { "uv": [ 7, 11, 8, 12 ], "texture": "#0" },
				"east": { "uv": [ 7, 11, 8, 12 ], "texture": "#0" }
			}
		},
		{
			"from": [ 4, 0, 10 ],
			"to": [ 5, 1, 11 ],
			"faces": {
				"down": { "uv": [ 7, 11, 8, 12 ], "texture": "#0" },
				"up": { "uv": [ 7, 11, 8, 12 ], "texture": "#0" },
				"north": { "uv": [ 7, 11, 8, 12 ], "texture": "#0" },
				"south": { "uv": [ 7, 11, 8, 12 ], "texture": "#0" },
				"west": { "uv": [ 7, 11, 8, 12 ], "texture": "#0" },
				"east": { "uv": [ 7, 11, 8, 12 ], "texture": "#0" }
			}
		},
		{
			"from": [ 4, 0, 11 ],
			"to": [ 5, 1, 12 ],
			"faces": {
				"down": { "uv": [ 7, 11, 8, 12 ], "texture": "#0" },
				"up": { "uv": [ 7, 11, 8, 12 ], "texture": "#0" },
				"north": { "uv": [ 7, 11, 8, 12 ], "texture": "#0" },
				"south": { "uv": [ 7, 11, 8, 12 ], "texture": "#0" },
				"west": { "uv": [ 7, 11, 8, 12 ], "texture": "#0" },
				"east": { "uv": [ 7, 11, 8, 12 ], "texture": "#0" }
			}
		},
		{
			"from": [ 5, 0, 10 ],
			"to": [ 6, 1, 11 ],
			"faces": {
				"down": { "uv": [ 7, 10, 8, 11 ], "texture": "#0" },
				"up": { "uv": [ 7, 10, 8, 11 ], "texture": "#0" },
				"north": { "uv": [ 7, 10, 8, 11 ], "texture": "#0" },
				"south": { "uv": [ 7, 10, 8, 11 ], "texture": "#0" },
				"west": { "uv": [ 7, 10, 8, 11 ], "texture": "#0" },
				"east": { "uv": [ 7, 10, 8, 11 ], "texture": "#0" }
			}
		},
		{
			"from": [ 5, 0, 11 ],
			"to": [ 6, 1, 12 ],
			"faces": {
				"down": { "uv": [ 7, 10, 8, 11 ], "texture": "#0" },
				"up": { "uv": [ 7, 10, 8, 11 ], "texture": "#0" },
				"north": { "uv": [ 7, 10, 8, 11 ], "texture": "#0" },
				"south": { "uv": [ 7, 10, 8, 11 ], "texture": "#0" },
				"west": { "uv": [ 7, 10, 8, 11 ], "texture": "#0" },
				"east": { "uv": [ 7, 10, 8, 11 ], "texture": "#0" }
			}
		},
		{
			"from": [ 5, 0, 12 ],
			"to": [ 6, 1, 13 ],
			"faces": {
				"down": { "uv": [ 7, 10, 8, 11 ], "texture": "#0" },
				"up": { "uv": [ 7, 10, 8, 11 ], "texture": "#0" },
				"north": { "uv": [ 7, 10, 8, 11 ], "texture": "#0" },
				"south": { "uv": [ 7, 10, 8, 11 ], "texture": "#0" },
				"west": { "uv": [ 7, 10, 8, 11 ], "texture": "#0" },
				"east": { "uv": [ 7, 10, 8, 11 ], "texture": "#0" }
			}
		},
		{
			"from": [ 6, 0, 12 ],
			"to": [ 7, 1, 13 ],
			"faces": {
				"down": { "uv": [ 7, 10, 8, 11 ], "texture": "#0" },
				"up": { "uv": [ 7, 10, 8, 11 ], "texture": "#0" },
				"north": { "uv": [ 7, 10, 8, 11 ], "texture": "#0" },
				"south": { "uv": [ 7, 10, 8, 11 ], "texture": "#0" },
				"west": { "uv": [ 7, 10, 8, 11 ], "texture": "#0" },
				"east": { "uv": [ 7, 10, 8, 11 ], "texture": "#0" }
			}
		},
		{
			"from": [ 6, 0, 11 ],
			"to": [ 7, 1, 12 ],
			"faces": {
				"down": { "uv": [ 7, 10, 8, 11 ], "texture": "#0" },
				"up": { "uv": [ 7, 10, 8, 11 ], "texture": "#0" },
				"north": { "uv": [ 7, 10, 8, 11 ], "texture": "#0" },
				"south": { "uv": [ 7, 10, 8, 11 ], "texture": "#0" },
				"west": { "uv": [ 7, 10, 8, 11 ], "texture": "#0" },
				"east": { "uv": [ 7, 10, 8, 11 ], "texture": "#0" }
			}
		},
		{
			"from": [ 6, 0, 13 ],
			"to": [ 7, 1, 14 ],
			"faces": {
				"down": { "uv": [ 7, 10, 8, 11 ], "texture": "#0" },
				"up": { "uv": [ 7, 10, 8, 11 ], "texture": "#0" },
				"north": { "uv": [ 7, 10, 8, 11 ], "texture": "#0" },
				"south": { "uv": [ 7, 10, 8, 11 ], "texture": "#0" },
				"west": { "uv": [ 7, 10, 8, 11 ], "texture": "#0" },
				"east": { "uv": [ 7, 10, 8, 11 ], "texture": "#0" }
			}
		},
		{
			"from": [ 7, 0, 13 ],
			"to": [ 8, 1, 14 ],
			"faces": {
				"down": { "uv": [ 7, 10, 8, 11 ], "texture": "#0" },
				"up": { "uv": [ 7, 10, 8, 11 ], "texture": "#0" },
				"north": { "uv": [ 7, 10, 8, 11 ], "texture": "#0" },
				"south": { "uv": [ 7, 10, 8, 11 ], "texture": "#0" },
				"west": { "uv": [ 7, 10, 8, 11 ], "texture": "#0" },
				"east": { "uv": [ 7, 10, 8, 11 ], "texture": "#0" }
			}
		},
		{
			"from": [ 7, 0, 12 ],
			"to": [ 8, 1, 13 ],
			"faces": {
				"down": { "uv": [ 7, 10, 8, 11 ], "texture": "#0" },
				"up": { "uv": [ 7, 10, 8, 11 ], "texture": "#0" },
				"north": { "uv": [ 7, 10, 8, 11 ], "texture": "#0" },
				"south": { "uv": [ 7, 10, 8, 11 ], "texture": "#0" },
				"west": { "uv": [ 7, 10, 8, 11 ], "texture": "#0" },
				"east": { "uv": [ 7, 10, 8, 11 ], "texture": "#0" }
			}
		},
		{
			"from": [ 8, 0, 13 ],
			"to": [ 9, 1, 14 ],
			"faces": {
				"down": { "uv": [ 7, 10, 8, 11 ], "texture": "#0" },
				"up": { "uv": [ 7, 10, 8, 11 ], "texture": "#0" },
				"north": { "uv": [ 7, 10, 8, 11 ], "texture": "#0" },
				"south": { "uv": [ 7, 10, 8, 11 ], "texture": "#0" },
				"west": { "uv": [ 7, 10, 8, 11 ], "texture": "#0" },
				"east": { "uv": [ 7, 10, 8, 11 ], "texture": "#0" }
			}
		},
		{
			"from": [ 9, 0, 13 ],
			"to": [ 10, 1, 14 ],
			"faces": {
				"down": { "uv": [ 10, 10, 11, 11 ], "texture": "#0" },
				"up": { "uv": [ 10, 10, 11, 11 ], "texture": "#0" },
				"north": { "uv": [ 10, 10, 11, 11 ], "texture": "#0" },
				"south": { "uv": [ 10, 10, 11, 11 ], "texture": "#0" },
				"west": { "uv": [ 10, 10, 11, 11 ], "texture": "#0" },
				"east": { "uv": [ 10, 10, 11, 11 ], "texture": "#0" }
			}
		},
		{
			"from": [ 10, 0, 13 ],
			"to": [ 11, 1, 14 ],
			"faces": {
				"down": { "uv": [ 10, 10, 11, 11 ], "texture": "#0" },
				"up": { "uv": [ 10, 10, 11, 11 ], "texture": "#0" },
				"north": { "uv": [ 10, 10, 11, 11 ], "texture": "#0" },
				"south": { "uv": [ 10, 10, 11, 11 ], "texture": "#0" },
				"west": { "uv": [ 10, 10, 11, 11 ], "texture": "#0" },
				"east": { "uv": [ 10, 10, 11, 11 ], "texture": "#0" }
			}
		},
		{
			"from": [ 5, 0, 9 ],
			"to": [ 6, 1, 10 ],
			"faces": {
				"down": { "uv": [ 10, 10, 11, 11 ], "texture": "#0" },
				"up": { "uv": [ 10, 10, 11, 11 ], "texture": "#0" },
				"north": { "uv": [ 10, 10, 11, 11 ], "texture": "#0" },
				"south": { "uv": [ 10, 10, 11, 11 ], "texture": "#0" },
				"west": { "uv": [ 10, 10, 11, 11 ], "texture": "#0" },
				"east": { "uv": [ 10, 10, 11, 11 ], "texture": "#0" }
			}
		},
		{
			"from": [ 5, 0, 8 ],
			"to": [ 6, 1, 9 ],
			"faces": {
				"down": { "uv": [ 10, 10, 11, 11 ], "texture": "#0" },
				"up": { "uv": [ 10, 10, 11, 11 ], "texture": "#0" },
				"north": { "uv": [ 10, 10, 11, 11 ], "texture": "#0" },
				"south": { "uv": [ 10, 10, 11, 11 ], "texture": "#0" },
				"west": { "uv": [ 10, 10, 11, 11 ], "texture": "#0" },
				"east": { "uv": [ 10, 10, 11, 11 ], "texture": "#0" }
			}
		},
		{
			"from": [ 7, 0, 10 ],
			"to": [ 8, 1, 11 ],
			"faces": {
				"down": { "uv": [ 7, 7, 8, 8 ], "texture": "#0" },
				"up": { "uv": [ 7, 7, 8, 8 ], "texture": "#0" },
				"north": { "uv": [ 7, 7, 8, 8 ], "texture": "#0" },
				"south": { "uv": [ 7, 7, 8, 8 ], "texture": "#0" },
				"west": { "uv": [ 7, 7, 8, 8 ], "texture": "#0" },
				"east": { "uv": [ 7, 7, 8, 8 ], "texture": "#0" }
			}
		},
		{
			"from": [ 8, 0, 11 ],
			"to": [ 9, 1, 12 ],
			"faces": {
				"down": { "uv": [ 7, 7, 8, 8 ], "texture": "#0" },
				"up": { "uv": [ 7, 7, 8, 8 ], "texture": "#0" },
				"north": { "uv": [ 7, 7, 8, 8 ], "texture": "#0" },
				"south": { "uv": [ 7, 7, 8, 8 ], "texture": "#0" },
				"west": { "uv": [ 7, 7, 8, 8 ], "texture": "#0" },
				"east": { "uv": [ 7, 7, 8, 8 ], "texture": "#0" }
			}
		},
		{
			"from": [ 9, 0, 11 ],
			"to": [ 10, 1, 12 ],
			"faces": {
				"down": { "uv": [ 9, 8, 10, 9 ], "texture": "#0" },
				"up": { "uv": [ 9, 8, 10, 9 ], "texture": "#0" },
				"north": { "uv": [ 7, 7, 8, 8 ], "texture": "#0" },
				"south": { "uv": [ 9, 8, 10, 9 ], "texture": "#0" },
				"west": { "uv": [ 9, 8, 10, 9 ], "texture": "#0" },
				"east": { "uv": [ 9, 8, 10, 9 ], "texture": "#0" }
			}
		},
		{
			"from": [ 10, 0, 10 ],
			"to": [ 11, 1, 11 ],
			"faces": {
				"down": { "uv": [ 9, 8, 10, 9 ], "texture": "#0" },
				"up": { "uv": [ 9, 8, 10, 9 ], "texture": "#0" },
				"north": { "uv": [ 7, 7, 8, 8 ], "texture": "#0" },
				"south": { "uv": [ 9, 8, 10, 9 ], "texture": "#0" },
				"west": { "uv": [ 9, 8, 10, 9 ], "texture": "#0" },
				"east": { "uv": [ 9, 8, 10, 9 ], "texture": "#0" }
			}
		},
		{
			"from": [ 7, 0, 9 ],
			"to": [ 8, 1, 10 ],
			"faces": {
				"down": { "uv": [ 9, 8, 10, 9 ], "texture": "#0" },
				"up": { "uv": [ 9, 8, 10, 9 ], "texture": "#0" },
				"north": { "uv": [ 7, 7, 8, 8 ], "texture": "#0" },
				"south": { "uv": [ 9, 8, 10, 9 ], "texture": "#0" },
				"west": { "uv": [ 9, 8, 10, 9 ], "texture": "#0" },
				"east": { "uv": [ 9, 8, 10, 9 ], "texture": "#0" }
			}
		},
		{
			"from": [ 8, 0, 8 ],
			"to": [ 9, 1, 9 ],
			"faces": {
				"down": { "uv": [ 9, 8, 10, 9 ], "texture": "#0" },
				"up": { "uv": [ 9, 8, 10, 9 ], "texture": "#0" },
				"north": { "uv": [ 7, 7, 8, 8 ], "texture": "#0" },
				"south": { "uv": [ 9, 8, 10, 9 ], "texture": "#0" },
				"west": { "uv": [ 9, 8, 10, 9 ], "texture": "#0" },
				"east": { "uv": [ 9, 8, 10, 9 ], "texture": "#0" }
			}
		},
		{
			"from": [ 9, 0, 7 ],
			"to": [ 10, 1, 8 ],
			"faces": {
				"down": { "uv": [ 9, 4, 10, 5 ], "texture": "#0" },
				"up": { "uv": [ 9, 4, 10, 5 ], "texture": "#0" },
				"north": { "uv": [ 9, 4, 10, 5 ], "texture": "#0" },
				"south": { "uv": [ 9, 4, 10, 5 ], "texture": "#0" },
				"west": { "uv": [ 9, 4, 10, 5 ], "texture": "#0" },
				"east": { "uv": [ 9, 4, 10, 5 ], "texture": "#0" }
			}
		},
		{
			"from": [ 10, 0, 6 ],
			"to": [ 11, 1, 7 ],
			"faces": {
				"down": { "uv": [ 9, 4, 10, 5 ], "texture": "#0" },
				"up": { "uv": [ 9, 4, 10, 5 ], "texture": "#0" },
				"north": { "uv": [ 9, 4, 10, 5 ], "texture": "#0" },
				"south": { "uv": [ 9, 4, 10, 5 ], "texture": "#0" },
				"west": { "uv": [ 9, 4, 10, 5 ], "texture": "#0" },
				"east": { "uv": [ 9, 4, 10, 5 ], "texture": "#0" }
			}
		},
		{
			"from": [ 11, 0, 5 ],
			"to": [ 12, 1, 6 ],
			"faces": {
				"down": { "uv": [ 9, 4, 10, 5 ], "texture": "#0" },
				"up": { "uv": [ 9, 4, 10, 5 ], "texture": "#0" },
				"north": { "uv": [ 9, 4, 10, 5 ], "texture": "#0" },
				"south": { "uv": [ 9, 4, 10, 5 ], "texture": "#0" },
				"west": { "uv": [ 9, 4, 10, 5 ], "texture": "#0" },
				"east": { "uv": [ 9, 4, 10, 5 ], "texture": "#0" }
			}
		},
		{
			"from": [ 12, 0, 4 ],
			"to": [ 13, 1, 5 ],
			"faces": {
				"down": { "uv": [ 9, 4, 10, 5 ], "texture": "#0" },
				"up": { "uv": [ 9, 4, 10, 5 ], "texture": "#0" },
				"north": { "uv": [ 9, 4, 10, 5 ], "texture": "#0" },
				"south": { "uv": [ 9, 4, 10, 5 ], "texture": "#0" },
				"west": { "uv": [ 9, 4, 10, 5 ], "texture": "#0" },
				"east": { "uv": [ 9, 4, 10, 5 ], "texture": "#0" }
			}
		},
		{
			"from": [ 13, 0, 3 ],
			"to": [ 14, 1, 4 ],
			"faces": {
				"down": { "uv": [ 9, 4, 10, 5 ], "texture": "#0" },
				"up": { "uv": [ 9, 4, 10, 5 ], "texture": "#0" },
				"north": { "uv": [ 9, 4, 10, 5 ], "texture": "#0" },
				"south": { "uv": [ 9, 4, 10, 5 ], "texture": "#0" },
				"west": { "uv": [ 9, 4, 10, 5 ], "texture": "#0" },
				"east": { "uv": [ 9, 4, 10, 5 ], "texture": "#0" }
			}
		},
		{
			"from": [ 14, 0, 2 ],
			"to": [ 15, 1, 3 ],
			"faces": {
				"down": { "uv": [ 9, 4, 10, 5 ], "texture": "#0" },
				"up": { "uv": [ 9, 4, 10, 5 ], "texture": "#0" },
				"north": { "uv": [ 9, 4, 10, 5 ], "texture": "#0" },
				"south": { "uv": [ 9, 4, 10, 5 ], "texture": "#0" },
				"west": { "uv": [ 9, 4, 10, 5 ], "texture": "#0" },
				"east": { "uv": [ 9, 4, 10, 5 ], "texture": "#0" }
			}
		},
		{
			"from": [ 15, 0, 1 ],
			"to": [ 16, 1, 2 ],
			"faces": {
				"down": { "uv": [ 9, 4, 10, 5 ], "texture": "#0" },
				"up": { "uv": [ 9, 4, 10, 5 ], "texture": "#0" },
				"north": { "uv": [ 9, 4, 10, 5 ], "texture": "#0" },
				"south": { "uv": [ 9, 4, 10, 5 ], "texture": "#0" },
				"west": { "uv": [ 9, 4, 10, 5 ], "texture": "#0" },
				"east": { "uv": [ 9, 4, 10, 5 ], "texture": "#0" }
			}
		},
		{
			"from": [ 16, 0, 0 ],
			"to": [ 17, 1, 1 ],
			"faces": {
				"down": { "uv": [ 9, 4, 10, 5 ], "texture": "#0" },
				"up": { "uv": [ 9, 4, 10, 5 ], "texture": "#0" },
				"north": { "uv": [ 9, 4, 10, 5 ], "texture": "#0" },
				"south": { "uv": [ 9, 4, 10, 5 ], "texture": "#0" },
				"west": { "uv": [ 9, 4, 10, 5 ], "texture": "#0" },
				"east": { "uv": [ 9, 4, 10, 5 ], "texture": "#0" }
			}
		},
		{
			"from": [ 17, 0, -1 ],
			"to": [ 18, 1, 0 ],
			"faces": {
				"down": { "uv": [ 9, 4, 10, 5 ], "texture": "#0" },
				"up": { "uv": [ 9, 4, 10, 5 ], "texture": "#0" },
				"north": { "uv": [ 9, 4, 10, 5 ], "texture": "#0" },
				"south": { "uv": [ 9, 4, 10, 5 ], "texture": "#0" },
				"west": { "uv": [ 9, 4, 10, 5 ], "texture": "#0" },
				"east": { "uv": [ 9, 4, 10, 5 ], "texture": "#0" }
			}
		},
		{
			"from": [ 18, 0, -2 ],
			"to": [ 19, 1, -1 ],
			"faces": {
				"down": { "uv": [ 9, 4, 10, 5 ], "texture": "#0" },
				"up": { "uv": [ 9, 4, 10, 5 ], "texture": "#0" },
				"north": { "uv": [ 9, 4, 10, 5 ], "texture": "#0" },
				"south": { "uv": [ 9, 4, 10, 5 ], "texture": "#0" },
				"west": { "uv": [ 9, 4, 10, 5 ], "texture": "#0" },
				"east": { "uv": [ 9, 4, 10, 5 ], "texture": "#0" }
			}
		},
		{
			"from": [ 20, 0, 0 ],
			"to": [ 21, 1, 1 ],
			"faces": {
				"down": { "uv": [ 9, 4, 10, 5 ], "texture": "#0" },
				"up": { "uv": [ 9, 4, 10, 5 ], "texture": "#0" },
				"north": { "uv": [ 9, 4, 10, 5 ], "texture": "#0" },
				"south": { "uv": [ 9, 4, 10, 5 ], "texture": "#0" },
				"west": { "uv": [ 9, 4, 10, 5 ], "texture": "#0" },
				"east": { "uv": [ 9, 4, 10, 5 ], "texture": "#0" }
			}
		},
		{
			"from": [ 19, 0, 1 ],
			"to": [ 20, 1, 2 ],
			"faces": {
				"down": { "uv": [ 9, 4, 10, 5 ], "texture": "#0" },
				"up": { "uv": [ 9, 4, 10, 5 ], "texture": "#0" },
				"north": { "uv": [ 9, 4, 10, 5 ], "texture": "#0" },
				"south": { "uv": [ 9, 4, 10, 5 ], "texture": "#0" },
				"west": { "uv": [ 9, 4, 10, 5 ], "texture": "#0" },
				"east": { "uv": [ 9, 4, 10, 5 ], "texture": "#0" }
			}
		},
		{
			"from": [ 18, 0, 2 ],
			"to": [ 19, 1, 3 ],
			"faces": {
				"down": { "uv": [ 9, 4, 10, 5 ], "texture": "#0" },
				"up": { "uv": [ 9, 4, 10, 5 ], "texture": "#0" },
				"north": { "uv": [ 9, 4, 10, 5 ], "texture": "#0" },
				"south": { "uv": [ 9, 4, 10, 5 ], "texture": "#0" },
				"west": { "uv": [ 9, 4, 10, 5 ], "texture": "#0" },
				"east": { "uv": [ 9, 4, 10, 5 ], "texture": "#0" }
			}
		},
		{
			"from": [ 17, 0, 3 ],
			"to": [ 18, 1, 4 ],
			"faces": {
				"down": { "uv": [ 9, 4, 10, 5 ], "texture": "#0" },
				"up": { "uv": [ 9, 4, 10, 5 ], "texture": "#0" },
				"north": { "uv": [ 9, 4, 10, 5 ], "texture": "#0" },
				"south": { "uv": [ 9, 4, 10, 5 ], "texture": "#0" },
				"west": { "uv": [ 9, 4, 10, 5 ], "texture": "#0" },
				"east": { "uv": [ 9, 4, 10, 5 ], "texture": "#0" }
			}
		},
		{
			"from": [ 16, 0, 4 ],
			"to": [ 17, 1, 5 ],
			"faces": {
				"down": { "uv": [ 9, 4, 10, 5 ], "texture": "#0" },
				"up": { "uv": [ 9, 4, 10, 5 ], "texture": "#0" },
				"north": { "uv": [ 9, 4, 10, 5 ], "texture": "#0" },
				"south": { "uv": [ 9, 4, 10, 5 ], "texture": "#0" },
				"west": { "uv": [ 9, 4, 10, 5 ], "texture": "#0" },
				"east": { "uv": [ 9, 4, 10, 5 ], "texture": "#0" }
			}
		},
		{
			"from": [ 15, 0, 5 ],
			"to": [ 16, 1, 6 ],
			"faces": {
				"down": { "uv": [ 9, 4, 10, 5 ], "texture": "#0" },
				"up": { "uv": [ 9, 4, 10, 5 ], "texture": "#0" },
				"north": { "uv": [ 9, 4, 10, 5 ], "texture": "#0" },
				"south": { "uv": [ 9, 4, 10, 5 ], "texture": "#0" },
				"west": { "uv": [ 9, 4, 10, 5 ], "texture": "#0" },
				"east": { "uv": [ 9, 4, 10, 5 ], "texture": "#0" }
			}
		},
		{
			"from": [ 14, 0, 6 ],
			"to": [ 15, 1, 7 ],
			"faces": {
				"down": { "uv": [ 9, 4, 10, 5 ], "texture": "#0" },
				"up": { "uv": [ 9, 4, 10, 5 ], "texture": "#0" },
				"north": { "uv": [ 9, 4, 10, 5 ], "texture": "#0" },
				"south": { "uv": [ 9, 4, 10, 5 ], "texture": "#0" },
				"west": { "uv": [ 9, 4, 10, 5 ], "texture": "#0" },
				"east": { "uv": [ 9, 4, 10, 5 ], "texture": "#0" }
			}
		},
		{
			"from": [ 13, 0, 7 ],
			"to": [ 14, 1, 8 ],
			"faces": {
				"down": { "uv": [ 9, 4, 10, 5 ], "texture": "#0" },
				"up": { "uv": [ 9, 4, 10, 5 ], "texture": "#0" },
				"north": { "uv": [ 9, 4, 10, 5 ], "texture": "#0" },
				"south": { "uv": [ 9, 4, 10, 5 ], "texture": "#0" },
				"west": { "uv": [ 9, 4, 10, 5 ], "texture": "#0" },
				"east": { "uv": [ 9, 4, 10, 5 ], "texture": "#0" }
			}
		},
		{
			"from": [ 12, 0, 8 ],
			"to": [ 13, 1, 9 ],
			"faces": {
				"down": { "uv": [ 9, 4, 10, 5 ], "texture": "#0" },
				"up": { "uv": [ 9, 4, 10, 5 ], "texture": "#0" },
				"north": { "uv": [ 9, 4, 10, 5 ], "texture": "#0" },
				"south": { "uv": [ 9, 4, 10, 5 ], "texture": "#0" },
				"west": { "uv": [ 9, 4, 10, 5 ], "texture": "#0" },
				"east": { "uv": [ 9, 4, 10, 5 ], "texture": "#0" }
			}
		},
		{
			"from": [ 11, 0, 9 ],
			"to": [ 12, 1, 10 ],
			"faces": {
				"down": { "uv": [ 9, 4, 10, 5 ], "texture": "#0" },
				"up": { "uv": [ 9, 4, 10, 5 ], "texture": "#0" },
				"north": { "uv": [ 9, 4, 10, 5 ], "texture": "#0" },
				"south": { "uv": [ 9, 4, 10, 5 ], "texture": "#0" },
				"west": { "uv": [ 9, 4, 10, 5 ], "texture": "#0" },
				"east": { "uv": [ 9, 4, 10, 5 ], "texture": "#0" }
			}
		},
		{
			"from": [ 9, 0, 10 ],
			"to": [ 10, 1, 11 ],
			"faces": {
				"down": { "uv": [ 9, 7, 10, 8 ], "texture": "#0" },
				"up": { "uv": [ 9, 7, 10, 8 ], "texture": "#0" },
				"north": { "uv": [ 9, 7, 10, 8 ], "texture": "#0" },
				"south": { "uv": [ 9, 7, 10, 8 ], "texture": "#0" },
				"west": { "uv": [ 9, 7, 10, 8 ], "texture": "#0" },
				"east": { "uv": [ 9, 7, 10, 8 ], "texture": "#0" }
			}
		},
		{
			"from": [ 10, 0, 9 ],
			"to": [ 11, 1, 10 ],
			"faces": {
				"down": { "uv": [ 9, 7, 10, 8 ], "texture": "#0" },
				"up": { "uv": [ 9, 7, 10, 8 ], "texture": "#0" },
				"north": { "uv": [ 9, 7, 10, 8 ], "texture": "#0" },
				"south": { "uv": [ 9, 7, 10, 8 ], "texture": "#0" },
				"west": { "uv": [ 9, 7, 10, 8 ], "texture": "#0" },
				"east": { "uv": [ 9, 7, 10, 8 ], "texture": "#0" }
			}
		},
		{
			"from": [ 11, 0, 8 ],
			"to": [ 12, 1, 9 ],
			"faces": {
				"down": { "uv": [ 9, 7, 10, 8 ], "texture": "#0" },
				"up": { "uv": [ 9, 7, 10, 8 ], "texture": "#0" },
				"north": { "uv": [ 9, 7, 10, 8 ], "texture": "#0" },
				"south": { "uv": [ 9, 7, 10, 8 ], "texture": "#0" },
				"west": { "uv": [ 9, 7, 10, 8 ], "texture": "#0" },
				"east": { "uv": [ 9, 7, 10, 8 ], "texture": "#0" }
			}
		},
		{
			"from": [ 12, 0, 7 ],
			"to": [ 13, 1, 8 ],
			"faces": {
				"down": { "uv": [ 9, 7, 10, 8 ], "texture": "#0" },
				"up": { "uv": [ 9, 7, 10, 8 ], "texture": "#0" },
				"north": { "uv": [ 9, 7, 10, 8 ], "texture": "#0" },
				"south": { "uv": [ 9, 7, 10, 8 ], "texture": "#0" },
				"west": { "uv": [ 9, 7, 10, 8 ], "texture": "#0" },
				"east": { "uv": [ 9, 7, 10, 8 ], "texture": "#0" }
			}
		},
		{
			"from": [ 13, 0, 6 ],
			"to": [ 14, 1, 7 ],
			"faces": {
				"down": { "uv": [ 9, 7, 10, 8 ], "texture": "#0" },
				"up": { "uv": [ 9, 7, 10, 8 ], "texture": "#0" },
				"north": { "uv": [ 9, 7, 10, 8 ], "texture": "#0" },
				"south": { "uv": [ 9, 7, 10, 8 ], "texture": "#0" },
				"west": { "uv": [ 9, 7, 10, 8 ], "texture": "#0" },
				"east": { "uv": [ 9, 7, 10, 8 ], "texture": "#0" }
			}
		},
		{
			"from": [ 14, 0, 5 ],
			"to": [ 15, 1, 6 ],
			"faces": {
				"down": { "uv": [ 9, 7, 10, 8 ], "texture": "#0" },
				"up": { "uv": [ 9, 7, 10, 8 ], "texture": "#0" },
				"north": { "uv": [ 9, 7, 10, 8 ], "texture": "#0" },
				"south": { "uv": [ 9, 7, 10, 8 ], "texture": "#0" },
				"west": { "uv": [ 9, 7, 10, 8 ], "texture": "#0" },
				"east": { "uv": [ 9, 7, 10, 8 ], "texture": "#0" }
			}
		},
		{
			"from": [ 15, 0, 4 ],
			"to": [ 16, 1, 5 ],
			"faces": {
				"down": { "uv": [ 9, 7, 10, 8 ], "texture": "#0" },
				"up": { "uv": [ 9, 7, 10, 8 ], "texture": "#0" },
				"north": { "uv": [ 9, 7, 10, 8 ], "texture": "#0" },
				"south": { "uv": [ 9, 7, 10, 8 ], "texture": "#0" },
				"west": { "uv": [ 9, 7, 10, 8 ], "texture": "#0" },
				"east": { "uv": [ 9, 7, 10, 8 ], "texture": "#0" }
			}
		},
		{
			"from": [ 16, 0, 3 ],
			"to": [ 17, 1, 4 ],
			"faces": {
				"down": { "uv": [ 9, 7, 10, 8 ], "texture": "#0" },
				"up": { "uv": [ 9, 7, 10, 8 ], "texture": "#0" },
				"north": { "uv": [ 9, 7, 10, 8 ], "texture": "#0" },
				"south": { "uv": [ 9, 7, 10, 8 ], "texture": "#0" },
				"west": { "uv": [ 9, 7, 10, 8 ], "texture": "#0" },
				"east": { "uv": [ 9, 7, 10, 8 ], "texture": "#0" }
			}
		},
		{
			"from": [ 17, 0, 2 ],
			"to": [ 18, 1, 3 ],
			"faces": {
				"down": { "uv": [ 9, 7, 10, 8 ], "texture": "#0" },
				"up": { "uv": [ 9, 7, 10, 8 ], "texture": "#0" },
				"north": { "uv": [ 9, 7, 10, 8 ], "texture": "#0" },
				"south": { "uv": [ 9, 7, 10, 8 ], "texture": "#0" },
				"west": { "uv": [ 9, 7, 10, 8 ], "texture": "#0" },
				"east": { "uv": [ 9, 7, 10, 8 ], "texture": "#0" }
			}
		},
		{
			"from": [ 18, 0, 1 ],
			"to": [ 19, 1, 2 ],
			"faces": {
				"down": { "uv": [ 9, 7, 10, 8 ], "texture": "#0" },
				"up": { "uv": [ 9, 7, 10, 8 ], "texture": "#0" },
				"north": { "uv": [ 9, 7, 10, 8 ], "texture": "#0" },
				"south": { "uv": [ 9, 7, 10, 8 ], "texture": "#0" },
				"west": { "uv": [ 9, 7, 10, 8 ], "texture": "#0" },
				"east": { "uv": [ 9, 7, 10, 8 ], "texture": "#0" }
			}
		},
		{
			"from": [ 19, 0, 0 ],
			"to": [ 20, 1, 1 ],
			"faces": {
				"down": { "uv": [ 9, 7, 10, 8 ], "texture": "#0" },
				"up": { "uv": [ 9, 7, 10, 8 ], "texture": "#0" },
				"north": { "uv": [ 9, 7, 10, 8 ], "texture": "#0" },
				"south": { "uv": [ 9, 7, 10, 8 ], "texture": "#0" },
				"west": { "uv": [ 9, 7, 10, 8 ], "texture": "#0" },
				"east": { "uv": [ 9, 7, 10, 8 ], "texture": "#0" }
			}
		},
		{
			"from": [ 18, 0, -1 ],
			"to": [ 19, 1, 0 ],
			"faces": {
				"down": { "uv": [ 9, 7, 10, 8 ], "texture": "#0" },
				"up": { "uv": [ 9, 7, 10, 8 ], "texture": "#0" },
				"north": { "uv": [ 9, 7, 10, 8 ], "texture": "#0" },
				"south": { "uv": [ 9, 7, 10, 8 ], "texture": "#0" },
				"west": { "uv": [ 9, 7, 10, 8 ], "texture": "#0" },
				"east": { "uv": [ 9, 7, 10, 8 ], "texture": "#0" }
			}
		},
		{
			"from": [ 17, 0, 0 ],
			"to": [ 18, 1, 1 ],
			"faces": {
				"down": { "uv": [ 9, 7, 10, 8 ], "texture": "#0" },
				"up": { "uv": [ 9, 7, 10, 8 ], "texture": "#0" },
				"north": { "uv": [ 9, 7, 10, 8 ], "texture": "#0" },
				"south": { "uv": [ 9, 7, 10, 8 ], "texture": "#0" },
				"west": { "uv": [ 9, 7, 10, 8 ], "texture": "#0" },
				"east": { "uv": [ 9, 7, 10, 8 ], "texture": "#0" }
			}
		},
		{
			"from": [ 16, 0, 1 ],
			"to": [ 17, 1, 2 ],
			"faces": {
				"down": { "uv": [ 9, 7, 10, 8 ], "texture": "#0" },
				"up": { "uv": [ 9, 7, 10, 8 ], "texture": "#0" },
				"north": { "uv": [ 9, 7, 10, 8 ], "texture": "#0" },
				"south": { "uv": [ 9, 7, 10, 8 ], "texture": "#0" },
				"west": { "uv": [ 9, 7, 10, 8 ], "texture": "#0" },
				"east": { "uv": [ 9, 7, 10, 8 ], "texture": "#0" }
			}
		},
		{
			"from": [ 15, 0, 2 ],
			"to": [ 16, 1, 3 ],
			"faces": {
				"down": { "uv": [ 9, 7, 10, 8 ], "texture": "#0" },
				"up": { "uv": [ 9, 7, 10, 8 ], "texture": "#0" },
				"north": { "uv": [ 9, 7, 10, 8 ], "texture": "#0" },
				"south": { "uv": [ 9, 7, 10, 8 ], "texture": "#0" },
				"west": { "uv": [ 9, 7, 10, 8 ], "texture": "#0" },
				"east": { "uv": [ 9, 7, 10, 8 ], "texture": "#0" }
			}
		},
		{
			"from": [ 14, 0, 3 ],
			"to": [ 15, 1, 4 ],
			"faces": {
				"down": { "uv": [ 9, 7, 10, 8 ], "texture": "#0" },
				"up": { "uv": [ 9, 7, 10, 8 ], "texture": "#0" },
				"north": { "uv": [ 9, 7, 10, 8 ], "texture": "#0" },
				"south": { "uv": [ 9, 7, 10, 8 ], "texture": "#0" },
				"west": { "uv": [ 9, 7, 10, 8 ], "texture": "#0" },
				"east": { "uv": [ 9, 7, 10, 8 ], "texture": "#0" }
			}
		},
		{
			"from": [ 13, 0, 4 ],
			"to": [ 14, 1, 5 ],
			"faces": {
				"down": { "uv": [ 9, 7, 10, 8 ], "texture": "#0" },
				"up": { "uv": [ 9, 7, 10, 8 ], "texture": "#0" },
				"north": { "uv": [ 9, 7, 10, 8 ], "texture": "#0" },
				"south": { "uv": [ 9, 7, 10, 8 ], "texture": "#0" },
				"west": { "uv": [ 9, 7, 10, 8 ], "texture": "#0" },
				"east": { "uv": [ 9, 7, 10, 8 ], "texture": "#0" }
			}
		},
		{
			"from": [ 12, 0, 5 ],
			"to": [ 13, 1, 6 ],
			"faces": {
				"down": { "uv": [ 9, 7, 10, 8 ], "texture": "#0" },
				"up": { "uv": [ 9, 7, 10, 8 ], "texture": "#0" },
				"north": { "uv": [ 9, 7, 10, 8 ], "texture": "#0" },
				"south": { "uv": [ 9, 7, 10, 8 ], "texture": "#0" },
				"west": { "uv": [ 9, 7, 10, 8 ], "texture": "#0" },
				"east": { "uv": [ 9, 7, 10, 8 ], "texture": "#0" }
			}
		},
		{
			"from": [ 11, 0, 6 ],
			"to": [ 12, 1, 7 ],
			"faces": {
				"down": { "uv": [ 9, 7, 10, 8 ], "texture": "#0" },
				"up": { "uv": [ 9, 7, 10, 8 ], "texture": "#0" },
				"north": { "uv": [ 9, 7, 10, 8 ], "texture": "#0" },
				"south": { "uv": [ 9, 7, 10, 8 ], "texture": "#0" },
				"west": { "uv": [ 9, 7, 10, 8 ], "texture": "#0" },
				"east": { "uv": [ 9, 7, 10, 8 ], "texture": "#0" }
			}
		},
		{
			"from": [ 10, 0, 7 ],
			"to": [ 11, 1, 8 ],
			"faces": {
				"down": { "uv": [ 9, 7, 10, 8 ], "texture": "#0" },
				"up": { "uv": [ 9, 7, 10, 8 ], "texture": "#0" },
				"north": { "uv": [ 9, 7, 10, 8 ], "texture": "#0" },
				"south": { "uv": [ 9, 7, 10, 8 ], "texture": "#0" },
				"west": { "uv": [ 9, 7, 10, 8 ], "texture": "#0" },
				"east": { "uv": [ 9, 7, 10, 8 ], "texture": "#0" }
			}
		},
		{
			"from": [ 9, 0, 8 ],
			"to": [ 10, 1, 9 ],
			"faces": {
				"down": { "uv": [ 9, 7, 10, 8 ], "texture": "#0" },
				"up": { "uv": [ 9, 7, 10, 8 ], "texture": "#0" },
				"north": { "uv": [ 9, 7, 10, 8 ], "texture": "#0" },
				"south": { "uv": [ 9, 7, 10, 8 ], "texture": "#0" },
				"west": { "uv": [ 9, 7, 10, 8 ], "texture": "#0" },
				"east": { "uv": [ 9, 7, 10, 8 ], "texture": "#0" }
			}
		},
		{
			"from": [ 8, 0, 9 ],
			"to": [ 9, 1, 10 ],
			"faces": {
				"down": { "uv": [ 9, 7, 10, 8 ], "texture": "#0" },
				"up": { "uv": [ 9, 7, 10, 8 ], "texture": "#0" },
				"north": { "uv": [ 9, 7, 10, 8 ], "texture": "#0" },
				"south": { "uv": [ 9, 7, 10, 8 ], "texture": "#0" },
				"west": { "uv": [ 9, 7, 10, 8 ], "texture": "#0" },
				"east": { "uv": [ 9, 7, 10, 8 ], "texture": "#0" }
			}
		},
		{
			"from": [ 8, 0, 10 ],
			"to": [ 9, 1, 11 ],
			"faces": {
				"down": { "uv": [ 8, 7, 9, 8 ], "texture": "#0" },
				"up": { "uv": [ 8, 7, 9, 8 ], "texture": "#0" },
				"north": { "uv": [ 8, 7, 9, 8 ], "texture": "#0" },
				"south": { "uv": [ 8, 7, 9, 8 ], "texture": "#0" },
				"west": { "uv": [ 8, 7, 9, 8 ], "texture": "#0" },
				"east": { "uv": [ 8, 7, 9, 8 ], "texture": "#0" }
			}
		},
		{
			"from": [ 9, 0, 9 ],
			"to": [ 10, 1, 10 ],
			"faces": {
				"down": { "uv": [ 8, 7, 9, 8 ], "texture": "#0" },
				"up": { "uv": [ 8, 7, 9, 8 ], "texture": "#0" },
				"north": { "uv": [ 8, 7, 9, 8 ], "texture": "#0" },
				"south": { "uv": [ 8, 7, 9, 8 ], "texture": "#0" },
				"west": { "uv": [ 8, 7, 9, 8 ], "texture": "#0" },
				"east": { "uv": [ 8, 7, 9, 8 ], "texture": "#0" }
			}
		},
		{
			"from": [ 10, 0, 8 ],
			"to": [ 11, 1, 9 ],
			"faces": {
				"down": { "uv": [ 8, 7, 9, 8 ], "texture": "#0" },
				"up": { "uv": [ 8, 7, 9, 8 ], "texture": "#0" },
				"north": { "uv": [ 8, 7, 9, 8 ], "texture": "#0" },
				"south": { "uv": [ 8, 7, 9, 8 ], "texture": "#0" },
				"west": { "uv": [ 8, 7, 9, 8 ], "texture": "#0" },
				"east": { "uv": [ 8, 7, 9, 8 ], "texture": "#0" }
			}
		},
		{
			"from": [ 11, 0, 7 ],
			"to": [ 12, 1, 8 ],
			"faces": {
				"down": { "uv": [ 8, 7, 9, 8 ], "texture": "#0" },
				"up": { "uv": [ 8, 7, 9, 8 ], "texture": "#0" },
				"north": { "uv": [ 8, 7, 9, 8 ], "texture": "#0" },
				"south": { "uv": [ 8, 7, 9, 8 ], "texture": "#0" },
				"west": { "uv": [ 8, 7, 9, 8 ], "texture": "#0" },
				"east": { "uv": [ 8, 7, 9, 8 ], "texture": "#0" }
			}
		},
		{
			"from": [ 12, 0, 6 ],
			"to": [ 13, 1, 7 ],
			"faces": {
				"down": { "uv": [ 8, 7, 9, 8 ], "texture": "#0" },
				"up": { "uv": [ 8, 7, 9, 8 ], "texture": "#0" },
				"north": { "uv": [ 8, 7, 9, 8 ], "texture": "#0" },
				"south": { "uv": [ 8, 7, 9, 8 ], "texture": "#0" },
				"west": { "uv": [ 8, 7, 9, 8 ], "texture": "#0" },
				"east": { "uv": [ 8, 7, 9, 8 ], "texture": "#0" }
			}
		},
		{
			"from": [ 13, 0, 5 ],
			"to": [ 14, 1, 6 ],
			"faces": {
				"down": { "uv": [ 11, 4, 12, 5 ], "texture": "#0" },
				"up": { "uv": [ 11, 4, 12, 5 ], "texture": "#0" },
				"north": { "uv": [ 11, 4, 12, 5 ], "texture": "#0" },
				"south": { "uv": [ 11, 4, 12, 5 ], "texture": "#0" },
				"west": { "uv": [ 11, 4, 12, 5 ], "texture": "#0" },
				"east": { "uv": [ 11, 4, 12, 5 ], "texture": "#0" }
			}
		},
		{
			"from": [ 14, 0, 4 ],
			"to": [ 15, 1, 5 ],
			"faces": {
				"down": { "uv": [ 11, 4, 12, 5 ], "texture": "#0" },
				"up": { "uv": [ 11, 4, 12, 5 ], "texture": "#0" },
				"north": { "uv": [ 11, 4, 12, 5 ], "texture": "#0" },
				"south": { "uv": [ 11, 4, 12, 5 ], "texture": "#0" },
				"west": { "uv": [ 11, 4, 12, 5 ], "texture": "#0" },
				"east": { "uv": [ 11, 4, 12, 5 ], "texture": "#0" }
			}
		},
		{
			"from": [ 15, 0, 3 ],
			"to": [ 16, 1, 4 ],
			"faces": {
				"down": { "uv": [ 11, 4, 12, 5 ], "texture": "#0" },
				"up": { "uv": [ 11, 4, 12, 5 ], "texture": "#0" },
				"north": { "uv": [ 11, 4, 12, 5 ], "texture": "#0" },
				"south": { "uv": [ 11, 4, 12, 5 ], "texture": "#0" },
				"west": { "uv": [ 11, 4, 12, 5 ], "texture": "#0" },
				"east": { "uv": [ 11, 4, 12, 5 ], "texture": "#0" }
			}
		},
		{
			"from": [ 16, 0, 2 ],
			"to": [ 17, 1, 3 ],
			"faces": {
				"down": { "uv": [ 11, 4, 12, 5 ], "texture": "#0" },
				"up": { "uv": [ 11, 4, 12, 5 ], "texture": "#0" },
				"north": { "uv": [ 11, 4, 12, 5 ], "texture": "#0" },
				"south": { "uv": [ 11, 4, 12, 5 ], "texture": "#0" },
				"west": { "uv": [ 11, 4, 12, 5 ], "texture": "#0" },
				"east": { "uv": [ 11, 4, 12, 5 ], "texture": "#0" }
			}
		},
		{
			"from": [ 17, 0, 1 ],
			"to": [ 18, 1, 2 ],
			"faces": {
				"down": { "uv": [ 11, 4, 12, 5 ], "texture": "#0" },
				"up": { "uv": [ 11, 4, 12, 5 ], "texture": "#0" },
				"north": { "uv": [ 11, 4, 12, 5 ], "texture": "#0" },
				"south": { "uv": [ 11, 4, 12, 5 ], "texture": "#0" },
				"west": { "uv": [ 11, 4, 12, 5 ], "texture": "#0" },
				"east": { "uv": [ 11, 4, 12, 5 ], "texture": "#0" }
			}
		},
		{
			"from": [ 18, 0, 0 ],
			"to": [ 19, 1, 1 ],
			"faces": {
				"down": { "uv": [ 11, 4, 12, 5 ], "texture": "#0" },
				"up": { "uv": [ 11, 4, 12, 5 ], "texture": "#0" },
				"north": { "uv": [ 11, 4, 12, 5 ], "texture": "#0" },
				"south": { "uv": [ 11, 4, 12, 5 ], "texture": "#0" },
				"west": { "uv": [ 11, 4, 12, 5 ], "texture": "#0" },
				"east": { "uv": [ 11, 4, 12, 5 ], "texture": "#0" }
			}
		},
		{
			"from": [ 19, 0, -1 ],
			"to": [ 20, 1, 0 ],
			"faces": {
				"down": { "uv": [ 12, 3, 13, 4 ], "texture": "#0" },
				"up": { "uv": [ 12, 3, 13, 4 ], "texture": "#0" },
				"north": { "uv": [ 12, 3, 13, 4 ], "texture": "#0" },
				"south": { "uv": [ 12, 3, 13, 4 ], "texture": "#0" },
				"west": { "uv": [ 12, 3, 13, 4 ], "texture": "#0" },
				"east": { "uv": [ 12, 3, 13, 4 ], "texture": "#0" }
			}
		},
		{
			"from": [ 19, 0, -2 ],
			"to": [ 20, 1, -1 ],
			"faces": {
				"down": { "uv": [ 12, 2, 13, 3 ], "texture": "#0" },
				"up": { "uv": [ 12, 2, 13, 3 ], "texture": "#0" },
				"north": { "uv": [ 12, 2, 13, 3 ], "texture": "#0" },
				"south": { "uv": [ 12, 2, 13, 3 ], "texture": "#0" },
				"west": { "uv": [ 12, 2, 13, 3 ], "texture": "#0" },
				"east": { "uv": [ 12, 2, 13, 3 ], "texture": "#0" }
			}
		},
		{
			"from": [ 20, 0, -2 ],
			"to": [ 21, 1, -1 ],
			"faces": {
				"down": { "uv": [ 12, 2, 13, 3 ], "texture": "#0" },
				"up": { "uv": [ 12, 2, 13, 3 ], "texture": "#0" },
				"north": { "uv": [ 12, 2, 13, 3 ], "texture": "#0" },
				"south": { "uv": [ 12, 2, 13, 3 ], "texture": "#0" },
				"west": { "uv": [ 12, 2, 13, 3 ], "texture": "#0" },
				"east": { "uv": [ 12, 2, 13, 3 ], "texture": "#0" }
			}
		},
		{
			"from": [ 20, 0, -1 ],
			"to": [ 21, 1, 0 ],
			"faces": {
				"down": { "uv": [ 12, 2, 13, 3 ], "texture": "#0" },
				"up": { "uv": [ 12, 2, 13, 3 ], "texture": "#0" },
				"north": { "uv": [ 12, 2, 13, 3 ], "texture": "#0" },
				"south": { "uv": [ 12, 2, 13, 3 ], "texture": "#0" },
				"west": { "uv": [ 12, 2, 13, 3 ], "texture": "#0" },
				"east": { "uv": [ 12, 2, 13, 3 ], "texture": "#0" }
			}
		},
		{
			"from": [ 3, 0, 14 ],
			"to": [ 4, 1, 15 ],
			"faces": {
				"down": { "uv": [ 1, 13, 2, 14 ], "texture": "#0" },
				"up": { "uv": [ 1, 13, 2, 14 ], "texture": "#0" },
				"north": { "uv": [ 1, 13, 2, 14 ], "texture": "#0" },
				"south": { "uv": [ 1, 13, 2, 14 ], "texture": "#0" },
				"west": { "uv": [ 1, 13, 2, 14 ], "texture": "#0" },
				"east": { "uv": [ 1, 13, 2, 14 ], "texture": "#0" }
			}
		},
		{
			"from": [ 3, 0, 15 ],
			"to": [ 4, 1, 16 ],
			"faces": {
				"down": { "uv": [ 3, 12, 4, 13 ], "texture": "#0" },
				"up": { "uv": [ 3, 12, 4, 13 ], "texture": "#0" },
				"north": { "uv": [ 3, 12, 4, 13 ], "texture": "#0" },
				"south": { "uv": [ 3, 12, 4, 13 ], "texture": "#0" },
				"west": { "uv": [ 3, 12, 4, 13 ], "texture": "#0" },
				"east": { "uv": [ 3, 12, 4, 13 ], "texture": "#0" }
			}
		},
		{
			"from": [ 3, 0, 16 ],
			"to": [ 4, 1, 17 ],
			"faces": {
				"down": { "uv": [ 3, 13, 4, 14 ], "texture": "#0" },
				"up": { "uv": [ 3, 13, 4, 14 ], "texture": "#0" },
				"north": { "uv": [ 3, 13, 4, 14 ], "texture": "#0" },
				"south": { "uv": [ 3, 13, 4, 14 ], "texture": "#0" },
				"west": { "uv": [ 3, 13, 4, 14 ], "texture": "#0" },
				"east": { "uv": [ 3, 13, 4, 14 ], "texture": "#0" }
			}
		}
	],
	"display": {
		"thirdperson_righthand": {
			"rotation":  [ 60, 0, 90 ],
			"translation":  [ -7.5, 6.9564, 1.9129 ],
			"scale":  [ 0.9, 0.9, 0.9 ]
		},
		"thirdperson_lefthand": {
			"rotation":  [ 145, 0, 90 ],
			"translation":  [ -7.5, 6.9563, 4.6956 ],
			"scale":  [ 0.9, 0.9, 0.9 ]
		},
		"firstperson_righthand": {
			"rotation":  [ 147, 7, -101 ],
			"translation":  [ 14.826, 2.6521, -6 ]
		},
		"firstperson_lefthand": {
			"rotation":  [ 41, 4, -90 ],
			"translation":  [ 11.826, 4.0434, -6.695 ]
		},
		"gui": {
			"rotation":  [ 0, -90, 90 ],
			"translation":  [ 0.6956, -0.694, -4.173 ],
			"scale":  [ 0.65, 0.65, 0.65 ]
		},
		"head": {
			"rotation":  [ -121, -1, 88 ],
			"translation":  [ 5.3, -3.5, 0 ],
			"scale":  [ 0.2, 0.2, 0.2 ]
		},
		"ground": {
			"rotation":  [ 0, 0, 90 ],
			"translation":  [ -5.5, 6.5, -2.086 ],
			"scale":  [ 0.75, 0.75, 0.75 ]
		},
		"fixed": {
			"rotation":  [ 90, 0, 0 ],
			"translation":  [ -0.695, 1.3913, 6.9565 ],
			"scale":  [ 0.8, 0.8, 0.8 ]
		}
	}
}