{
	"__comment": "Designed by Tanou with Cubik Studio - https://cubik.studio",
	"textures": {
		"texture": "./hallebarde_en_fer"
	},
	"elements": [ 	 
		{
			"__comment": "Box2",
			"from": [ -4, 0, 19 ],
			"to": [ -2, 1, 20 ],
			"faces": {
				"down": { "uv": [ 0, 15.5, 1, 16 ], "texture": "#texture" },
				"up": { "uv": [ 0, 15.5, 1, 16 ], "texture": "#texture" },
				"north": { "uv": [ 0, 15.5, 1, 16 ], "texture": "#texture" },
				"south": { "uv": [ 0, 15.5, 1, 16 ], "texture": "#texture" },
				"west": { "uv": [ 0, 15.5, 0.5, 16 ], "texture": "#texture" },
				"east": { "uv": [ 0.5, 15.5, 1, 16 ], "texture": "#texture" }
			}
		},
		{
			"__comment": "Box2",
			"from": [ -4, 0, 18 ],
			"to": [ -1, 1, 19 ],
			"faces": {
				"down": { "uv": [ 0, 15, 1.5, 15.5 ], "texture": "#texture" },
				"up": { "uv": [ 0, 15, 1.5, 15.5 ], "texture": "#texture" },
				"north": { "uv": [ 0, 15, 1.5, 15.5 ], "texture": "#texture" },
				"south": { "uv": [ 0, 15, 1.5, 15.5 ], "texture": "#texture" },
				"west": { "uv": [ 0, 15, 0.5, 15.5 ], "texture": "#texture" },
				"east": { "uv": [ 1, 15, 1.5, 15.5 ], "texture": "#texture" }
			}
		},
		{
			"__comment": "Box2",
			"from": [ -3, 0, 17 ],
			"to": [ 0, 1, 18 ],
			"faces": {
				"down": { "uv": [ 0.5, 14.5, 2, 15 ], "texture": "#texture" },
				"up": { "uv": [ 0.5, 14.5, 2, 15 ], "texture": "#texture" },
				"north": { "uv": [ 0.5, 14.5, 2, 15 ], "texture": "#texture" },
				"south": { "uv": [ 0.5, 14.5, 2, 15 ], "texture": "#texture" },
				"west": { "uv": [ 0.5, 14.5, 1, 15 ], "texture": "#texture" },
				"east": { "uv": [ 1.5, 14.5, 2, 15 ], "texture": "#texture" }
			}
		},
		{
			"__comment": "Box2",
			"from": [ -2, 0, 16 ],
			"to": [ 1, 1, 17 ],
			"faces": {
				"down": { "uv": [ 1, 14, 2.5, 14.5 ], "texture": "#texture" },
				"up": { "uv": [ 1, 14, 2.5, 14.5 ], "texture": "#texture" },
				"north": { "uv": [ 1, 14, 2.5, 14.5 ], "texture": "#texture" },
				"south": { "uv": [ 1, 14, 2.5, 14.5 ], "texture": "#texture" },
				"west": { "uv": [ 1, 14, 1.5, 14.5 ], "texture": "#texture" },
				"east": { "uv": [ 2, 14, 2.5, 14.5 ], "texture": "#texture" }
			}
		},
		{
			"__comment": "Box2",
			"from": [ 0, 0, 14 ],
			"to": [ 3, 1, 15 ],
			"faces": {
				"down": { "uv": [ 1, 14, 2.5, 14.5 ], "texture": "#texture" },
				"up": { "uv": [ 1, 14, 2.5, 14.5 ], "texture": "#texture" },
				"north": { "uv": [ 1, 14, 2.5, 14.5 ], "texture": "#texture" },
				"south": { "uv": [ 1, 14, 2.5, 14.5 ], "texture": "#texture" },
				"west": { "uv": [ 1, 14, 1.5, 14.5 ], "texture": "#texture" },
				"east": { "uv": [ 2, 14, 2.5, 14.5 ], "texture": "#texture" }
			}
		},
		{
			"__comment": "Box2",
			"from": [ 2, 0, 12 ],
			"to": [ 5, 1, 13 ],
			"faces": {
				"down": { "uv": [ 1, 14, 2.5, 14.5 ], "texture": "#texture" },
				"up": { "uv": [ 1, 14, 2.5, 14.5 ], "texture": "#texture" },
				"north": { "uv": [ 1, 14, 2.5, 14.5 ], "texture": "#texture" },
				"south": { "uv": [ 1, 14, 2.5, 14.5 ], "texture": "#texture" },
				"west": { "uv": [ 1, 14, 1.5, 14.5 ], "texture": "#texture" },
				"east": { "uv": [ 2, 14, 2.5, 14.5 ], "texture": "#texture" }
			}
		},
		{
			"__comment": "Box2",
			"from": [ -1, 0, 15 ],
			"to": [ 2, 1, 16 ],
			"faces": {
				"down": { "uv": [ 1.5, 13.5, 3, 14 ], "texture": "#texture" },
				"up": { "uv": [ 1.5, 13.5, 3, 14 ], "texture": "#texture" },
				"north": { "uv": [ 1.5, 13.5, 3, 14 ], "texture": "#texture" },
				"south": { "uv": [ 1.5, 13.5, 3, 14 ], "texture": "#texture" },
				"west": { "uv": [ 1, 14, 1.5, 14.5 ], "texture": "#texture" },
				"east": { "uv": [ 2, 14, 2.5, 14.5 ], "texture": "#texture" }
			}
		},
		{
			"__comment": "Box2",
			"from": [ 4, 0, 10 ],
			"to": [ 7, 1, 11 ],
			"faces": {
				"down": { "uv": [ 3, 12, 4.5, 12.5 ], "texture": "#texture" },
				"up": { "uv": [ 3, 12, 4.5, 12.5 ], "texture": "#texture" },
				"north": { "uv": [ 3, 12, 4.5, 12.5 ], "texture": "#texture" },
				"south": { "uv": [ 3, 12, 4.5, 12.5 ], "texture": "#texture" },
				"west": { "uv": [ 1, 14, 1.5, 14.5 ], "texture": "#texture" },
				"east": { "uv": [ 4.5, 11.5, 5, 12 ], "texture": "#texture" }
			}
		},
		{
			"__comment": "Box2",
			"from": [ 6, 0, 8 ],
			"to": [ 9, 1, 9 ],
			"faces": {
				"down": { "uv": [ 4, 11, 5.5, 11.5 ], "texture": "#texture" },
				"up": { "uv": [ 4, 11, 5.5, 11.5 ], "texture": "#texture" },
				"north": { "uv": [ 4, 11, 5.5, 11.5 ], "texture": "#texture" },
				"south": { "uv": [ 4, 11, 5.5, 11.5 ], "texture": "#texture" },
				"west": { "uv": [ 1, 14, 1.5, 14.5 ], "texture": "#texture" },
				"east": { "uv": [ 5, 11, 5.5, 11.5 ], "texture": "#texture" }
			}
		},
		{
			"__comment": "Box2",
			"from": [ 5, 0, 9 ],
			"to": [ 8, 1, 10 ],
			"faces": {
				"down": { "uv": [ 1, 14, 2.5, 14.5 ], "texture": "#texture" },
				"up": { "uv": [ 1, 14, 2.5, 14.5 ], "texture": "#texture" },
				"north": { "uv": [ 1, 14, 2.5, 14.5 ], "texture": "#texture" },
				"south": { "uv": [ 1, 14, 2.5, 14.5 ], "texture": "#texture" },
				"west": { "uv": [ 1, 14, 1.5, 14.5 ], "texture": "#texture" },
				"east": { "uv": [ 2, 14, 2.5, 14.5 ], "texture": "#texture" }
			}
		},
		{
			"__comment": "Box2",
			"from": [ 7, 0, 7 ],
			"to": [ 10, 1, 8 ],
			"faces": {
				"down": { "uv": [ 0, 15, 1.5, 15.5 ], "texture": "#texture" },
				"up": { "uv": [ 0, 15, 1.5, 15.5 ], "texture": "#texture" },
				"north": { "uv": [ 0, 15, 1.5, 15.5 ], "texture": "#texture" },
				"south": { "uv": [ 0, 15, 1.5, 15.5 ], "texture": "#texture" },
				"west": { "uv": [ 0, 15, 0.5, 15.5 ], "texture": "#texture" },
				"east": { "uv": [ 1, 15, 1.5, 15.5 ], "texture": "#texture" }
			}
		},
		{
			"__comment": "Box2",
			"from": [ 8, 0, 6 ],
			"to": [ 11, 1, 7 ],
			"faces": {
				"down": { "uv": [ 0, 15, 1.5, 15.5 ], "texture": "#texture" },
				"up": { "uv": [ 0, 15, 1.5, 15.5 ], "texture": "#texture" },
				"north": { "uv": [ 0, 15, 1.5, 15.5 ], "texture": "#texture" },
				"south": { "uv": [ 0, 15, 1.5, 15.5 ], "texture": "#texture" },
				"west": { "uv": [ 0, 15, 0.5, 15.5 ], "texture": "#texture" },
				"east": { "uv": [ 1, 15, 1.5, 15.5 ], "texture": "#texture" }
			}
		},
		{
			"__comment": "Box2",
			"from": [ 9, 0, 5 ],
			"to": [ 12, 1, 6 ],
			"faces": {
				"down": { "uv": [ 0, 15, 1.5, 15.5 ], "texture": "#texture" },
				"up": { "uv": [ 0, 15, 1.5, 15.5 ], "texture": "#texture" },
				"north": { "uv": [ 0, 15, 1.5, 15.5 ], "texture": "#texture" },
				"south": { "uv": [ 0, 15, 1.5, 15.5 ], "texture": "#texture" },
				"west": { "uv": [ 0, 15, 0.5, 15.5 ], "texture": "#texture" },
				"east": { "uv": [ 1, 15, 1.5, 15.5 ], "texture": "#texture" }
			}
		},
		{
			"__comment": "Box2",
			"from": [ 10, 0, 4 ],
			"to": [ 13, 1, 5 ],
			"faces": {
				"down": { "uv": [ 0, 15, 1.5, 15.5 ], "texture": "#texture" },
				"up": { "uv": [ 0, 15, 1.5, 15.5 ], "texture": "#texture" },
				"north": { "uv": [ 0, 15, 1.5, 15.5 ], "texture": "#texture" },
				"south": { "uv": [ 0, 15, 1.5, 15.5 ], "texture": "#texture" },
				"west": { "uv": [ 0, 15, 0.5, 15.5 ], "texture": "#texture" },
				"east": { "uv": [ 1, 15, 1.5, 15.5 ], "texture": "#texture" }
			}
		},
		{
			"__comment": "Box2",
			"from": [ 11, 0, 3 ],
			"to": [ 14, 1, 4 ],
			"faces": {
				"down": { "uv": [ 0, 15, 1.5, 15.5 ], "texture": "#texture" },
				"up": { "uv": [ 0, 15, 1.5, 15.5 ], "texture": "#texture" },
				"north": { "uv": [ 0, 15, 1.5, 15.5 ], "texture": "#texture" },
				"south": { "uv": [ 0, 15, 1.5, 15.5 ], "texture": "#texture" },
				"west": { "uv": [ 0, 15, 0.5, 15.5 ], "texture": "#texture" },
				"east": { "uv": [ 1, 15, 1.5, 15.5 ], "texture": "#texture" }
			}
		},
		{
			"__comment": "Box2",
			"from": [ 12, 0, 2 ],
			"to": [ 15, 1, 3 ],
			"faces": {
				"down": { "uv": [ 0.5, 14.5, 2, 15 ], "texture": "#texture" },
				"up": { "uv": [ 0.5, 14.5, 2, 15 ], "texture": "#texture" },
				"north": { "uv": [ 0.5, 14.5, 2, 15 ], "texture": "#texture" },
				"south": { "uv": [ 0.5, 14.5, 2, 15 ], "texture": "#texture" },
				"west": { "uv": [ 0.5, 14.5, 1, 15 ], "texture": "#texture" },
				"east": { "uv": [ 1.5, 14.5, 2, 15 ], "texture": "#texture" }
			}
		},
		{
			"__comment": "Box2",
			"from": [ 13, 0, 1 ],
			"to": [ 16, 1, 2 ],
			"faces": {
				"down": { "uv": [ 1, 14, 2.5, 14.5 ], "texture": "#texture" },
				"up": { "uv": [ 1, 14, 2.5, 14.5 ], "texture": "#texture" },
				"north": { "uv": [ 1, 14, 2.5, 14.5 ], "texture": "#texture" },
				"south": { "uv": [ 1, 14, 2.5, 14.5 ], "texture": "#texture" },
				"west": { "uv": [ 1, 14, 1.5, 14.5 ], "texture": "#texture" },
				"east": { "uv": [ 2, 14, 2.5, 14.5 ], "texture": "#texture" }
			}
		},
		{
			"__comment": "Box2",
			"from": [ 1, 0, 13 ],
			"to": [ 4, 1, 14 ],
			"faces": {
				"down": { "uv": [ 3, 12, 4.5, 12.5 ], "texture": "#texture" },
				"up": { "uv": [ 3, 12, 4.5, 12.5 ], "texture": "#texture" },
				"north": { "uv": [ 3, 12, 4.5, 12.5 ], "texture": "#texture" },
				"south": { "uv": [ 3, 12, 4.5, 12.5 ], "texture": "#texture" },
				"west": { "uv": [ 1, 14, 1.5, 14.5 ], "texture": "#texture" },
				"east": { "uv": [ 4.5, 11.5, 5, 12 ], "texture": "#texture" }
			}
		},
		{
			"__comment": "Box2",
			"from": [ 3, 0, 11 ],
			"to": [ 6, 1, 12 ],
			"faces": {
				"down": { "uv": [ 3, 12, 4.5, 12.5 ], "texture": "#texture" },
				"up": { "uv": [ 3, 12, 4.5, 12.5 ], "texture": "#texture" },
				"north": { "uv": [ 3, 12, 4.5, 12.5 ], "texture": "#texture" },
				"south": { "uv": [ 3, 12, 4.5, 12.5 ], "texture": "#texture" },
				"west": { "uv": [ 1, 14, 1.5, 14.5 ], "texture": "#texture" },
				"east": { "uv": [ 4.5, 11.5, 5, 12 ], "texture": "#texture" }
			}
		},
		{
			"__comment": "Box2",
			"from": [ 14, 0, 0 ],
			"to": [ 17, 1, 1 ],
			"faces": {
				"down": { "uv": [ 3, 12, 4.5, 12.5 ], "texture": "#texture" },
				"up": { "uv": [ 3, 12, 4.5, 12.5 ], "texture": "#texture" },
				"north": { "uv": [ 3, 12, 4.5, 12.5 ], "texture": "#texture" },
				"south": { "uv": [ 3, 12, 4.5, 12.5 ], "texture": "#texture" },
				"west": { "uv": [ 1, 14, 1.5, 14.5 ], "texture": "#texture" },
				"east": { "uv": [ 4.5, 11.5, 5, 12 ], "texture": "#texture" }
			}
		},
		{
			"__comment": "Box2",
			"from": [ 15, 0, -1 ],
			"to": [ 18, 1, 0 ],
			"faces": {
				"down": { "uv": [ 1, 14, 2.5, 14.5 ], "texture": "#texture" },
				"up": { "uv": [ 1, 14, 2.5, 14.5 ], "texture": "#texture" },
				"north": { "uv": [ 1, 14, 2.5, 14.5 ], "texture": "#texture" },
				"south": { "uv": [ 1, 14, 2.5, 14.5 ], "texture": "#texture" },
				"west": { "uv": [ 1, 14, 1.5, 14.5 ], "texture": "#texture" },
				"east": { "uv": [ 2, 14, 2.5, 14.5 ], "texture": "#texture" }
			}
		},
		{
			"__comment": "Box2",
			"from": [ 16, 0, -2 ],
			"to": [ 19, 1, -1 ],
			"faces": {
				"down": { "uv": [ 3, 12, 4.5, 12.5 ], "texture": "#texture" },
				"up": { "uv": [ 3, 12, 4.5, 12.5 ], "texture": "#texture" },
				"north": { "uv": [ 3, 12, 4.5, 12.5 ], "texture": "#texture" },
				"south": { "uv": [ 3, 12, 4.5, 12.5 ], "texture": "#texture" },
				"west": { "uv": [ 1, 14, 1.5, 14.5 ], "texture": "#texture" },
				"east": { "uv": [ 4.5, 11.5, 5, 12 ], "texture": "#texture" }
			}
		},
		{
			"__comment": "Box2",
			"from": [ 17, 0, -3 ],
			"to": [ 20, 1, -2 ],
			"faces": {
				"down": { "uv": [ 1, 14, 2.5, 14.5 ], "texture": "#texture" },
				"up": { "uv": [ 1, 14, 2.5, 14.5 ], "texture": "#texture" },
				"north": { "uv": [ 1, 14, 2.5, 14.5 ], "texture": "#texture" },
				"south": { "uv": [ 1, 14, 2.5, 14.5 ], "texture": "#texture" },
				"west": { "uv": [ 1, 14, 1.5, 14.5 ], "texture": "#texture" },
				"east": { "uv": [ 2, 14, 2.5, 14.5 ], "texture": "#texture" }
			}
		},
		{
			"__comment": "Box2",
			"from": [ 18, 0, -4 ],
			"to": [ 21, 1, -3 ],
			"faces": {
				"down": { "uv": [ 3, 12, 4.5, 12.5 ], "texture": "#texture" },
				"up": { "uv": [ 3, 12, 4.5, 12.5 ], "texture": "#texture" },
				"north": { "uv": [ 3, 12, 4.5, 12.5 ], "texture": "#texture" },
				"south": { "uv": [ 3, 12, 4.5, 12.5 ], "texture": "#texture" },
				"west": { "uv": [ 1, 14, 1.5, 14.5 ], "texture": "#texture" },
				"east": { "uv": [ 4.5, 11.5, 5, 12 ], "texture": "#texture" }
			}
		},
		{
			"__comment": "Box25",
			"from": [ 18, 0, -5 ],
			"to": [ 22, 1, -4 ],
			"faces": {
				"down": { "uv": [ 10.5, 4, 12.5, 4.5 ], "texture": "#texture" },
				"up": { "uv": [ 10.5, 4, 12.5, 4.5 ], "texture": "#texture" },
				"north": { "uv": [ 10.5, 4, 12.5, 4.5 ], "texture": "#texture" },
				"south": { "uv": [ 10.5, 4, 12.5, 4.5 ], "texture": "#texture" },
				"west": { "uv": [ 10.5, 4, 11, 4.5 ], "texture": "#texture" },
				"east": { "uv": [ 12, 4, 12.5, 4.5 ], "texture": "#texture" }
			}
		},
		{
			"__comment": "Box25",
			"from": [ 12, 0, -6 ],
			"to": [ 24, 1, -5 ],
			"faces": {
				"down": { "uv": [ 7.5, 3.5, 13.5, 4 ], "texture": "#texture" },
				"up": { "uv": [ 7.5, 3.5, 13.5, 4 ], "texture": "#texture" },
				"north": { "uv": [ 7.5, 3.5, 13.5, 4 ], "texture": "#texture" },
				"south": { "uv": [ 7.5, 3.5, 13.5, 4 ], "texture": "#texture" },
				"west": { "uv": [ 7.5, 3.5, 8, 4 ], "texture": "#texture" },
				"east": { "uv": [ 13, 3.5, 13.5, 4 ], "texture": "#texture" }
			}
		},
		{
			"__comment": "Box27",
			"from": [ 12, 0, -5 ],
			"to": [ 15, 1, -4 ],
			"faces": {
				"down": { "uv": [ 7.5, 4, 9, 4.5 ], "texture": "#texture" },
				"up": { "uv": [ 7.5, 4, 9, 4.5 ], "texture": "#texture" },
				"north": { "uv": [ 7.5, 4, 9, 4.5 ], "texture": "#texture" },
				"south": { "uv": [ 7.5, 4, 9, 4.5 ], "texture": "#texture" },
				"west": { "uv": [ 7.5, 4, 8, 4.5 ], "texture": "#texture" },
				"east": { "uv": [ 8.5, 4, 9, 4.5 ], "texture": "#texture" }
			}
		},
		{
			"__comment": "Box28",
			"from": [ 13, 0, -4 ],
			"to": [ 14, 1, -3 ],
			"faces": {
				"down": { "uv": [ 8, 4.5, 8.5, 5 ], "texture": "#texture" },
				"up": { "uv": [ 8, 4.5, 8.5, 5 ], "texture": "#texture" },
				"north": { "uv": [ 8, 4.5, 8.5, 5 ], "texture": "#texture" },
				"south": { "uv": [ 8, 4.5, 8.5, 5 ], "texture": "#texture" },
				"west": { "uv": [ 8, 4.5, 8.5, 5 ], "texture": "#texture" },
				"east": { "uv": [ 8, 4.5, 8.5, 5 ], "texture": "#texture" }
			}
		},
		{
			"__comment": "Box25",
			"from": [ 12, 0, -7 ],
			"to": [ 25, 1, -6 ],
			"faces": {
				"down": { "uv": [ 7.5, 3, 14, 3.5 ], "texture": "#texture" },
				"up": { "uv": [ 7.5, 3, 14, 3.5 ], "texture": "#texture" },
				"north": { "uv": [ 7.5, 3, 14, 3.5 ], "texture": "#texture" },
				"south": { "uv": [ 7.5, 3, 14, 3.5 ], "texture": "#texture" },
				"west": { "uv": [ 7.5, 3, 8, 3.5 ], "texture": "#texture" },
				"east": { "uv": [ 13.5, 3, 14, 3.5 ], "texture": "#texture" }
			}
		},
		{
			"__comment": "Box25",
			"from": [ 13, 0, -8 ],
			"to": [ 20, 1, -7 ],
			"faces": {
				"down": { "uv": [ 8, 2.5, 11.5, 3 ], "texture": "#texture" },
				"up": { "uv": [ 8, 2.5, 11.5, 3 ], "texture": "#texture" },
				"north": { "uv": [ 8, 2.5, 11.5, 3 ], "texture": "#texture" },
				"south": { "uv": [ 8, 2.5, 11.5, 3 ], "texture": "#texture" },
				"west": { "uv": [ 8, 2.5, 8.5, 3 ], "texture": "#texture" },
				"east": { "uv": [ 11, 2.5, 11.5, 3 ], "texture": "#texture" }
			}
		},
		{
			"__comment": "Box25",
			"from": [ 14, 0, -9 ],
			"to": [ 19, 1, -8 ],
			"faces": {
				"down": { "uv": [ 8.5, 2, 11, 2.5 ], "texture": "#texture" },
				"up": { "uv": [ 8.5, 2, 11, 2.5 ], "texture": "#texture" },
				"north": { "uv": [ 8.5, 2, 11, 2.5 ], "texture": "#texture" },
				"south": { "uv": [ 8.5, 2, 11, 2.5 ], "texture": "#texture" },
				"west": { "uv": [ 8.5, 2, 9, 2.5 ], "texture": "#texture" },
				"east": { "uv": [ 10.5, 2, 11, 2.5 ], "texture": "#texture" }
			}
		},
		{
			"__comment": "Box25",
			"from": [ 15, 0, -10 ],
			"to": [ 19, 1, -9 ],
			"faces": {
				"down": { "uv": [ 9, 1.5, 11, 2 ], "texture": "#texture" },
				"up": { "uv": [ 9, 1.5, 11, 2 ], "texture": "#texture" },
				"north": { "uv": [ 9, 1.5, 11, 2 ], "texture": "#texture" },
				"south": { "uv": [ 9, 1.5, 11, 2 ], "texture": "#texture" },
				"west": { "uv": [ 9, 1.5, 9.5, 2 ], "texture": "#texture" },
				"east": { "uv": [ 10.5, 1.5, 11, 2 ], "texture": "#texture" }
			}
		},
		{
			"__comment": "Box25",
			"from": [ 16, 0, -11 ],
			"to": [ 19, 1, -10 ],
			"faces": {
				"down": { "uv": [ 9.5, 1, 11, 1.5 ], "texture": "#texture" },
				"up": { "uv": [ 9.5, 1, 11, 1.5 ], "texture": "#texture" },
				"north": { "uv": [ 9.5, 1, 11, 1.5 ], "texture": "#texture" },
				"south": { "uv": [ 9.5, 1, 11, 1.5 ], "texture": "#texture" },
				"west": { "uv": [ 9.5, 1, 10, 1.5 ], "texture": "#texture" },
				"east": { "uv": [ 10.5, 1, 11, 1.5 ], "texture": "#texture" }
			}
		},
		{
			"__comment": "Box36",
			"from": [ 22, 0, -9 ],
			"to": [ 27, 1, -8 ],
			"faces": {
				"down": { "uv": [ 12.5, 2, 15, 2.5 ], "texture": "#texture" },
				"up": { "uv": [ 12.5, 2, 15, 2.5 ], "texture": "#texture" },
				"north": { "uv": [ 12.5, 2, 15, 2.5 ], "texture": "#texture" },
				"south": { "uv": [ 12.5, 2, 15, 2.5 ], "texture": "#texture" },
				"west": { "uv": [ 12.5, 2, 13, 2.5 ], "texture": "#texture" },
				"east": { "uv": [ 14.5, 2, 15, 2.5 ], "texture": "#texture" }
			}
		},
		{
			"__comment": "Box36",
			"from": [ 26, 0, -13 ],
			"to": [ 29, 1, -12 ],
			"faces": {
				"down": { "uv": [ 14.5, 0, 16, 0.5 ], "texture": "#texture" },
				"up": { "uv": [ 14.5, 0, 16, 0.5 ], "texture": "#texture" },
				"north": { "uv": [ 14.5, 0, 16, 0.5 ], "texture": "#texture" },
				"south": { "uv": [ 14.5, 0, 16, 0.5 ], "texture": "#texture" },
				"west": { "uv": [ 14.5, 0, 15, 0.5 ], "texture": "#texture" },
				"east": { "uv": [ 15.5, 0, 16, 0.5 ], "texture": "#texture" }
			}
		},
		{
			"__comment": "Box36",
			"from": [ 23, 0, -10 ],
			"to": [ 28, 1, -9 ],
			"faces": {
				"down": { "uv": [ 13, 1.5, 15.5, 2 ], "texture": "#texture" },
				"up": { "uv": [ 13, 1.5, 15.5, 2 ], "texture": "#texture" },
				"north": { "uv": [ 13, 1.5, 15.5, 2 ], "texture": "#texture" },
				"south": { "uv": [ 13, 1.5, 15.5, 2 ], "texture": "#texture" },
				"west": { "uv": [ 12.5, 2, 13, 2.5 ], "texture": "#texture" },
				"east": { "uv": [ 14.5, 2, 15, 2.5 ], "texture": "#texture" }
			}
		},
		{
			"__comment": "Box36",
			"from": [ 25, 0, -12 ],
			"to": [ 29, 1, -11 ],
			"faces": {
				"down": { "uv": [ 14, 0.5, 16, 1 ], "texture": "#texture" },
				"up": { "uv": [ 14, 0.5, 16, 1 ], "texture": "#texture" },
				"north": { "uv": [ 14, 0.5, 16, 1 ], "texture": "#texture" },
				"south": { "uv": [ 14, 0.5, 16, 1 ], "texture": "#texture" },
				"west": { "uv": [ 14, 0.5, 14.5, 1 ], "texture": "#texture" },
				"east": { "uv": [ 15.5, 0.5, 16, 1 ], "texture": "#texture" }
			}
		},
		{
			"__comment": "Box36",
			"from": [ 22, 0, -8 ],
			"to": [ 26, 1, -7 ],
			"faces": {
				"down": { "uv": [ 12.5, 2.5, 14.5, 3 ], "texture": "#texture" },
				"up": { "uv": [ 12.5, 2.5, 14.5, 3 ], "texture": "#texture" },
				"north": { "uv": [ 12.5, 2.5, 14.5, 3 ], "texture": "#texture" },
				"south": { "uv": [ 12.5, 2.5, 14.5, 3 ], "texture": "#texture" },
				"west": { "uv": [ 12.5, 2.5, 13, 3 ], "texture": "#texture" },
				"east": { "uv": [ 14, 2.5, 14.5, 3 ], "texture": "#texture" }
			}
		},
		{
			"__comment": "Box36",
			"from": [ 24, 0, -11 ],
			"to": [ 29, 1, -10 ],
			"faces": {
				"down": { "uv": [ 13.5, 1, 16, 1.5 ], "texture": "#texture" },
				"up": { "uv": [ 13.5, 1, 16, 1.5 ], "texture": "#texture" },
				"north": { "uv": [ 13.5, 1, 16, 1.5 ], "texture": "#texture" },
				"south": { "uv": [ 13.5, 1, 16, 1.5 ], "texture": "#texture" },
				"west": { "uv": [ 12.5, 2, 13, 2.5 ], "texture": "#texture" },
				"east": { "uv": [ 14.5, 2, 15, 2.5 ], "texture": "#texture" }
			}
		}
	]
,
"display": {
		"thirdperson_righthand": {
			"rotation":  [ 60, 0, 90 ],
			"translation":  [ -7.5, 7.6521, 4 ]
		},
		"thirdperson_lefthand": {
			"rotation":  [ 60, 0, -90 ],
			"translation":  [ 7.5, 7.6521, 4 ]
		},
		"firstperson_righthand": {
			"rotation":  [ 30, 0, 50 ],
			"translation":  [ 3, 11, -6 ]
		},
		"firstperson_lefthand": {
			"rotation":  [ 30, 0, -130 ],
			"translation":  [ 12.304, 1.3913, -9 ]
		},
		"gui": {
			"rotation":  [ 0, -90, 90 ],
			"translation":  [ 1.75, 2, -5.5 ],
			"scale":  [ 0.75, 0.75, 0.75 ]
		},
		"head": {
			"rotation":  [ -121, -1, 88 ],
			"translation":  [ 5.3, -3.5, 0 ],
			"scale":  [ 0.2, 0.2, 0.2 ]
		},
		"ground": {
			"rotation":  [ 0, 0, 90 ],
			"translation":  [ -5.5, 6.5, -2.086 ],
			"scale":  [ 0.75, 0.75, 0.75 ]
		},
		"fixed": {
			"rotation":  [ 90, 0, 0 ],
			"translation":  [ 3, 2, 8.5 ]
		}
	}}